{
  "trained_at": "2026-03-20T15:50:08.302143",
  "n_samples": 209,
  "n_features": 6,
  "feature_names": [
    "log1p_days_since_last",
    "n_correct",
    "n_wrong",
    "accuracy",
    "log1p_n_reviews",
    "log1p_days_since_first"
  ],
  "scaler_mean": [
    0.3238137242048184,
    1.5741626794258374,
    1.0956937799043063,
    0.5969412166780588,
    1.2205092082201352,
    0.4567763054045573
  ],
  "scaler_std": [
    0.4904386500205129,
    1.357418882063416,
    1.3939138461667813,
    0.42535409501676663,
    0.3998658569015455,
    0.5654240286280461
  ],
  "weights": [
    [
      [
        -0.15401682532593183,
        0.5258699534497802,
        0.3660146377567485,
        0.2283716523752282,
        -0.18890179490718811,
        -0.3908086598627928,
        -0.4913825651861487,
        0.45452521304493726,
        0.12735957272453047,
        0.17649534874585154,
        -0.5472986948305799,
        0.5204735571295965,
        0.32880195726854866,
        -0.22057969816657,
        -0.22776625053488903,
        -0.24937376961393587
      ],
      [
        0.028682943193390067,
        0.1915747762437857,
        -0.2353808883845788,
        -0.3033409645665418,
        0.12757021889390852,
        -0.4545204679841229,
        -0.3716697219908924,
        -0.17423221748927537,
        -0.19458839795949062,
        0.2794185021367068,
        -0.27044142963533285,
        0.11938822139638913,
        -0.07404547634447736,
        -0.5848499053889565,
        0.09006679427342186,
        -0.26422512761593464
      ],
      [
        -0.7476200345680917,
        0.37013686109778793,
        0.5278468269237143,
        0.36585231465871193,
        -0.03671273714648482,
        -0.3688331164501498,
        0.3289790122824288,
        -0.0010048495791142357,
        -0.24424802612686897,
        0.04560400514037117,
        -0.6157698832624647,
        0.3731968328382968,
        -0.1430702241948003,
        0.2779342375007489,
        -0.12168353822672605,
        0.026127252291374928
      ],
      [
        0.2947482569480594,
        -0.20735190719209887,
        0.4455294209455731,
        0.21503092689659,
        0.2904590264203902,
        0.3687318601242756,
        -0.0875582813326156,
        0.35287917007199143,
        -0.5985706223507483,
        -0.3203127674131443,
        -0.3950393543760884,
        -0.08945701777664095,
        -0.2464226812965253,
        -0.3368009227562784,
        0.26582515161152287,
        -0.14167820597528377
      ],
      [
        -0.18879345269544434,
        0.029398670342897622,
        -0.39358185884825975,
        0.324985456663196,
        -0.2765150972910177,
        0.5009418539081525,
        0.35518561533101894,
        -0.24851231992037864,
        -0.5436924317437819,
        0.3653167397845456,
        0.05360318549771191,
        0.31824690625198543,
        0.25924991081307275,
        -0.3897639269665742,
        -0.06989285134563965,
        -0.3003445037358323
      ],
      [
        0.3441479744092631,
        0.22610358468787148,
        -0.06917367606726472,
        -0.3479467455261911,
        -0.0222344997922381,
        -0.21781787954950058,
        0.1519665069387039,
        0.21591930403583595,
        0.4111865421969617,
        -0.051648356690110406,
        -0.400694899517584,
        0.2826516528480082,
        0.20933585884713307,
        0.038407394133056647,
        0.36655609923596166,
        0.07412469477373497
      ]
    ],
    [
      [
        0.6556973411337818,
        0.5356776498883964,
        -0.083910978366892,
        0.11434406898429894,
        0.568663737448994,
        -0.5689931940472058,
        0.2091556348851594,
        0.27121753959655404
      ],
      [
        0.26107081485857137,
        0.3602097547380548,
        -0.08153794149344908,
        -0.2960925879770322,
        -0.13972367305642358,
        -0.08328913287964367,
        0.3883510158956572,
        0.23919764498122467
      ],
      [
        -0.5673416467596668,
        -0.08898878823013122,
        0.07443620826819419,
        0.01650433322847558,
        -0.4302733721126476,
        -0.03771845961866276,
        0.48355165381298537,
        -0.30313818811405474
      ],
      [
        -0.09373761856995032,
        0.1308361700230599,
        -0.003316620690511582,
        0.5877912367756374,
        0.2659851335845102,
        -0.2173592393571062,
        0.04570149706898653,
        -0.3670106615174678
      ],
      [
        -0.09447067511707226,
        -0.3391836008520471,
        -0.008744059192872428,
        9.760767573366268e-14,
        -0.1845600987727209,
        -0.35483919564106575,
        0.27988129693647645,
        -0.12593575489332753
      ],
      [
        -0.19981480781178282,
        0.1443260125411148,
        0.3290612664134478,
        -0.11107934275450736,
        0.4511371496067308,
        0.09620293743651333,
        -0.43530354455203113,
        0.37662439540521075
      ],
      [
        -0.2427132287338608,
        0.03984379220000961,
        0.2519397807087935,
        0.16676657881038093,
        -0.4384989856913267,
        0.3994987674958096,
        -0.08976866851536969,
        -0.464336714956686
      ],
      [
        -0.3827586236646022,
        0.1714763227494388,
        0.13641295459668368,
        -0.5623373007375381,
        0.09963419965566651,
        -0.389369874547232,
        0.11386130250079292,
        -0.2684617927289564
      ],
      [
        0.05796583600524549,
        -0.22931013979966255,
        0.570924937288214,
        -0.2737782860218781,
        -0.1248994458874766,
        -0.23819857462570693,
        0.5662303705840233,
        0.224877931309092
      ],
      [
        -0.2150493986379716,
        0.16843571967272514,
        0.2748551465235009,
        0.028831058905702575,
        0.1849628861998686,
        -0.2258956986346691,
        -0.3682422922540274,
        0.3809765807536075
      ],
      [
        0.3097798442589083,
        0.03925927694005626,
        -0.0698411218378001,
        -0.008760737877587408,
        0.38453727709700347,
        0.502865174176088,
        0.4668944979188505,
        0.18151378091219214
      ],
      [
        0.11488633565347772,
        -0.43249234273916665,
        -0.3111778276375359,
        0.457300823407238,
        0.24326783813128433,
        -0.44717098249764153,
        -0.37634134117175216,
        0.0870886664011009
      ],
      [
        -0.4000188707621011,
        -0.2646335055403691,
        0.027235263976670154,
        0.13593942352792454,
        0.30234303277044083,
        -0.24892490428419847,
        0.201985158495932,
        -0.21743048928921704
      ],
      [
        -0.3126427203680013,
        0.11836281896149928,
        0.2902832926601767,
        0.5004656428597567,
        -0.02577781253909941,
        0.21755098494265662,
        -0.2642031127957221,
        -0.29044600002123155
      ],
      [
        -0.13585183031785505,
        -0.16068696887681078,
        0.37419868460996847,
        -0.23184944999735982,
        0.5000057356838791,
        0.07893140172411744,
        0.2208603777428265,
        0.08909730663197694
      ],
      [
        -0.02656210226666272,
        -0.11027318842357225,
        -0.2006829936359249,
        0.3030057156416387,
        -0.0011429614435726247,
        -0.3322507236653213,
        0.24858854527785376,
        -0.40915259064982423
      ]
    ],
    [
      [
        0.7570061664742874
      ],
      [
        0.6180117842780595
      ],
      [
        -0.3188933313703711
      ],
      [
        -0.3005535448357342
      ],
      [
        0.9427863166028868
      ],
      [
        -0.3445806576224205
      ],
      [
        -0.608411290118507
      ],
      [
        0.128304983932517
      ]
    ]
  ],