{
  "trained_at": "2026-03-26T04:04:40.072960",
  "n_samples": 245,
  "n_features": 6,
  "feature_names": [
    "log1p_days_since_last",
    "n_correct",
    "n_wrong",
    "accuracy",
    "log1p_n_reviews",
    "log1p_days_since_first"
  ],
  "scaler_mean": [
    0.3019640270469858,
    1.7591836734693878,
    1.8938775510204082,
    0.5529100831141648,
    1.3921408297066808,
    0.65570438930146
  ],
  "scaler_std": [
    0.47835923527679225,
    1.4551693031939386,
    2.2689031930190273,
    0.4096673873957843,
    0.5260997979623372,
    0.6650474206563453
  ],
  "weights": [
    [
      [
        -0.015554391870141819,
        0.6173580080517111,
        0.4242768056371087,
        0.21927437971763628,
        -0.1757135832512949,
        -0.42708743408687405,
        -0.6576191278010495,
        0.47655657655771017,
        0.20608358194464083,
        0.3214102744685582,
        -0.5278677723145826,
        0.5229229980436952,
        0.4388674298041043,
        -0.4137886063423159,
        -0.26219290314535815,
        -0.29876002148383884
      ],
      [
        -0.014683410989088742,
        0.18500839491991922,
        -0.20633964334992047,
        -0.08397258783269985,
        0.09638124909895396,
        -0.5145340080648987,
        -0.3390541729733156,
        -0.3681935599953785,
        -0.25408623490592147,
        0.5728075558328831,
        -0.3070267501494263,
        0.09506784373795314,
        -0.11476835618320841,
        -0.4732816898881468,
        0.011909966356822578,
        -0.2610342652891948
      ],
      [
        -0.7651587716607886,
        0.4706555329039835,
        0.5162658141052512,
        0.3489141055051429,
        -0.03768099364394667,
        -0.22463003144617533,
        0.09062447363384526,
        0.12154759168035238,
        -0.2958600181824138,
        -0.19688711206770407,
        -0.400814250832915,
        0.3944570285435203,
        -0.08427689688079062,
        0.07940339678406211,
        -0.1202873563641031,
        0.09527643173293997
      ],
      [
        0.330620790333172,
        -0.22974983013889314,
        0.4643843264521685,
        0.3502148816408059,
        0.2922733704204578,
        0.24093593976533423,
        -0.1053496591886412,
        0.2662579940141421,
        -0.5946186416208908,
        -0.09411050429109562,
        -0.6131494906338927,
        -0.032097748961620584,
        -0.2890123455926613,
        -0.17610313541377998,
        0.25860460865230794,
        -0.09533776017400332
      ],
      [
        -0.27376420784023064,
        0.2261096490185138,
        -0.39490212628614957,
        0.4008199244811038,
        -0.2736321200009698,
        0.4835544733305573,
        0.24636214673718831,
        -0.22521139511477226,
        -0.42276603124375495,
        0.357562580666665,
        0.33397003950410054,
        0.18945998638419845,
        0.20350273010135067,
        -0.5364430408270388,
        -0.07522539429288926,
        -0.265099110740689
      ],
      [
        0.2919636371904371,
        0.327543597116136,
        -0.006670614906430712,
        -0.4749484690443133,
        -0.011419317077991948,
        -0.1783529392134706,
        0.07604083382595946,
        0.19541359555679538,
        0.45310854683767093,
        0.10297856908992481,
        -0.36099272949873884,
        0.14200702537226426,
        0.1001652944806268,
        -0.05027793591920607,
        0.3445958543492332,
        0.12318680095262721
      ]
    ],
    [
      [
        0.7177089969207195,
        0.6188200797744124,
        -0.11786974521772287,
        0.14312201878263056,
        0.022769168478613534,
        -0.5129094687502472,
        0.20058826850083408,
        0.38357055834214054
      ],
      [
        0.2678066972534022,
        0.36727539123424047,
        -0.2832793886699612,
        -0.41068364832534454,
        -0.0129175757672707,
        -0.2671817694599296,
        0.5429697244308355,
        0.22712647590151097
      ],
      [
        -0.6386098878126089,
        -0.1335083020899073,
        -0.02810846867026312,
        -0.014508746768692226,
        -0.05781378581113341,
        -0.0001497779167035362,
        0.5864415640183459,
        -0.3296211006300343
      ],
      [
        0.3786971289792015,
        0.5914611583500443,
        -0.335123707750921,
        0.2500532483572136,
        0.10899033286081769,
        -0.5200648383442167,
        -0.3423842497175315,
        0.2890201192852553
      ],
      [
        0.09956782870069494,
        -0.3129233284744416,
        -0.018159150358848297,
        -0.0019338478180894636,
        -0.09957738595989571,
        -0.35083045773042015,
        0.3156073708034494,
        -0.09266242763665641
      ],
      [
        -0.37051809647508954,
        0.17713181211247958,
        0.3274261129619815,
        -0.14007345845635855,
        0.0003104868652443967,
        0.1776838344477563,
        -0.32751864977207856,
        0.43313678054887544
      ],
      [
        -0.16995586549766223,
        0.09282500912391238,
        0.2620206080202785,
        -0.004986789308833312,
        -0.0748766896112607,
        0.47319587494347903,
        -0.038458095465265164,
        -0.34705220367443673
      ],
      [
        -0.42414605645650844,
        0.16489042857185915,
        0.07977445338838049,
        -0.3215894287953452,
        -3.5206667331520514e-16,
        -0.3768097319955811,
        0.18391319264559777,
        -0.32748403649704233
      ],
      [
        0.04700965617423198,
        -0.27326447798867043,
        0.5789065043693921,
        -0.22808034979808842,
        -0.00011196845630737057,
        -0.2267699677297413,
        0.6564400573665868,
        0.12469787690900228
      ],
      [
        0.06279571549056304,
        0.47331548520874045,
        0.12201363929093577,
        -0.01703938302188979,
        -3.4322010822316664e-15,
        -0.32081264928617415,
        -0.5184614077711713,
        0.7386999555310501
      ],
      [
        0.2611278093677183,
        -0.029501840718834355,
        -0.01569765229756083,
        -0.11971420558133111,
        0.003932975196795169,
        0.5730753638717234,
        0.5466784210604874,
        0.10493261812258867
      ],
      [
        0.13522737307739552,
        -0.37050734823315556,
        -0.49156188840844206,
        0.3339717047199351,
        -1.1005434378678908e-10,
        -0.6246778608161586,
        -0.24984967236735825,
        0.10773440097572495
      ],
      [
        -0.6160332678504664,
        -0.4179750642752001,
        -0.022263463409897304,
        0.11219137340075132,
        5.833852263664556e-05,
        -0.3259636144963155,
        0.4254784563379215,
        -0.4716519175890712
      ],
      [
        -0.2506505368569419,
        0.21354981556316865,
        0.19086686663667216,
        0.27455615403811495,
        9.964767097284752e-05,
        0.20142696392347664,
        -0.3259660713805124,
        -0.1435816792951439
      ],
      [
        -0.1102262314161357,
        -0.1752237363999907,
        0.3987675524789995,
        -0.06519601968517644,
        0.06448394535151332,
        0.08114680782524213,
        0.22001420564253268,
        0.07656084334535734
      ],
      [
        -0.010477166833376236,
        -0.10114942750647875,
        -0.21392617362103292,
        0.13928682556709107,
        -0.00313162087675025,
        -0.35813853632940057,
        0.24068909068424643,
        -0.3989429363262593
      ]
    ],
    [
      [
        0.7598877729143002
      ],
      [
        0.7908570804715511
      ],
      [
        -0.27196573007859914
      ],
      [
        -0.1331189457978983
      ],
      [
        0.19177576178406278
      ],
      [
        -0.4786595187446699
      ],
      [
        -0.7754848177764665
      ],
      [
        0.21777252766570024
      ]
    ]
  ],