{
  "trained_at": "2026-07-11T10:11:55.516225",
  "n_samples": 245,
  "n_features": 6,
  "feature_names": [
    "log1p_days_since_last",
    "n_correct",
    "n_wrong",
    "accuracy",
    "log1p_n_reviews",
    "log1p_days_since_first"
  ],
  "scaler_mean": [
    0.3019640270469857,
    1.7591836734693878,
    1.8938775510204082,
    0.5529100831141648,
    1.3921408297066808,
    0.65570438930146
  ],
  "scaler_std": [
    0.47835923527679225,
    1.4551693031939386,
    2.2689031930190273,
    0.4096673873957843,
    0.5260997979623372,
    0.6650474206563453
  ],
  "weights": [
    [
      [
        -0.015554391870141829,
        0.6173580080517111,
        0.4242768056371087,
        0.21927437971763616,
        -0.175713583251295,
        -0.42708743408687405,
        -0.6576191278010494,
        0.4765565765577102,
        0.2060835819446409,
        0.3214102744685582,
        -0.5278677723145826,
        0.5229229980436954,
        0.4388674298041043,
        -0.4137886063423159,
        -0.2621929031453582,
        -0.2987600214838389
      ],
      [
        -0.014683410989088777,
        0.18500839491991922,
        -0.20633964334992042,
        -0.08397258783269984,
        0.096381249098954,
        -0.5145340080648987,
        -0.3390541729733157,
        -0.3681935599953786,
        -0.2540862349059215,
        0.5728075558328832,
        -0.3070267501494264,
        0.0950678437379532,
        -0.11476835618320841,
        -0.4732816898881468,
        0.01190996635682257,
        -0.26103426528919477
      ],
      [
        -0.7651587716607886,
        0.4706555329039835,
        0.5162658141052512,
        0.3489141055051429,
        -0.03768099364394679,
        -0.22463003144617533,
        0.09062447363384526,
        0.12154759168035242,
        -0.29586001818241386,
        -0.19688711206770407,
        -0.4008142508329149,
        0.3944570285435203,
        -0.08427689688079067,
        0.07940339678406211,
        -0.1202873563641031,
        0.09527643173293993
      ],
      [
        0.3306207903331721,
        -0.22974983013889325,
        0.4643843264521685,
        0.3502148816408059,
        0.2922733704204578,
        0.24093593976533423,
        -0.10534965918864123,
        0.2662579940141421,
        -0.5946186416208908,
        -0.09411050429109565,
        -0.6131494906338925,
        -0.032097748961620605,
        -0.28901234559266137,
        -0.17610313541377998,
        0.25860460865230794,
        -0.09533776017400326
      ],
      [
        -0.27376420784023064,
        0.2261096490185138,
        -0.39490212628614957,
        0.4008199244811039,
        -0.27363212000096987,
        0.4835544733305573,
        0.24636214673718823,
        -0.22521139511477223,
        -0.4227660312437549,
        0.357562580666665,
        0.33397003950410037,
        0.1894599863841984,
        0.20350273010135062,
        -0.5364430408270386,
        -0.07522539429288927,
        -0.2650991107406888
      ],
      [
        0.2919636371904371,
        0.32754359711613595,
        -0.006670614906430701,
        -0.4749484690443133,
        -0.011419317077991964,
        -0.17835293921347065,
        0.07604083382595941,
        0.19541359555679544,
        0.453108546837671,
        0.1029785690899249,
        -0.3609927294987389,
        0.14200702537226426,
        0.10016529448062672,
        -0.050277935919206075,
        0.34459585434923323,
        0.12318680095262724
      ]
    ],
    [
      [
        0.7177089969207195,
        0.6188200797744124,
        -0.11786974521772288,
        0.1431220187826305,
        0.022769168478613534,
        -0.5129094687502472,
        0.20058826850083403,
        0.38357055834214054
      ],
      [
        0.2678066972534022,
        0.36727539123424036,
        -0.2832793886699611,
        -0.41068364832534454,
        -0.0129175757672707,
        -0.2671817694599296,
        0.5429697244308354,
        0.227126475901511
      ],
      [
        -0.638609887812609,
        -0.13350830208990733,
        -0.02810846867026317,
        -0.014508746768692226,
        -0.05781378581113341,
        -0.0001497779167035362,
        0.5864415640183457,
        -0.32962110063003425
      ],
      [
        0.3786971289792014,
        0.5914611583500443,
        -0.3351237077509209,
        0.2500532483572136,
        0.10899033286081769,
        -0.5200648383442168,
        -0.3423842497175314,
        0.28902011928525523
      ],
      [
        0.09956782870069504,
        -0.3129233284744416,
        -0.01815915035884833,
        -0.001933847818089471,
        -0.09957738595989571,
        -0.35083045773042015,
        0.31560737080344936,
        -0.0926624276366564
      ],
      [
        -0.3705180964750896,
        0.1771318121124796,
        0.32742611296198154,
        -0.14007345845635852,
        0.0003104868652443967,
        0.17768383444775634,
        -0.32751864977207856,
        0.4331367805488754
      ],
      [
        -0.1699558654976622,
        0.09282500912391235,
        0.26202060802027843,
        -0.0049867893088333115,
        -0.0748766896112607,
        0.4731958749434791,
        -0.038458095465265164,
        -0.3470522036744368
      ],
      [
        -0.4241460564565085,
        0.16489042857185907,
        0.07977445338838049,
        -0.3215894287953452,
        -3.5206667331520514e-16,
        -0.37680973199558115,
        0.1839131926455978,
        -0.32748403649704233
      ],
      [
        0.04700965617423197,
        -0.2732644779886704,
        0.5789065043693922,
        -0.22808034979808836,
        -0.00011196845630737057,
        -0.22676996772974126,
        0.6564400573665868,
        0.12469787690900222
      ],
      [
        0.06279571549056304,
        0.4733154852087405,
        0.12201363929093573,
        -0.017039383021889794,
        -3.4322010822316664e-15,
        -0.32081264928617437,
        -0.5184614077711712,
        0.73869995553105
      ],
      [
        0.26112780936771823,
        -0.029501840718834386,
        -0.015697652297560823,
        -0.11971420558133111,
        0.003932975196795169,
        0.5730753638717234,
        0.5466784210604874,
        0.10493261812258867
      ],
      [
        0.13522737307739557,
        -0.3705073482331557,
        -0.49156188840844195,
        0.33397170471993515,
        -1.1005434378678908e-10,
        -0.6246778608161586,
        -0.24984967236735814,
        0.10773440097572498
      ],
      [
        -0.6160332678504665,
        -0.4179750642752002,
        -0.022263463409897263,
        0.11219137340075132,
        5.833852263664556e-05,
        -0.32596361449631545,
        0.42547845633792153,
        -0.4716519175890713
      ],
      [
        -0.2506505368569418,
        0.21354981556316857,
        0.19086686663667216,
        0.27455615403811495,
        9.964767097284752e-05,
        0.20142696392347662,
        -0.3259660713805124,
        -0.1435816792951439
      ],
      [
        -0.11022623141613563,
        -0.1752237363999907,
        0.3987675524789995,
        -0.06519601968517648,
        0.06448394535151332,
        0.0811468078252421,
        0.22001420564253274,
        0.07656084334535737
      ],
      [
        -0.010477166833376223,
        -0.10114942750647873,
        -0.21392617362103292,
        0.13928682556709107,
        -0.00313162087675025,
        -0.3581385363294005,
        0.24068909068424646,
        -0.39894293632625943
      ]
    ],
    [
      [
        0.7598877729143002
      ],
      [
        0.7908570804715509
      ],
      [
        -0.27196573007859903
      ],
      [
        -0.13311894579789826
      ],
      [
        0.19177576178406278
      ],
      [
        -0.4786595187446699
      ],
      [
        -0.7754848177764664
      ],
      [
        0.2177725276657003
      ]
    ]
  ],