{
  "trained_at": "2026-07-05T11:02:10.170978",
  "n_samples": 245,
  "n_features": 6,
  "feature_names": [
    "log1p_days_since_last",
    "n_correct",
    "n_wrong",
    "accuracy",
    "log1p_n_reviews",
    "log1p_days_since_first"
  ],
  "scaler_mean": [
    0.3019640270469857,
    1.7591836734693878,
    1.8938775510204082,
    0.5529100831141648,
    1.3921408297066808,
    0.65570438930146
  ],
  "scaler_std": [
    0.47835923527679225,
    1.4551693031939386,
    2.2689031930190273,
    0.4096673873957843,
    0.5260997979623372,
    0.6650474206563453
  ],
  "weights": [
    [
      [
        -0.015554391870141803,
        0.6173580080517111,
        0.42427680563710884,
        0.21927437971763622,
        -0.17571358325129505,
        -0.42708743408687405,
        -0.6576191278010494,
        0.47655657655771017,
        0.20608358194464085,
        0.3214102744685582,
        -0.5278677723145826,
        0.5229229980436954,
        0.4388674298041043,
        -0.4137886063423159,
        -0.2621929031453582,
        -0.29876002148383884
      ],
      [
        -0.014683410989088774,
        0.18500839491991922,
        -0.20633964334992047,
        -0.08397258783269984,
        0.09638124909895397,
        -0.5145340080648986,
        -0.3390541729733157,
        -0.3681935599953786,
        -0.25408623490592147,
        0.5728075558328831,
        -0.3070267501494263,
        0.0950678437379531,
        -0.1147683561832084,
        -0.4732816898881467,
        0.011909966356822578,
        -0.26103426528919477
      ],
      [
        -0.7651587716607886,
        0.47065553290398343,
        0.5162658141052512,
        0.34891410550514296,
        -0.03768099364394677,
        -0.22463003144617527,
        0.09062447363384528,
        0.12154759168035233,
        -0.2958600181824138,
        -0.19688711206770407,
        -0.400814250832915,
        0.3944570285435203,
        -0.08427689688079065,
        0.07940339678406211,
        -0.1202873563641031,
        0.09527643173293983
      ],
      [
        0.33062079033317204,
        -0.22974983013889322,
        0.46438432645216854,
        0.3502148816408059,
        0.2922733704204578,
        0.24093593976533423,
        -0.10534965918864118,
        0.2662579940141421,
        -0.5946186416208908,
        -0.09411050429109562,
        -0.6131494906338925,
        -0.0320977489616207,
        -0.2890123455926613,
        -0.17610313541377998,
        0.25860460865230794,
        -0.09533776017400329
      ],
      [
        -0.2737642078402307,
        0.22610964901851377,
        -0.39490212628614957,
        0.4008199244811038,
        -0.27363212000096987,
        0.48355447333055734,
        0.2463621467371882,
        -0.2252113951147723,
        -0.42276603124375495,
        0.35756258066666496,
        0.3339700395041005,
        0.18945998638419836,
        0.20350273010135064,
        -0.5364430408270386,
        -0.07522539429288927,
        -0.265099110740689
      ],
      [
        0.29196363719043716,
        0.32754359711613595,
        -0.006670614906430711,
        -0.47494846904431326,
        -0.01141931707799196,
        -0.17835293921347062,
        0.07604083382595936,
        0.19541359555679544,
        0.45310854683767093,
        0.10297856908992493,
        -0.36099272949873884,
        0.14200702537226426,
        0.10016529448062675,
        -0.05027793591920607,
        0.34459585434923323,
        0.12318680095262721
      ]
    ],
    [
      [
        0.7177089969207197,
        0.6188200797744124,
        -0.11786974521772284,
        0.1431220187826305,
        0.022769168478613534,
        -0.5129094687502472,
        0.200588268500834,
        0.38357055834214054
      ],
      [
        0.2678066972534022,
        0.3672753912342405,
        -0.2832793886699611,
        -0.41068364832534454,
        -0.0129175757672707,
        -0.26718176945992955,
        0.5429697244308354,
        0.22712647590151092
      ],
      [
        -0.638609887812609,
        -0.13350830208990733,
        -0.028108468670263145,
        -0.014508746768692226,
        -0.05781378581113341,
        -0.0001497779167035362,
        0.5864415640183459,
        -0.3296211006300343
      ],
      [
        0.3786971289792014,
        0.5914611583500443,
        -0.33512370775092093,
        0.2500532483572136,
        0.10899033286081769,
        -0.5200648383442168,
        -0.3423842497175314,
        0.28902011928525523
      ],
      [
        0.09956782870069505,
        -0.31292332847444154,
        -0.01815915035884832,
        -0.001933847818089471,
        -0.09957738595989571,
        -0.35083045773042015,
        0.31560737080344936,
        -0.0926624276366564
      ],
      [
        -0.37051809647508954,
        0.1771318121124796,
        0.32742611296198154,
        -0.14007345845635852,
        0.0003104868652443967,
        0.17768383444775634,
        -0.3275186497720785,
        0.4331367805488753
      ],
      [
        -0.16995586549766223,
        0.09282500912391241,
        0.26202060802027843,
        -0.0049867893088333115,
        -0.0748766896112607,
        0.4731958749434791,
        -0.038458095465265164,
        -0.34705220367443673
      ],
      [
        -0.4241460564565084,
        0.1648904285718591,
        0.0797744533883805,
        -0.3215894287953452,
        -3.5206667331520514e-16,
        -0.37680973199558115,
        0.18391319264559775,
        -0.32748403649704233
      ],
      [
        0.04700965617423197,
        -0.27326447798867043,
        0.5789065043693921,
        -0.22808034979808836,
        -0.00011196845630737057,
        -0.2267699677297413,
        0.656440057366587,
        0.12469787690900219
      ],
      [
        0.06279571549056305,
        0.47331548520874045,
        0.12201363929093581,
        -0.017039383021889794,
        -3.4322010822316664e-15,
        -0.32081264928617426,
        -0.5184614077711712,
        0.7386999555310501
      ],
      [
        0.26112780936771823,
        -0.02950184071883436,
        -0.015697652297560823,
        -0.11971420558133111,
        0.003932975196795169,
        0.5730753638717234,
        0.5466784210604874,
        0.10493261812258867
      ],
      [
        0.13522737307739552,
        -0.3705073482331557,
        -0.49156188840844206,
        0.33397170471993515,
        -1.1005434378678908e-10,
        -0.6246778608161586,
        -0.24984967236735803,
        0.10773440097572495
      ],
      [
        -0.6160332678504665,
        -0.4179750642752002,
        -0.02226346340989727,
        0.11219137340075132,
        5.833852263664556e-05,
        -0.32596361449631533,
        0.42547845633792153,
        -0.47165191758907127
      ],
      [
        -0.25065053685694183,
        0.2135498155631686,
        0.19086686663667216,
        0.27455615403811495,
        9.964767097284752e-05,
        0.20142696392347662,
        -0.3259660713805125,
        -0.14358167929514395
      ],
      [
        -0.11022623141613566,
        -0.1752237363999907,
        0.3987675524789995,
        -0.06519601968517648,
        0.06448394535151332,
        0.0811468078252421,
        0.22001420564253274,
        0.07656084334535737
      ],
      [
        -0.010477166833376229,
        -0.10114942750647876,
        -0.21392617362103292,
        0.13928682556709107,
        -0.00313162087675025,
        -0.35813853632940046,
        0.2406890906842465,
        -0.39894293632625943
      ]
    ],
    [
      [
        0.7598877729143002
      ],
      [
        0.790857080471551
      ],
      [
        -0.2719657300785991
      ],
      [
        -0.1331189457978983
      ],
      [
        0.19177576178406278
      ],
      [
        -0.47865951874466983
      ],
      [
        -0.7754848177764664
      ],
      [
        0.2177725276657002
      ]
    ]
  ],