{
  "trained_at": "2026-07-24T11:00:08.493597",
  "n_samples": 11572,
  "n_features": 6,
  "feature_names": [
    "log1p_days_since_last",
    "n_correct",
    "n_wrong",
    "accuracy",
    "log1p_n_reviews",
    "log1p_days_since_first"
  ],
  "scaler_mean": [
    1.8238053850774854,
    4.153301071552022,
    1.2490494296577948,
    0.7729521361922101,
    1.6860553034927843,
    2.865997507923408
  ],
  "scaler_std": [
    0.9894101498257409,
    2.853491985956544,
    1.3112372793966867,
    0.2421795132576891,
    0.5945413841055625,
    1.2056224568545397
  ],
  "weights": [
    [
      [
        -0.26016057716644647,
        0.23478787894699665,
        0.6122752450834956,
        -0.11454158463759177,
        -0.12152544666462292,
        -0.24071632528953466,
        -0.662683311806241,
        0.46718727097898616,
        0.08848862358528724,
        0.10038803974921341,
        -0.7190960854459274,
        0.39628192427727077,
        0.4287404770739927,
        -0.17375230358400914,
        -0.30704138174449197,
        -0.18994618944320016
      ],
      [
        -0.07995717155971373,
        0.19382966951217614,
        -0.00834021998903141,
        -0.2280662764181025,
        0.17060519689490058,
        -0.25800232258163996,
        -0.17369570750627583,
        -0.2786149910414882,
        -0.13587717552578962,
        0.4731771642370328,
        -0.1948107470325791,
        0.23812117897171212,
        -0.04671041801961304,
        -0.5087509752031492,
        0.15352249446065694,
        -0.45636680245278816
      ],
      [
        -0.6257768960570783,
        0.4400259549917683,
        0.6654988333715877,
        0.3561631930785066,
        -0.15395332053274782,
        -0.3968448883768855,
        -0.03963161779894628,
        0.03107423211758049,
        -0.29843319172995925,
        -0.12861562654309336,
        -0.6140360803926326,
        0.2442003684376157,
        0.004003994630715749,
        -0.02580932100650927,
        -0.18097536170366246,
        0.02499509479117935
      ],
      [
        0.2862227170627634,
        -0.21871540818213742,
        0.2695656242479328,
        0.41500752215308045,
        0.404759005850873,
        0.46537590905915627,
        0.007470474003045802,
        0.29747169750521607,
        -0.451259537740461,
        -0.16507795274584097,
        -0.31912652459148283,
        0.03539458065739391,
        -0.25363926333470843,
        -0.04407168700028133,
        0.28614346088304143,
        0.03081898272922255
      ],
      [
        -0.20259128101661145,
        0.1982171880852875,
        -0.3124529909836935,
        0.4039000897249427,
        -0.37648696651364644,
        0.6468047958952031,
        0.16448709541916684,
        -0.2751199493353449,
        -0.5079172598434403,
        0.48855374950391606,
        0.24179145492175486,
        0.5002888635914006,
        0.20468725577342026,
        -0.4842881383129043,
        -0.10138803411390765,
        -0.4127478821723688
      ],
      [
        0.3328384879261716,
        0.14988173480901196,
        -0.14156608885516767,
        -0.3969368757970314,
        -0.13388966599436478,
        -0.12214649629845484,
        0.022247006372407632,
        0.142749540734276,
        0.33768043038785156,
        0.027954836211096425,
        -0.3417478045819584,
        0.3011333617290117,
        0.2576587759996438,
        0.007206920576263929,
        0.26583928853226696,
        0.0036298546297951
      ]
    ],
    [
      [
        0.5211079560954222,
        0.4022173890899297,
        0.03091868527792107,
        0.09241964311846017,
        0.5090600862818611,
        -0.4272694320764571,
        0.290521916124269,
        0.09918327308844986
      ],
      [
        0.2239475182172755,
        0.33330473713225184,
        -0.2021618975859921,
        -0.38509859728235557,
        -0.24324871778399604,
        -0.12525506292295038,
        -0.03684095218176741,
        0.19500386358127694
      ],
      [
        -0.7750406129213937,
        -0.22590455849421054,
        0.11453928182013501,
        0.0008038326061354492,
        -0.7293999025413548,
        -3.5250093607918497e-09,
        0.21036148246955882,
        -0.5120766459879249
      ],
      [
        0.21236884782939483,
        0.38375104742243543,
        -0.28475227167581835,
        7.253843962916536e-05,
        0.600031193897479,
        -0.17460175351361062,
        -0.09864046185079639,
        0.06910418474594636
      ],
      [
        -0.11379584963282968,
        -0.3537166543349801,
        0.017311785519416763,
        -0.00028592776987876426,
        -0.23470168232802455,
        -0.24251443337280618,
        0.3004503708263411,
        -0.16832898606976418
      ],
      [
        -0.12070814704281932,
        0.2200446579455786,
        0.31161114681106944,
        -0.06021446825958844,
        0.6289087569523774,
        -0.05813573043425105,
        -0.42870173456483457,
        0.4358436271665158
      ],
      [
        0.14628741383472332,
        0.4036528061143419,
        -0.11053100400254834,
        0.00045437997479374505,
        0.10257677178833337,
        0.036882613972639,
        -0.5097387829313473,
        0.009127021486393444
      ],
      [
        -0.44855208430721466,
        0.1070472419497366,
        0.1374949567587371,
        0.01818419106160503,
        0.04500895107466762,
        -0.22601524076210813,
        0.0682379600495495,
        -0.39833103459412267
      ],
      [
        0.09068860639028127,
        -0.2055944488770806,
        0.4320076089346934,
        -0.10544065736268524,
        -0.07231511749695207,
        -0.27731386911141276,
        0.4388085822480067,
        0.18064948902828695
      ],
      [
        -0.046975814227066266,
        0.3595288340995972,
        0.2612848753361528,
        -0.057674414886656145,
        0.30249548603375787,
        0.21002597246051857,
        -0.04218815139593917,
        0.5179284077986981
      ],
      [
        0.39916756162308314,
        0.13425822269972768,
        -0.187132889450301,
        -0.039892022140277865,
        0.3193217285225681,
        0.34780739259944854,
        0.39287158455993837,
        0.25825038117458227
      ],
      [
        0.1834464229282854,
        -0.33928986983147313,
        -0.3746135708801637,
        0.24856307765565552,
        0.2825036966765484,
        -0.4193515715625908,
        -0.5254258146933342,
        0.1351770991463816
      ],
      [
        -0.5187012874842236,
        -0.33244698418330476,
        0.21808681185819606,
        0.09942515817010023,
        0.15596015869309063,
        -0.0005510940864000929,
        0.10863090024895479,
        -0.39174985272732443
      ],
      [
        -0.30815061272921007,
        0.10580071319182309,
        0.24105339616676533,
        0.02861628881564315,
        0.10512775635092649,
        0.2011698019887957,
        -0.26983793182817883,
        -0.2928854255827085
      ],
      [
        -0.11179316443726348,
        -0.1308460756975291,
        0.3478771309567364,
        -0.06184835141282077,
        0.5962211434999439,
        0.07309943201403334,
        0.13747079241410678,
        0.07760118108738603
      ],
      [
        -0.0018735854787539537,
        -0.08520499189559523,
        -0.2475698210142495,
        0.012194468363064865,
        -0.21525490460038949,
        -0.333631508043436,
        0.20889268496759328,
        -0.4137206405634922
      ]
    ],
    [
      [
        0.7994419140250879
      ],
      [
        0.6569873074148048
      ],
      [
        -0.27350032076480346
      ],
      [
        -0.223802712602157
      ],
      [
        1.0854869138429677
      ],
      [
        -0.16044701967598748
      ],
      [
        -0.5429443702771671
      ],
      [
        0.16804378196727676
      ]
    ]
  ],