{
  "trained_at": "2026-06-26T10:06:28.830808",
  "n_samples": 9483,
  "n_features": 6,
  "feature_names": [
    "log1p_days_since_last",
    "n_correct",
    "n_wrong",
    "accuracy",
    "log1p_n_reviews",
    "log1p_days_since_first"
  ],
  "scaler_mean": [
    1.7030117137987486,
    3.7246651903406094,
    1.1974058842138564,
    0.7587589234999769,
    1.6157937301929037,
    2.710322357545546
  ],
  "scaler_std": [
    0.9464466322229649,
    2.5820726374218816,
    1.2551047798950579,
    0.2558082682231552,
    0.5781094165725711,
    1.182740401259771
  ],
  "weights": [
    [
      [
        -0.2082596924786175,
        0.2929973140798635,
        0.3247021709955226,
        -0.1801458746922791,
        -0.3136192083227232,
        -0.25748096576427687,
        -0.5283355437562363,
        0.5119446020205013,
        0.1131753513400452,
        0.013338874011483147,
        -0.8262264405135343,
        0.38551887319229444,
        0.4789884793709592,
        -0.33974026982303296,
        -0.2695615253072813,
        -0.23519701839989535
      ],
      [
        0.051169599199837254,
        0.13511222815533253,
        -0.08367376409311113,
        -0.1501856396542692,
        0.21111867850001212,
        -0.2712029348140323,
        -0.15527607660627252,
        -0.2998615624654503,
        -0.16499062562886532,
        0.42933801069647637,
        -0.17751317425313742,
        0.36686014668695094,
        -0.08197828011702692,
        -0.4317379314042697,
        0.13422481927954166,
        -0.3143403048468849
      ],
      [
        -0.5579315117410609,
        0.4230309303836657,
        0.4841446238163574,
        0.3291102621333415,
        -0.08211302263591286,
        -0.31697398776662006,
        0.14493789593325188,
        0.05913860451797215,
        -0.2675209305738134,
        -0.0817540609981693,
        -0.5767432408470319,
        0.24042467060578634,
        -0.0052992791957887425,
        -0.0683878886243714,
        -0.15630711370047815,
        0.11671937029701747
      ],
      [
        0.2467493927975487,
        -0.1908372153287539,
        0.48304239661374015,
        0.45145507005873486,
        0.3333809436255873,
        0.44685872122089726,
        0.22779342506820735,
        0.286647000042587,
        -0.5300190013717552,
        -0.21106907808003314,
        -0.31312781736367823,
        0.09076052691033576,
        -0.2697307726030764,
        -0.09498734936062059,
        0.2866337160078154,
        -0.06172377256851979
      ],
      [
        -0.10683201678449111,
        0.1384243257628859,
        -0.34985458530590247,
        0.38387608861491734,
        -0.34281204929120734,
        0.6461870749972749,
        0.3104216332455352,
        -0.2723357662563514,
        -0.5219023382016584,
        0.4404408526404496,
        0.2583745893988929,
        0.5176980235886072,
        0.18874374989582932,
        -0.5052450732133631,
        -0.10601468948263346,
        -0.313798447036681
      ],
      [
        0.4473756307211046,
        0.1632633206153985,
        -0.17026947751784655,
        -0.4401368276286586,
        -0.15213387084865054,
        -0.17612957008814237,
        0.04330502669937862,
        0.17712334069822833,
        0.31665169114064406,
        -0.02192920850420807,
        -0.3481937947929957,
        0.3513564487581563,
        0.25864441993065207,
        0.057678879725939575,
        0.24754703629649122,
        0.030738376057926647
      ]
    ],
    [
      [
        0.5271635804757722,
        0.4122478406255768,
        -0.013957296061561326,
        -0.09060183331584723,
        0.5269324468586116,
        -0.535444876968782,
        0.27053933622377013,
        0.14490322347570342
      ],
      [
        0.17442296647053013,
        0.3068266422486063,
        -0.4145021631885033,
        -0.38700797522802427,
        -0.2940430268229814,
        -0.01863949750240641,
        0.016115505055807805,
        0.19268642138188619
      ],
      [
        -0.3386999297161356,
        0.12455581535376763,
        -0.18154955505100373,
        -1.3687217382068998e-10,
        -0.15894487170562874,
        -0.004251524877079165,
        0.2738815089536696,
        -0.017743738854781095
      ],
      [
        0.1485199734271181,
        0.3086586668708962,
        -0.3060465572189857,
        0.014516619447873505,
        0.6198171688158917,
        -0.27709048120604235,
        -0.2816895748913801,
        -0.02201542840081107
      ],
      [
        -0.1557519369378667,
        -0.39663819686328683,
        0.05721005269710765,
        -0.0013161786167726415,
        -0.28327174599586585,
        -0.30261631659571847,
        0.34416938297086697,
        -0.17150574559996312
      ],
      [
        -0.1480074183098308,
        0.19652410260413175,
        0.3059505866868702,
        -0.04735802829652649,
        0.5736627974535702,
        -0.10216619831618985,
        -0.4239440443371328,
        0.43287561292990295
      ],
      [
        0.03973331606162839,
        0.2998153108571914,
        -0.028689890049360102,
        -0.000712235058024687,
        0.042644606531706965,
        0.024889129252473198,
        -0.4109685349619558,
        -0.09793657485385837
      ],
      [
        -0.48441284117394384,
        0.12634174168220325,
        0.019305350368671835,
        -0.03891193026420612,
        0.020703316295227356,
        -0.20841264032181642,
        0.04455174456005167,
        -0.35860298329655443
      ],
      [
        0.06453410121316322,
        -0.21403023361186563,
        0.42807727197292444,
        -0.059260463992771475,
        -0.13662586238796334,
        -0.19921533472443367,
        0.48769031572730437,
        0.2124331621399116
      ],
      [
        -0.06260674250784692,
        0.2606354506644561,
        0.2760190217168925,
        -0.03925576804691651,
        0.28051078436633675,
        -0.16397007661424237,
        -0.16105722502337438,
        0.5182530942145495
      ],
      [
        0.42793355699620356,
        0.16255434340690045,
        -0.2009881451451313,
        -0.08676412383792333,
        0.3533037555809011,
        0.3117217938645241,
        0.37346300780996833,
        0.292746214436293
      ],
      [
        0.13449236522612762,
        -0.3741548793036381,
        -0.5510504007664213,
        0.2444065268504255,
        0.24188914576170858,
        -0.5586897868160177,
        -0.5224746686953813,
        0.13576977003362256
      ],
      [
        -0.6428935493666912,
        -0.3794399366144711,
        -0.0788379400590377,
        0.02607168288868024,
        0.072186717925485,
        -0.010842504637483237,
        0.1055808642085681,
        -0.42573228178174544
      ],
      [
        -0.2628049164477407,
        0.1517805180267848,
        0.21562811187936382,
        0.1113466924518433,
        0.17127151320839934,
        0.15922130353415367,
        -0.3170517310325308,
        -0.22193256211237872
      ],
      [
        -0.1497216518000597,
        -0.17105349168253559,
        0.36230546902076505,
        -0.03356875160622368,
        0.5270823674268313,
        -0.02524596410215239,
        0.14880190908292648,
        0.06383112880463704
      ],
      [
        0.07388131363674014,
        -0.009325965595472696,
        -0.30682857494546634,
        0.05638451892249615,
        -0.15500421388502586,
        -0.4197416842630666,
        0.1368012761362837,
        -0.3046377651725052
      ]
    ],
    [
      [
        0.7884566845270757
      ],
      [
        0.6760767627796113
      ],
      [
        -0.30015053113581064
      ],
      [
        -0.07171010228850803
      ],
      [
        1.0206411136055147
      ],
      [
        -0.1654663611930975
      ],
      [
        -0.537245098139679
      ],
      [
        0.1440530476589329
      ]
    ]
  ],