{
  "trained_at": "2026-04-19T07:46:35.851251",
  "n_samples": 2443,
  "n_features": 6,
  "feature_names": [
    "log1p_days_since_last",
    "n_correct",
    "n_wrong",
    "accuracy",
    "log1p_n_reviews",
    "log1p_days_since_first"
  ],
  "scaler_mean": [
    1.4763682872239638,
    2.031518624641834,
    0.7900122799836267,
    0.7263557257314939,
    1.2527891474365493,
    2.1435745627351888
  ],
  "scaler_std": [
    0.8115397754027374,
    1.3056401885847757,
    1.0187108102663818,
    0.32311869704533047,
    0.4161313712508271,
    0.9240558557475865
  ],
  "weights": [
    [
      [
        -0.182738610267557,
        0.5157195664763174,
        0.20324427930302896,
        -0.10560054811150153,
        -0.24660885921155196,
        -0.3833614696492074,
        -0.437300077594519,
        0.32551746427496897,
        0.24547453724832885,
        -0.018036127683546566,
        -0.8138513612909887,
        0.31841960400179925,
        0.40333190629019006,
        -0.28158303175495286,
        -0.33709530687769546,
        -0.33925257112282975
      ],
      [
        0.10309633759384128,
        0.25691826640996634,
        -0.12378068782026551,
        -0.14463800462492468,
        0.19024373229744646,
        -0.4317618205092301,
        -0.18684108970858065,
        -0.18287922682157381,
        -0.12927894013177466,
        0.5244291756864691,
        -0.08312350018721056,
        0.19864955013333901,
        0.00775709455110552,
        -0.6189177440348572,
        0.23970096165048885,
        -0.22317658987648142
      ],
      [
        -0.5819269552095452,
        0.25724900881951174,
        0.6587674481150889,
        0.27608501491618587,
        -0.105353385050952,
        -0.41517317195260833,
        0.16935447954263647,
        -0.027461200480356253,
        -0.2210288794548172,
        -0.1722456481431392,
        -0.56842754549376,
        0.3745227207770295,
        -0.11865380445749875,
        0.3154988955677936,
        -0.13610118370827018,
        -0.07112059005344674
      ],
      [
        0.2329557271340796,
        -0.07702781622737173,
        0.38207351158372016,
        0.38748046292739347,
        0.35829073824886604,
        0.4108618564283279,
        0.1462053001497589,
        0.36344521862057794,
        -0.6108035212824995,
        -0.1024859121307219,
        -0.2944054599609938,
        -0.016907136860883566,
        -0.14161585768534984,
        -0.2490194134919257,
        0.3416051732693815,
        -0.03821491888836544
      ],
      [
        -0.11430844942303386,
        0.16351446325655483,
        -0.2805510134798899,
        0.31851893028581296,
        -0.35639772369801503,
        0.45446093788961783,
        0.22281346888757939,
        -0.27370502365076943,
        -0.4312372633247967,
        0.4100379863190212,
        0.33154331481918337,
        0.47099187287252364,
        0.15874396726057274,
        -0.41465326010124576,
        -0.05745447335806349,
        -0.343926815040592
      ],
      [
        0.44441834980066297,
        0.3429785781873368,
        -0.0661439756548576,
        -0.5339526422098636,
        -0.12672695360178848,
        -0.22959900529974128,
        0.02489896348780196,
        0.10591211706511144,
        0.4094682889950551,
        -0.04411646997882788,
        -0.3692579663226262,
        0.19130425251237176,
        0.2944989249888907,
        0.03936112394568283,
        0.3163957029209577,
        0.04009903892390027
      ]
    ],
    [
      [
        0.5559654510146491,
        0.43845880334299536,
        0.06142236444224389,
        -0.06041889378821638,
        0.513068319862168,
        -0.36218236000249326,
        0.31210513683223273,
        0.17785541325277351
      ],
      [
        0.13606074989302303,
        0.22283782068620236,
        -0.0919509262261901,
        -0.26046831502494927,
        -0.3289429889626436,
        -0.11491174871678,
        0.595241679438418,
        0.18287020177575478
      ],
      [
        -0.5522100860637784,
        0.1111570748009009,
        -0.08218789713376495,
        -0.05188990908791393,
        -0.11791297518764864,
        -0.16944116429070227,
        0.40491986944250546,
        -0.20718792368548966
      ],
      [
        0.06854040712341428,
        0.27832220737313695,
        -0.37729381388027194,
        0.5235579491153497,
        0.7095563094156467,
        -0.44837913126943146,
        -0.18671275702329967,
        -0.09645879568045201
      ],
      [
        -0.14160132303701553,
        -0.38343009029529485,
        0.04262313107052592,
        -0.032519550029181075,
        -0.2574286159363425,
        -0.23604686727265248,
        0.3331139316641906,
        -0.16207330925221422
      ],
      [
        -0.1655742000316487,
        0.1825060639090106,
        0.31749462123993316,
        -0.3537154074082642,
        0.5556520983045592,
        0.11930914837524634,
        -0.4037467173285489,
        0.4276402614719461
      ],
      [
        -0.0016606657966152642,
        0.27672253424241805,
        -0.08448928015453479,
        0.029045326107693878,
        -0.03287378296719951,
        0.10297012504135213,
        -0.385134495299907,
        -0.14503008211151186
      ],
      [
        -0.40455484130216424,
        0.13725912007732707,
        0.1260192071656725,
        -0.2777801114402342,
        0.050516421832965466,
        -0.19115022615973354,
        0.09792683169168466,
        -0.2611515488685862
      ],
      [
        0.10380460404813086,
        -0.21304541682576536,
        0.49848338782249113,
        -0.3765458765536288,
        -0.20972707304845964,
        -0.13210324927228936,
        0.5280230449014567,
        0.26573595078717355
      ],
      [
        0.03144641181163078,
        0.43067414754732963,
        0.2141591039520878,
        -0.0644904055028007,
        0.28539302800780364,
        -0.15743594077887585,
        -0.42179022296776003,
        0.6330502972079727
      ],
      [
        0.4204597922595737,
        0.15547071600662085,
        -0.18200701945309336,
        -0.15014964007818268,
        0.3309410146700501,
        0.3795159184602452,
        0.4451238005299887,
        0.29398032842843974
      ],
      [
        0.12249282345138886,
        -0.40971175610301247,
        -0.43434901212329746,
        0.41346989672632256,
        0.13024057907951367,
        -0.6629427278896147,
        -0.2764367341035434,
        0.143759210315397
      ],
      [
        -0.5108722197728609,
        -0.41087750790918903,
        0.03966149347875472,
        0.2995269419207801,
        0.07837120844577837,
        -0.12435920816320287,
        0.23538627637009335,
        -0.2741456466289711
      ],
      [
        -0.3314651701714081,
        0.08717741718841832,
        0.27811058162711605,
        0.3708258748060126,
        0.16871319498747672,
        0.20489601869135252,
        -0.22678850288600225,
        -0.2896319002357287
      ],
      [
        -0.07900655121102826,
        -0.0999558504007623,
        0.38244824943182276,
        -0.31945664285560105,
        0.7310443447099841,
        0.0319956438139475,
        0.2375092588949564,
        0.14657146986610306
      ],
      [
        0.11126673959905918,
        0.0296667570390292,
        -0.339888418910231,
        0.22540460279669433,
        -0.15117422981440232,
        -0.45595064522364964,
        0.12479791623827549,
        -0.26806697538888585
      ]
    ],
    [
      [
        0.8142053989655799
      ],
      [
        0.727461246797973
      ],
      [
        -0.30019731961199636
      ],
      [
        -0.3462484636356582
      ],
      [
        1.0268319042630305
      ],
      [
        -0.24169513260673134
      ],
      [
        -0.5948470053757932
      ],
      [
        0.18524782572490875
      ]
    ]
  ],