{
  "trained_at": "2026-06-30T10:14:08.106837",
  "n_samples": 9816,
  "n_features": 6,
  "feature_names": [
    "log1p_days_since_last",
    "n_correct",
    "n_wrong",
    "accuracy",
    "log1p_n_reviews",
    "log1p_days_since_first"
  ],
  "scaler_mean": [
    1.7138067375300705,
    3.770884270578647,
    1.1999796251018744,
    0.7609835784282071,
    1.6236106453136996,
    2.7244702519166806
  ],
  "scaler_std": [
    0.9482046326095399,
    2.6060184934877233,
    1.2545126366740715,
    0.2537793254908926,
    0.5794262246772536,
    1.183402196703914
  ],
  "weights": [
    [
      [
        -0.2465885915259411,
        0.3207016965217299,
        0.6194133694734332,
        -0.15366412041247385,
        -0.2698213033144675,
        -0.3118352158387535,
        -0.48623922545117065,
        0.4381394168895205,
        0.08573058581476184,
        0.05093661824642015,
        -0.8372181351558434,
        0.47202123660671086,
        0.39820065842684915,
        -0.1796965669060486,
        -0.29110780350744997,
        -0.2465596847173702
      ],
      [
        0.03692169839729225,
        0.20149557902845497,
        -0.07889395903491929,
        -0.14350385055904047,
        0.2052421727407653,
        -0.29373299260154,
        -0.1768033323775197,
        -0.24008913692817818,
        -0.15813357532637692,
        0.46042977949833047,
        -0.13835697929685645,
        0.2704738833346224,
        -0.07524170759721903,
        -0.44141467088253383,
        0.1280124579810589,
        -0.34492866947394174
      ],
      [
        -0.5642217671105936,
        0.42862034972363944,
        0.5772353091627939,
        0.34933491997590843,
        -0.07629561064629062,
        -0.34331778106065003,
        0.11114315389912421,
        0.0547065062324817,
        -0.28921286426392523,
        -0.04653589840012366,
        -0.5543719314416944,
        0.2631850955362556,
        -0.03834500723251597,
        -0.04208203362976922,
        -0.1654518062670099,
        0.14048802494178092
      ],
      [
        0.2548217886999268,
        -0.11955898101691911,
        0.32956313116118013,
        0.44745704055665464,
        0.32757169977220274,
        0.44421227418604986,
        0.20972320345989648,
        0.30003059453187175,
        -0.5117653168436095,
        -0.20428024464447508,
        -0.32275951235121875,
        0.020155998471048413,
        -0.28139812507019135,
        -0.0957078975000982,
        0.2908275775397572,
        -0.06459600987788541
      ],
      [
        -0.10901488923544934,
        0.1482893206419794,
        -0.27316531426588814,
        0.37395335330074086,
        -0.35270470845243324,
        0.6386996706236059,
        0.23145607612264413,
        -0.26874370636972855,
        -0.5467383231798875,
        0.41877402597169894,
        0.32206627545556304,
        0.4887492145922853,
        0.21470425526657028,
        -0.48319726448177475,
        -0.10420778615401222,
        -0.3342705149430969
      ],
      [
        0.45967073536161707,
        0.1841513274536835,
        -0.07194209340615904,
        -0.41761063224132655,
        -0.15302148502053733,
        -0.16668782789225497,
        0.048528938677851116,
        0.1564764539209072,
        0.30037452982144003,
        -0.04764830696834533,
        -0.315749069315978,
        0.32397869330477447,
        0.24814389417958774,
        0.057897741124466565,
        0.2530399580979686,
        0.006610504208832314
      ]
    ],
    [
      [
        0.5273370195496494,
        0.40706778981691527,
        -0.0021869574885146296,
        -0.03537498230465623,
        0.5162504578650002,
        -0.49996492649294827,
        0.2743356094544673,
        0.14286548090855983
      ],
      [
        0.22792151470111666,
        0.34583142022633945,
        -0.3749182330205462,
        -0.3467140794561256,
        -0.2514707544583296,
        -0.0404913948395316,
        0.10184163725417651,
        0.22755723580829793
      ],
      [
        -0.5803227865845411,
        0.011017684574297831,
        -0.20191757537344562,
        -0.003057964112188859,
        -0.41691202559477947,
        -9.372984975601394e-07,
        0.2153941350673427,
        -0.33021878680414385
      ],
      [
        0.16432603363342993,
        0.3271207625399812,
        -0.3510213892227855,
        0.009948851622315878,
        0.6273325404279059,
        -0.21012318687409343,
        -0.19916872967683436,
        -0.003224445484900085
      ],
      [
        -0.15097390224317608,
        -0.3939277651725307,
        0.05464604818656333,
        -0.000572870633709483,
        -0.28572461674482696,
        -0.2923989553919723,
        0.3415101297698726,
        -0.16898561904248202
      ],
      [
        -0.13160861809117125,
        0.20935637791725484,
        0.297135953338157,
        -0.016005787095994973,
        0.5878467860388971,
        -0.08020080419636438,
        -0.4289200506887717,
        0.44653037951572444
      ],
      [
        0.022573545976239413,
        0.2810800450067423,
        -0.052089771043315636,
        0.0018335276716437876,
        -0.0029784394279625975,
        0.06573416545191835,
        -0.35248781311446015,
        -0.10868080831396382
      ],
      [
        -0.44079959381355666,
        0.11227332379192571,
        0.05582339317421836,
        -0.02680275416330321,
        0.06458095367139725,
        -0.17960563135428204,
        0.0730603040420341,
        -0.32526572967958717
      ],
      [
        0.09520758262594921,
        -0.20755576032682715,
        0.43896608129592496,
        -0.028899641743758923,
        -0.06789464471067595,
        -0.2342035230927223,
        0.492119837145668,
        0.2410899177288307
      ],
      [
        -0.07067716989517518,
        0.34212186219458535,
        0.27749116315914263,
        -0.02961401264001254,
        0.269544415929437,
        0.04587598187649832,
        -0.14156490442081665,
        0.5084175427529627
      ],
      [
        0.44259055255720287,
        0.17798548983703957,
        -0.21724957697755873,
        -0.06933074243729938,
        0.3550475533561812,
        0.3090996020265791,
        0.36340149741377864,
        0.3072689558069547
      ],
      [
        0.15228791360958982,
        -0.36658930342678586,
        -0.5503106968006589,
        0.2271268542626209,
        0.25357699170471254,
        -0.4749817808082135,
        -0.5115056178119595,
        0.13225862090223797
      ],
      [
        -0.5457567085116078,
        -0.34754781325198814,
        -0.05885924748812037,
        0.03497735832884939,
        0.16181510120009246,
        -0.019737872738940475,
        0.0982576661957313,
        -0.3650956136425834
      ],
      [
        -0.2866469228947889,
        0.1316030347443673,
        0.2325208933566694,
        0.08348815138848976,
        0.13008687130773017,
        0.16298925900177447,
        -0.29139981405471216,
        -0.24176843435553963
      ],
      [
        -0.1299617049786889,
        -0.15067179128187222,
        0.3469747050978796,
        -0.012025369880186442,
        0.5544314298661152,
        -0.02338669510848318,
        0.12626611296852813,
        0.0785145718363725
      ],
      [
        0.05055595128295844,
        -0.029507061388628665,
        -0.2883667602780108,
        0.036777800221567014,
        -0.1886539576971914,
        -0.4094384888261677,
        0.16275917273466928,
        -0.32584012222148306
      ]
    ],
    [
      [
        0.7886135123994081
      ],
      [
        0.6655272526201663
      ],
      [
        -0.30750031546925444
      ],
      [
        -0.0978145476445609
      ],
      [
        1.0275833335017464
      ],
      [
        -0.13164748654620434
      ],
      [
        -0.5362245566385638
      ],
      [
        0.14709913556733217
      ]
    ]
  ],