{
  "trained_at": "2026-04-05T04:27:05.842647",
  "n_samples": 1360,
  "n_features": 6,
  "feature_names": [
    "log1p_days_since_last",
    "n_correct",
    "n_wrong",
    "accuracy",
    "log1p_n_reviews",
    "log1p_days_since_first"
  ],
  "scaler_mean": [
    1.392500541948844,
    1.7735294117647058,
    0.8389705882352941,
    0.6909042020071425,
    1.1945141685619605,
    2.016429538924987
  ],
  "scaler_std": [
    0.7666178324594257,
    1.2024017199728998,
    1.0872707868055773,
    0.3476426456367216,
    0.41507186071198116,
    0.9023822509371945
  ],
  "weights": [
    [
      [
        -0.26308673235586744,
        0.490710009964362,
        0.23846498552911535,
        -0.15615729439652987,
        -0.3263931453217627,
        -0.33849371049323485,
        -0.2814222084505276,
        0.34251343065447515,
        0.1269366605645476,
        0.07562602633674803,
        -0.6954926410164887,
        0.43958763984041976,
        0.4171576825360234,
        -0.01614779524442806,
        -0.2984960814863243,
        -0.2992528541967974
      ],
      [
        -0.13774742200782522,
        0.16975544714205318,
        -0.0947693653609983,
        -0.15259172919844421,
        0.13549840368344562,
        -0.4161045005200102,
        -0.4204180080299032,
        -0.1802602191078283,
        -0.1213383049036854,
        0.6926819062484312,
        -0.00041354691632692535,
        0.1838369041948481,
        0.017266013586761712,
        -0.6251433958483602,
        0.10738771675535196,
        -0.28466076702416526
      ],
      [
        -0.5926648097711178,
        0.30333386250486494,
        0.586968640880387,
        0.23236646336548938,
        -0.1426250877936673,
        -0.41274936560297165,
        0.27714069585091317,
        0.0014699665962460942,
        -0.21529724527992966,
        -0.19712462755461618,
        -0.6116941045125556,
        0.3757673285919278,
        -0.1928522151839662,
        0.016383643048489133,
        -0.14312523163739105,
        -0.05863301002398576
      ],
      [
        0.17748061447270982,
        -0.17203762613116055,
        0.41247894826216785,
        0.3658786251771638,
        0.40376116350554897,
        0.3853318552137672,
        -0.002031238755769616,
        0.3604245650366919,
        -0.6123134225210887,
        -0.031376331321063475,
        -0.2905887649093115,
        -0.016872569533765102,
        -0.1924910721615503,
        -0.21582282802354083,
        0.30162867803781845,
        -0.047068635600717564
      ],
      [
        -0.33906511614272605,
        0.081785510473383,
        -0.3080235464346763,
        0.31835377399958936,
        -0.4035000290623362,
        0.53467218520389,
        0.32443161686061806,
        -0.2628108108598768,
        -0.433602146416831,
        0.4556898002283918,
        0.42648125276138504,
        0.47350135673428084,
        0.18580030832825503,
        -0.6197721936425414,
        -0.09831345294350655,
        -0.4196391083542447
      ],
      [
        0.25368328790511413,
        0.21642156419439548,
        -0.03265789901359439,
        -0.5669947555395021,
        -0.22606034339317946,
        -0.18346111716504862,
        0.4131327938426832,
        0.13360252195342992,
        0.38984067398202915,
        -0.0321120578664827,
        -0.38223600832128735,
        0.24331091248141876,
        0.2757199127668239,
        0.0008337094144661597,
        0.26619683979583103,
        -0.06308031235486511
      ]
    ],
    [
      [
        0.5276407574070457,
        0.40929626066133473,
        0.04233357157710599,
        0.12537123181286708,
        0.527061756105492,
        -0.43893800457308535,
        0.28464471557886534,
        0.14915365462806882
      ],
      [
        0.09231468424622492,
        0.2042537667421088,
        -0.06950099118737861,
        -0.47653344657393254,
        -0.23797098451632512,
        -0.11958633924408162,
        0.5285115904136553,
        0.15647748639225098
      ],
      [
        -0.43378764828935307,
        0.16529213790996963,
        -0.08940145723852225,
        -0.49089120561706123,
        -0.2825031210947287,
        -0.007464028428673708,
        0.3821847962706243,
        -0.016592904621905984
      ],
      [
        0.1211998332343621,
        0.3290421304183623,
        -0.3386799701708524,
        0.5007466813174183,
        0.7079462389661929,
        -0.5329518965653423,
        -0.1879882403706594,
        -0.011249832902879368
      ],
      [
        -0.1913428787173301,
        -0.4447219053972525,
        0.08505669347777735,
        -0.03876572121528439,
        -0.4450151936489964,
        -0.2915611747418371,
        0.38626352383555185,
        -0.24338974978259564
      ],
      [
        -0.1853563251160918,
        0.1667826173548686,
        0.32638947903167803,
        -0.25654810885965207,
        0.5487063222368762,
        0.08545633724439596,
        -0.40083124303356293,
        0.4244016375238853
      ],
      [
        -0.26975338524143316,
        0.049386221386708555,
        0.0324004207340857,
        0.14803553770286643,
        -0.21858866460846071,
        0.21533567633889605,
        -0.284733416095767,
        -0.36153175241962765
      ],
      [
        -0.39521682662707774,
        0.16017846118120493,
        0.115931106702172,
        -0.3426447268847113,
        0.1034661873292074,
        -0.2637586400069459,
        0.06040117739034536,
        -0.25151089939045496
      ],
      [
        0.10364117666410357,
        -0.19535713971889976,
        0.4785302682502466,
        -0.34585093942213435,
        -0.1441832965762654,
        -0.18694688003770896,
        0.5101785991027424,
        0.2590947022689537
      ],
      [
        0.041844696124522525,
        0.49130441466501795,
        0.27956938710388013,
        -0.287508099155127,
        0.42449743870264334,
        -0.4081527166313708,
        -0.4368454606947175,
        0.678916425702407
      ],
      [
        0.4361118242542869,
        0.17252517589788166,
        -0.20722612618883934,
        -0.20580275406539486,
        0.3647489714896412,
        0.33963967775088744,
        0.3841181971010742,
        0.3148523624859785
      ],
      [
        0.057998860150142044,
        -0.46006691631214097,
        -0.4041072966899019,
        0.3009230788434698,
        0.23085291596973623,
        -0.5354928431289004,
        -0.3105263707654166,
        0.10680560140589708
      ],
      [
        -0.542893467343503,
        -0.37425126491216837,
        0.08719864764852561,
        0.11899606583759882,
        0.053932178715084184,
        -0.2069606095659805,
        0.19010733768655724,
        -0.3252447127669644
      ],
      [
        -0.357975230325258,
        0.057659012245232004,
        0.33066593984563497,
        0.26445165470608095,
        0.13390957292166633,
        0.2090762816365715,
        -0.18867696355248487,
        -0.326986059049935
      ],
      [
        -0.12851581046521093,
        -0.1478586751341231,
        0.38441214455892325,
        -0.1588237771973969,
        0.6320987507514544,
        0.03624539767416244,
        0.18267616297078199,
        0.10795440826050423
      ],
      [
        0.007764084576364906,
        -0.08012898178729784,
        -0.2343316717219461,
        0.10813176089097533,
        -0.22871035067395265,
        -0.4155867231041544,
        0.21952249630643872,
        -0.38939938292598575
      ]
    ],
    [
      [
        0.7889440413623872
      ],
      [
        0.753519824262411
      ],
      [
        -0.27901948721035513
      ],
      [
        -0.40907448505567723
      ],
      [
        1.0112850812005596
      ],
      [
        -0.16234639459707534
      ],
      [
        -0.5312130167167
      ],
      [
        0.21048847517090397
      ]
    ]
  ],