{
  "trained_at": "2026-05-23T03:31:34.974021",
  "n_samples": 5699,
  "n_features": 6,
  "feature_names": [
    "log1p_days_since_last",
    "n_correct",
    "n_wrong",
    "accuracy",
    "log1p_n_reviews",
    "log1p_days_since_first"
  ],
  "scaler_mean": [
    1.6038971198739982,
    3.0949289349008597,
    1.1487980347429374,
    0.740491354381744,
    1.5113629591625497,
    2.555436358164959
  ],
  "scaler_std": [
    0.8977446492154159,
    2.083350194777424,
    1.2947597263576716,
    0.27652258033656657,
    0.5411652494121015,
    1.0977676295913206
  ],
  "weights": [
    [
      [
        -0.17036494987670395,
        0.3430037491050259,
        0.5773819215207683,
        -0.17164457731427887,
        -0.30327860922584915,
        -0.3697978150944685,
        -0.6053255263489855,
        0.42681634267508944,
        0.13014252570502696,
        -0.03412611996320196,
        -0.7888336626579141,
        0.43910815250943963,
        0.3606014925100687,
        -0.25227170074766886,
        -0.3383228514043567,
        -0.3551979124661197
      ],
      [
        -0.02341360429296535,
        0.22409511713870786,
        -0.07923768832342279,
        -0.1515495450122573,
        0.20272014061123525,
        -0.15352949035747004,
        -0.1883934266367976,
        -0.14470292028070808,
        -0.21886368128469932,
        0.526344222264289,
        -0.07502819384400579,
        0.235399344482557,
        -0.053910884436519056,
        -0.576687214662319,
        0.2017368359394637,
        -0.33868021988700076
      ],
      [
        -0.6601243198998689,
        0.3629771658521962,
        0.6290629663446557,
        0.25844328826419244,
        -0.07968083992764949,
        -0.3016178927596692,
        0.026278004588581136,
        0.07071548415444949,
        -0.2870343294133778,
        -0.04082391900687074,
        -0.6878515828322732,
        0.3592316747474917,
        -0.03096653819623235,
        0.30137850589598464,
        -0.14612947341764415,
        0.21349776842755963
      ],
      [
        0.28155991424721133,
        -0.11986619499032118,
        0.3909444388976149,
        0.3779780054067089,
        0.3317002301111663,
        0.3795266427554143,
        -0.008707846535070085,
        0.31411668605212756,
        -0.533963324195675,
        -0.0974567963072263,
        -0.29742010323550333,
        -0.16141695753698063,
        -0.3033348932037288,
        -0.2664658836916044,
        0.3493772010316438,
        -0.08583056924344264
      ],
      [
        -0.1888096441246151,
        0.14951044322358115,
        -0.2707926808535226,
        0.36264914980750473,
        -0.3479085523963232,
        0.698208583975466,
        0.08983461255521898,
        -0.21733959165124472,
        -0.5329351398101938,
        0.4165869754406491,
        0.3048314206724862,
        0.5562257414685786,
        0.22102683037576,
        -0.42176314365097317,
        -0.0796065221892279,
        -0.27565790273397067
      ],
      [
        0.3785533616072466,
        0.12271050077207918,
        0.004206859725454589,
        -0.4848401306636757,
        -0.1443810507185403,
        -0.2559037889416248,
        -0.018250241839921296,
        0.2135591298284693,
        0.29898914340337,
        -0.26789406101851193,
        -0.3449957923737503,
        0.11370071812478068,
        0.27967225457837436,
        -0.011581872664860167,
        0.2946470613257951,
        0.018383678120605873
      ]
    ],
    [
      [
        0.5409547529097103,
        0.4194509578355326,
        0.010560737142424706,
        0.0016034041155087587,
        0.5309640695628537,
        -0.4753864828164268,
        0.2984868964701787,
        0.1527183218512837
      ],
      [
        0.20436179856191267,
        0.31301362942301203,
        -0.25515612253057446,
        -0.3834950945192324,
        -0.27431600275761264,
        -0.07029570965996368,
        -0.03230161136914866,
        0.15082230335602778
      ],
      [
        -0.578662233543521,
        -0.06176170820121403,
        -0.20969361385946228,
        -0.13541332305512,
        -0.4759222397892741,
        -0.0007182380755609403,
        0.2656270240628768,
        -0.4574684369557471
      ],
      [
        0.0403278089950272,
        0.20972786367170862,
        -0.1673208542448517,
        0.576627865261418,
        0.427612735330949,
        -0.24118177376920766,
        0.11340954589723655,
        -0.0984469971686093
      ],
      [
        -0.15345282883422995,
        -0.39986594480907944,
        0.05865846526854612,
        -0.024068093787342194,
        -0.2899516464677106,
        -0.2943237346052093,
        0.3475898971980723,
        -0.17756232850168793
      ],
      [
        -0.12934016172112042,
        0.20999767019687574,
        0.3144594402138035,
        -0.5555950839168106,
        0.6186895829557074,
        0.002345015818287294,
        -0.35564372283568524,
        0.4521898587930837
      ],
      [
        0.1134638085419657,
        0.3777195328216073,
        -0.17967607582061068,
        0.20338375243104953,
        0.05014282243481179,
        0.023211564879624086,
        -0.4536796463621248,
        -0.01646852374836742
      ],
      [
        -0.41177777748161976,
        0.11722886394005888,
        0.09695931850740547,
        -0.09859028454612706,
        0.06367185536765581,
        -0.1810479308751046,
        0.09155192938158711,
        -0.32361611234247306
      ],
      [
        0.09786925586186357,
        -0.20758440343288315,
        0.4963697988413509,
        -0.5102454744567476,
        -0.09622675781562726,
        -0.1932641851883894,
        0.4858884202140929,
        0.2490519723196589
      ],
      [
        -0.07965994046481051,
        0.34470587074837733,
        0.2340615958007758,
        -0.18990692438784995,
        0.3055283375575812,
        -0.1492133238934531,
        -0.27298689835494755,
        0.4723019850277329
      ],
      [
        0.42092194875454164,
        0.15619384395455357,
        -0.20268431171977871,
        -0.1151451681212362,
        0.37624184500003766,
        0.34366945600626364,
        0.4277387977496532,
        0.2870055955989451
      ],
      [
        0.17613417856791105,
        -0.35286428003100206,
        -0.4879864114334952,
        0.32238745962252546,
        0.2537779353793184,
        -0.7098431672545412,
        -0.6123859542955865,
        0.0963704776896571
      ],
      [
        -0.5281044634532869,
        -0.37961384416606464,
        -0.08692529149125369,
        0.05970767035847045,
        0.1457174445224625,
        0.013033413598049432,
        0.07015181783127593,
        -0.42998435801991564
      ],
      [
        -0.34517428892278373,
        0.07461426257907283,
        0.2546952234437718,
        0.39483623519775396,
        0.1395248311274437,
        0.21347040548769677,
        -0.25140061730498137,
        -0.29618683769633636
      ],
      [
        -0.05176841903726122,
        -0.07208318630929797,
        0.29229111412541237,
        -0.1359526353687651,
        0.7244536108981537,
        -0.05168816117665482,
        0.07536159566284388,
        0.16693047961272267
      ],
      [
        0.03485345967926396,
        -0.04737986571908964,
        -0.3001084161586439,
        0.15282004015072648,
        -0.16463035496961495,
        -0.3934981821039654,
        0.189346499619954,
        -0.3377509011469424
      ]
    ],
    [
      [
        0.8144316218972023
      ],
      [
        0.6860658246617359
      ],
      [
        -0.32150877320491394
      ],
      [
        -0.5629027286240548
      ],
      [
        1.040723022068521
      ],
      [
        -0.18316123000076695
      ],
      [
        -0.5643731444012924
      ],
      [
        0.16843796916957618
      ]
    ]
  ],