{
  "trained_at": "2026-05-06T03:15:42.260731",
  "n_samples": 3738,
  "n_features": 6,
  "feature_names": [
    "log1p_days_since_last",
    "n_correct",
    "n_wrong",
    "accuracy",
    "log1p_n_reviews",
    "log1p_days_since_first"
  ],
  "scaler_mean": [
    1.5939273271092382,
    2.481540930979133,
    0.9435527019796682,
    0.7344628799679057,
    1.3771449742693023,
    2.3839523725850134
  ],
  "scaler_std": [
    0.9049660150323571,
    1.5648310390930296,
    1.1501842991081113,
    0.2999494791184339,
    0.47021843795504314,
    1.0228598037484378
  ],
  "weights": [
    [
      [
        -0.2653906912288588,
        0.2703187075732749,
        0.5354173956778633,
        -0.22670314993756638,
        -0.2856604356544069,
        -0.4911735875525038,
        -0.44179619483701627,
        0.3960330191812463,
        0.2093793195077068,
        0.3900428679416101,
        -0.8654620277657388,
        0.4906723967219235,
        0.3839045868968872,
        -0.3345802826608063,
        -0.3111571447162825,
        -0.30784320630063994
      ],
      [
        0.05674999045584662,
        0.33418230707804525,
        -0.01604307040147667,
        -0.18235083278041833,
        0.20300250991457594,
        -0.34803369089057573,
        -0.08889843020899722,
        -0.18938395044230638,
        -0.2128686361212313,
        0.16792187541091266,
        -0.04637112536513324,
        0.13650812967819162,
        -0.07925227746635577,
        -0.6089288839338208,
        0.2664133820859744,
        -0.24808049245455663
      ],
      [
        -0.6336675456414461,
        0.36493803708726924,
        0.6116362519906375,
        0.12287701344757518,
        -0.08992669940060993,
        -0.4195252352460304,
        0.22189451472267369,
        -0.006299842446706051,
        -0.2808933179455725,
        0.03914590188810854,
        -0.5807224095377281,
        0.44348622881847954,
        -0.09357834579945894,
        0.3460301708562641,
        -0.14493455297178337,
        0.03302049636599812
      ],
      [
        0.2617691533565122,
        -0.11602413822419055,
        0.3595581924449998,
        0.3950571675130089,
        0.3426560996419188,
        0.38529082819414245,
        0.11736343083591765,
        0.36898732428712133,
        -0.5492420356261632,
        -0.2924304537604374,
        -0.33422125237774897,
        -0.10938379118713908,
        -0.273653880666464,
        -0.26103704810457107,
        0.33855875276611036,
        -0.08041482695076836
      ],
      [
        -0.13937513589559544,
        0.1895669957770714,
        -0.2321765379789464,
        0.1990721400894767,
        -0.3447415580953029,
        0.4831153934857845,
        0.33597391685238054,
        -0.25555226721958035,
        -0.5269371856106434,
        0.3324462696814869,
        0.3547919200046045,
        0.523230164266303,
        0.2315511245213755,
        -0.3333070111851417,
        -0.052895037224074556,
        -0.3317050905084035
      ],
      [
        0.40112979606743,
        0.20868578259259207,
        0.002391732389171943,
        -0.5220588237746141,
        -0.1376967579369668,
        -0.24209197822615555,
        0.1677999348620776,
        0.1457081232743957,
        0.33004420340759555,
        0.05958507562131784,
        -0.31037250963100177,
        0.17100213128416855,
        0.18947463962928868,
        0.052907465237583585,
        0.3045304940254815,
        0.029827120856575184
      ]
    ],
    [
      [
        0.5458777283797033,
        0.42405483544384953,
        0.055330395028651516,
        0.09546404410902326,
        0.5586497397143114,
        -0.4821436884228688,
        0.3131114448107705,
        0.15990960650057465
      ],
      [
        0.20605513687506422,
        0.3227887322110825,
        -0.15712974849196154,
        -0.20752009814502032,
        -0.2639477538539414,
        -0.19209451462542526,
        0.38251210565880017,
        0.18969646211490454
      ],
      [
        -0.5274405342686722,
        -0.004802307210712803,
        -0.13569651731057758,
        0.021325406503515394,
        -0.6346883524101022,
        -0.004063184734699255,
        0.331696333881281,
        -0.2984708290883445
      ],
      [
        0.028291355504900292,
        0.2072754774553485,
        -0.2549010884185792,
        0.5820662730956365,
        0.4827707121308608,
        -0.3545146156336079,
        -0.006511762110367957,
        -0.1574884019081261
      ],
      [
        -0.15041859854091244,
        -0.39624784911751487,
        0.05304755513510131,
        -0.10306629975857678,
        -0.27719243156962114,
        -0.30050720636963013,
        0.34457963406972897,
        -0.17769295584676745
      ],
      [
        -0.18530700875921993,
        0.1579177668889194,
        0.34576091955197424,
        -0.4033652410221516,
        0.5277663103456989,
        0.05054281206222516,
        -0.39470561076785154,
        0.394428443424834
      ],
      [
        0.05748930014026124,
        0.327614350271403,
        -0.004672620636691881,
        -0.04430509195648071,
        -0.1336895879086321,
        0.07728660435851642,
        -0.2608393907284368,
        -0.09824408613224048
      ],
      [
        -0.44335343591203175,
        0.09418805952949988,
        0.12516796038784012,
        -0.2646733736986147,
        0.04027244729950114,
        -0.20416683216107423,
        0.10080331835842707,
        -0.3155961377669613
      ],
      [
        0.07846656741805363,
        -0.2320024659826861,
        0.4826699688064029,
        -0.2612103014311312,
        -0.12269106473669733,
        -0.1540686494918347,
        0.5172377556146295,
        0.2441435148513446
      ],
      [
        -0.2483975877116588,
        0.18449013350144358,
        0.26117183696460894,
        0.1701859724896468,
        0.09294054974006408,
        -0.19374236083011917,
        -0.49625064907236716,
        0.3013198927599233
      ],
      [
        0.44961852826829146,
        0.18289651594185363,
        -0.21618611364655085,
        -0.20607073064358247,
        0.33730107052593344,
        0.35004636201849276,
        0.4054898838187423,
        0.3162325387479095
      ],
      [
        0.1633109354678845,
        -0.35077438878238276,
        -0.4444330766170949,
        0.5223713179024818,
        0.2404270687887709,
        -0.7737325770990708,
        -0.4295497243928492,
        0.12415879691192501
      ],
      [
        -0.493993729826058,
        -0.3199531268710973,
        -0.025774638149702902,
        0.3402619126435636,
        0.18978457596828205,
        -0.11888418960342018,
        0.13741273815615349,
        -0.3176041948344461
      ],
      [
        -0.34581870557572425,
        0.07218344341031778,
        0.26134028730052367,
        0.4154888913105918,
        0.09072429143664405,
        0.22584124017401527,
        -0.22916312019333315,
        -0.29862032208922396
      ],
      [
        -0.04297442202071565,
        -0.06310214249231545,
        0.3907784931439436,
        -0.3441668991339466,
        0.7136585142935128,
        -0.056265878850550476,
        0.2105981364739169,
        0.18119527021601523
      ],
      [
        0.13177325793061567,
        0.04774082655949296,
        -0.3744611968734752,
        0.14015197866698936,
        -0.13085582141448485,
        -0.48082141858018296,
        0.10267154426859057,
        -0.2566158798580204
      ]
    ],
    [
      [
        0.8624220176126168
      ],
      [
        0.6807214132654915
      ],
      [
        -0.3116128787505088
      ],
      [
        -0.34444561855732164
      ],
      [
        0.9746646374489306
      ],
      [
        -0.25553608658343
      ],
      [
        -0.5379165026425006
      ],
      [
        0.1436142537344915
      ]
    ]
  ],