{
  "trained_at": "2026-07-06T12:42:38.518830",
  "n_samples": 10315,
  "n_features": 6,
  "feature_names": [
    "log1p_days_since_last",
    "n_correct",
    "n_wrong",
    "accuracy",
    "log1p_n_reviews",
    "log1p_days_since_first"
  ],
  "scaler_mean": [
    1.736580431025646,
    3.844304411051866,
    1.201938923897237,
    0.7639412796360553,
    1.6371171708943426,
    2.7526828511722456
  ],
  "scaler_std": [
    0.9554553574355088,
    2.6278635399686983,
    1.2495025174473275,
    0.25077356896992203,
    0.5791661992131713,
    1.1852841715669855
  ],
  "weights": [
    [
      [
        -0.2370389373751609,
        0.30896676124494926,
        0.25653552501509935,
        -0.18649575351289208,
        -0.3109206443863306,
        -0.20558570444841498,
        -0.49435410857515405,
        0.4975919935731133,
        0.12340651394228172,
        -0.004493659363843042,
        -0.8271998597819558,
        0.390357170327287,
        0.4639146405777926,
        -0.23634087134306309,
        -0.1452541708884937,
        -0.2429681011214405
      ],
      [
        -0.06427433666151894,
        0.14892115419712532,
        -0.0634715413421986,
        -0.19769162476891866,
        0.21591638990596485,
        -0.21937771451337157,
        -0.16923996023623986,
        -0.2925619199199748,
        -0.1937960834201016,
        0.45345922550659057,
        -0.1308131212070116,
        0.2271246046637421,
        -0.07254446883710895,
        -0.41063130883658344,
        0.25140818637278256,
        -0.3310277841834998
      ],
      [
        -0.6171055098568948,
        0.3881815210594559,
        0.48583626731941243,
        0.3193392334742745,
        -0.08112569650275667,
        -0.3175863118651488,
        0.1394397085718149,
        0.061298310179523606,
        -0.3077068993522849,
        -0.10033907148117675,
        -0.5693506068982828,
        0.2399512305935371,
        0.023043576676893066,
        -0.03532613094008966,
        -0.20143407049864917,
        0.15977460037532915
      ],
      [
        0.2813874473912879,
        -0.16987825821203226,
        0.4950297657293835,
        0.426726989799262,
        0.33309154425299137,
        0.43497036289004726,
        0.22488263975777525,
        0.29462286994300807,
        -0.46445670672743766,
        -0.20869095105261973,
        -0.3458333986802931,
        0.02319217054696752,
        -0.26870365975972277,
        -0.12088713767403261,
        0.285731612470393,
        -0.05836137027759708
      ],
      [
        -0.1749182024313998,
        0.132440930136763,
        -0.3465579355588715,
        0.3837366348646876,
        -0.3362668387346765,
        0.6999119775587239,
        0.32410908367904084,
        -0.2818025958944699,
        -0.5467632650613193,
        0.4653003987886571,
        0.30286664153339826,
        0.4613640539768484,
        0.1957326566469456,
        -0.4709891647932681,
        -0.06539289629981875,
        -0.30239387926233163
      ],
      [
        0.32543623170857744,
        0.15939947900118784,
        -0.17916182670707873,
        -0.3939726901980512,
        -0.16785960525197768,
        -0.13883704893026597,
        0.051284768658342424,
        0.17360322690237703,
        0.3103860408446718,
        -0.023239594127021826,
        -0.31857258297934005,
        0.2773088323033401,
        0.25621965312409417,
        0.05290774499158584,
        0.40646076268641457,
        0.003886773738430326
      ]
    ],
    [
      [
        0.5152380803188571,
        0.3935511868155117,
        0.029145115275542123,
        -0.032461259301656,
        0.502492378979924,
        -0.45814672118281874,
        0.27220775418527143,
        0.129594808985985
      ],
      [
        0.15726128465478595,
        0.3240612314370574,
        -0.3692505594312027,
        -0.3212464880345508,
        -0.2881403370266925,
        -0.08139272018178721,
        -0.012386031877590922,
        0.16177910008112759
      ],
      [
        -0.3228674496439043,
        0.134534750335482,
        -0.18619490154672264,
        -8.604017266381001e-17,
        -0.1774315397582595,
        -4.2158603416565854e-07,
        0.2580936895345624,
        -0.007270154014483824
      ],
      [
        0.1179288994155962,
        0.2760613716007513,
        -0.3458398857336641,
        0.038489211810653866,
        0.6013290874780557,
        -0.22128120640883048,
        -0.16924583526613735,
        -0.03414896909426871
      ],
      [
        -0.15490028004714793,
        -0.3968354022109827,
        0.060336097602540766,
        -0.0007721332976342187,
        -0.2810357181014027,
        -0.2512961315991191,
        0.34362706108601304,
        -0.16922343602472636
      ],
      [
        -0.10636776337500004,
        0.2352199770377359,
        0.3158932388691134,
        -0.032404319933553305,
        0.637636336296952,
        -0.04222281646327246,
        -0.4214320165359906,
        0.46539150233917687
      ],
      [
        0.02451544963717697,
        0.28211125428463407,
        0.003045681488872902,
        0.012098663839620018,
        0.04787393975447998,
        0.07470639461610025,
        -0.40941971140614125,
        -0.10809182641316131
      ],
      [
        -0.48457583358699874,
        0.09106118681713261,
        0.07995728017914622,
        -0.018925046861631864,
        0.010225268726892308,
        -0.2133610033007967,
        0.05850702265387397,
        -0.37161941428563794
      ],
      [
        0.06608261739611201,
        -0.2269752525726545,
        0.4307879830477625,
        -0.06608887063482692,
        -0.10872757250334251,
        -0.22044515058953357,
        0.4901966694082879,
        0.20432251336553045
      ],
      [
        -0.07353578973800566,
        0.35119380279268997,
        0.3502848518711851,
        -0.0259788600023648,
        0.2735623790391705,
        0.0991307516105376,
        -0.08216984478741729,
        0.49986546750368543
      ],
      [
        0.43374188109174305,
        0.16845856438871676,
        -0.20894916065173483,
        -0.0524172204699431,
        0.34822496084085913,
        0.3091132265760745,
        0.37110618935548306,
        0.2963440721094271
      ],
      [
        0.1301321023080693,
        -0.34548878674688854,
        -0.4937212104850186,
        0.22890927004215372,
        0.24430149735500203,
        -0.41659249145113925,
        -0.5109552759587459,
        0.11641602585814081
      ],
      [
        -0.6487982972745573,
        -0.37468344911654544,
        -0.00023588670228704754,
        0.03004203523812054,
        0.06756020239073382,
        -0.0028538617665206565,
        0.0782652902417261,
        -0.4538638917314082
      ],
      [
        -0.27438003906812025,
        0.13930175653392027,
        0.22127590720759782,
        0.1452578100942503,
        0.148375937065628,
        0.16338204509793472,
        -0.3024919669632132,
        -0.23185949091319308
      ],
      [
        -0.05485777787006094,
        -0.07442984497868232,
        0.44745632827410575,
        -0.03331456467655388,
        0.7149954673478264,
        0.06017584562688089,
        0.16961656200953124,
        0.16134298483070963
      ],
      [
        0.07351561523583121,
        -0.009773543254108761,
        -0.3081157268353004,
        0.07077031509962327,
        -0.16642300258479586,
        -0.4145380506940141,
        0.14116165308027473,
        -0.30306366387224376
      ]
    ],
    [
      [
        0.7792986358891466
      ],
      [
        0.6661803185812097
      ],
      [
        -0.3132699081800143
      ],
      [
        -0.08677138248389116
      ],
      [
        1.0396823182125356
      ],
      [
        -0.15168413876874265
      ],
      [
        -0.5324746948393306
      ],
      [
        0.14672099593620302
      ]
    ]
  ],