{
  "trained_at": "2026-07-17T10:42:39.133230",
  "n_samples": 11025,
  "n_features": 6,
  "feature_names": [
    "log1p_days_since_last",
    "n_correct",
    "n_wrong",
    "accuracy",
    "log1p_n_reviews",
    "log1p_days_since_first"
  ],
  "scaler_mean": [
    1.7860922927248137,
    4.03827664399093,
    1.240544217687075,
    0.7682889564949087,
    1.6676968650778823,
    2.815128055141635
  ],
  "scaler_std": [
    0.970585211482833,
    2.791562396367007,
    1.29061066720496,
    0.2457087573205868,
    0.5919825035580826,
    1.1994223788662182
  ],
  "weights": [
    [
      [
        -0.27938808856134045,
        0.2616862328462751,
        0.588844909991911,
        -0.10979186759387514,
        -0.1571510953622051,
        -0.24394689619510887,
        -0.4914681744014386,
        0.45772640819918886,
        0.11775601463785745,
        0.05191523443677665,
        -0.7933688767204515,
        0.4326039101706466,
        0.41292276841425457,
        -0.17591499422247783,
        -0.14025095530762863,
        -0.23368156484702765
      ],
      [
        -0.06906656708168749,
        0.17970404936577333,
        -0.011200236809715566,
        -0.20494245990190918,
        0.16317055803727296,
        -0.2749684348461396,
        -0.1922758662667861,
        -0.25159378828298,
        -0.15128334732123452,
        0.4393926565518883,
        -0.2029225782469191,
        0.24243018180477072,
        -0.038112747453846026,
        -0.46681761547110817,
        0.20644658509290614,
        -0.3563590140147232
      ],
      [
        -0.6116134862504722,
        0.43865628327558126,
        0.6370822465592609,
        0.35451160261042514,
        -0.12888783598647496,
        -0.3620622845328479,
        0.16533234296951368,
        0.047867111567439266,
        -0.30583671365995746,
        -0.08541589056106043,
        -0.6270940805547222,
        0.2525953531510654,
        -0.033240768617417676,
        -0.008069983952016871,
        -0.2502081585186209,
        0.17286169412584437
      ],
      [
        0.2603273227073488,
        -0.1882218354647693,
        0.26149681733464436,
        0.4215962779870194,
        0.38114244963962357,
        0.45296654657248864,
        0.1601883885794025,
        0.30210442514077185,
        -0.4557838591417926,
        -0.20656273521427937,
        -0.32713595152243996,
        0.04468844247597587,
        -0.28304773959639934,
        -0.096672890195628,
        0.3552471712104906,
        -0.05406694926530753
      ],
      [
        -0.16908072669523694,
        0.1721170063611725,
        -0.3005056516173821,
        0.379469565691125,
        -0.3951278671698983,
        0.6646060929240273,
        0.3283249686923473,
        -0.28422630892347456,
        -0.5432414742529945,
        0.46853645801044735,
        0.26498124481490815,
        0.48301674518226634,
        0.21050173100834166,
        -0.4691728304465352,
        -0.0906636289794819,
        -0.3346401049217793
      ],
      [
        0.34387649057415065,
        0.1366461406607809,
        -0.1091196469676151,
        -0.41939131444387917,
        -0.15417027143173537,
        -0.12494749424175322,
        0.10764687968014988,
        0.17177132824174485,
        0.34330362441941553,
        -0.032249803413998815,
        -0.32448447762246657,
        0.3095195509402962,
        0.2760279213341747,
        0.053171480744476946,
        0.3865349971471629,
        -0.019689624187640913
      ]
    ],
    [
      [
        0.5224258870614716,
        0.40452124356674696,
        0.036359079842205946,
        -0.006975042913203247,
        0.5092244497413787,
        -0.44500798406320746,
        0.26040998578583674,
        0.13974742863007616
      ],
      [
        0.22141055405244833,
        0.33124553151698644,
        -0.1752429574958246,
        -0.374963040417586,
        -0.23500642891391638,
        -0.090235583840444,
        0.024323867172161066,
        0.21392704752189984
      ],
      [
        -0.7079128910670143,
        -0.1225804039562655,
        0.026443775351527133,
        0.08551564731866937,
        -0.6203754555426723,
        -3.5287066504437774e-07,
        0.25288911964555016,
        -0.4323517877499643
      ],
      [
        0.1939988935171131,
        0.3602586748790643,
        -0.2994701912904126,
        0.0017799642580820765,
        0.6052563191742304,
        -0.212687880344343,
        -0.14264203093779787,
        0.03354526320865108
      ],
      [
        -0.1447892390190988,
        -0.38712649902891183,
        0.04599568428932857,
        -0.0007122282023737142,
        -0.279217241418029,
        -0.28425162894120304,
        0.3342634553366417,
        -0.16336544442012899
      ],
      [
        -0.1359220380145088,
        0.20492753664144125,
        0.315225254474932,
        -0.044741735373615726,
        0.5988241407694677,
        -0.016455574073345965,
        -0.4208762009488451,
        0.44558190292309374
      ],
      [
        0.03995524739156301,
        0.30186296453977624,
        -0.046025712485667905,
        0.0021979885331510035,
        -0.009235049485679932,
        0.06577535760807855,
        -0.41768248722878876,
        -0.09334890270894339
      ],
      [
        -0.45347686429976064,
        0.11050051828581524,
        0.1331547395270973,
        0.030942956682747717,
        0.052223454493928685,
        -0.2035519733833032,
        0.04330785928289365,
        -0.3423524700898946
      ],
      [
        0.07258414632270051,
        -0.2140339250979315,
        0.4596985746089086,
        0.04446818922159299,
        -0.10816372983376868,
        -0.22874705292855144,
        0.47232588029473,
        0.20637596642652117
      ],
      [
        -0.08049713389629626,
        0.2989427367292179,
        0.23884412707735847,
        -0.06296003295136973,
        0.27010468891689665,
        0.08972557143400484,
        -0.09360485582993301,
        0.49242653087292504
      ],
      [
        0.43377225080536436,
        0.16820403969558326,
        -0.2132124799890814,
        -0.049686449858258826,
        0.34779791616212546,
        0.32395136011450154,
        0.37610152048825,
        0.29897472525677515
      ],
      [
        0.17321575872796477,
        -0.3533280776095978,
        -0.38136051248547226,
        0.25666516995891614,
        0.2855182636434872,
        -0.45920065499280205,
        -0.5600172221791699,
        0.14739315836868766
      ],
      [
        -0.5447116960550845,
        -0.3638388898082402,
        0.1573477959605033,
        0.07114538030325407,
        0.17123608800822476,
        -0.0022183418957612776,
        0.10018771095585317,
        -0.3717420407096686
      ],
      [
        -0.2900704607735064,
        0.1239949253080734,
        0.23194601486080324,
        0.04440726521546065,
        0.12430388388959086,
        0.16227860005333328,
        -0.2861660569441851,
        -0.24889432214732712
      ],
      [
        -0.058895438668660365,
        -0.12113831275468291,
        0.42213420688789055,
        -0.05948890423121032,
        0.7036209015138885,
        0.03611862370806586,
        0.17707814483007842,
        0.16363444598247087
      ],
      [
        0.04795209552168368,
        -0.03567789588669897,
        -0.29283663603696913,
        0.017592518051448163,
        -0.19453530096682659,
        -0.41193174218901335,
        0.16496582314783984,
        -0.3321404155850278
      ]
    ],
    [
      [
        0.8064527033166169
      ],
      [
        0.6548362602754642
      ],
      [
        -0.30163904831442456
      ],
      [
        -0.10193766775068167
      ],
      [
        1.0644187976579444
      ],
      [
        -0.1591281882167989
      ],
      [
        -0.5310812212661975
      ],
      [
        0.15635265266523052
      ]
    ]
  ],