{
  "trained_at": "2026-05-25T15:38:00.246440",
  "n_samples": 6002,
  "n_features": 6,
  "feature_names": [
    "log1p_days_since_last",
    "n_correct",
    "n_wrong",
    "accuracy",
    "log1p_n_reviews",
    "log1p_days_since_first"
  ],
  "scaler_mean": [
    1.6145352400523347,
    3.1654448517160945,
    1.147450849716761,
    0.7434952462631335,
    1.522911242748609,
    2.5754454854745035
  ],
  "scaler_std": [
    0.9013047317886611,
    2.1364138462230606,
    1.277969716960285,
    0.27410318013541657,
    0.5451245062715562,
    1.1067881247208269
  ],
  "weights": [
    [
      [
        -0.13676899459581618,
        0.3417663640240661,
        0.643268527565322,
        -0.24610798973277176,
        -0.25956934053471525,
        -0.3843667598922006,
        -0.7061496891776473,
        0.4645874340843903,
        0.0853862293233174,
        0.05009430260710461,
        -0.6589277980938316,
        0.40320709932739135,
        0.3630199106827389,
        -0.27832219720753765,
        -0.3447633286078199,
        -0.30991562672969214
      ],
      [
        -0.10517607943786242,
        0.15144647865845395,
        -0.06539569880200542,
        -0.14288039687409673,
        0.18202983944572956,
        -0.22774149293036625,
        -0.09630065219415203,
        -0.14110224428607313,
        -0.1679268986787935,
        0.28115227257814207,
        -0.21502010012702186,
        0.3225731377910638,
        -0.008004667014393495,
        -0.5225192371286653,
        0.2631408542037435,
        -0.2750543697977565
      ],
      [
        -0.6501422848236941,
        0.3670386267099062,
        0.5690082839235279,
        0.2713775053230171,
        -0.08953416002204935,
        -0.3028925203070562,
        -0.00036852349554007875,
        0.08337697817325182,
        -0.27033698526364136,
        -0.03329875509445341,
        -0.6901992164086672,
        0.3029961678277384,
        -0.0009242174198761523,
        0.17432011557036867,
        -0.11680772144111425,
        0.11437444407232802
      ],
      [
        0.26578858457515503,
        -0.10916433073971113,
        0.4174767178181159,
        0.25618463721518264,
        0.33653523799493484,
        0.3653136245876897,
        0.01637371070337698,
        0.3045004057605385,
        -0.5311886767269945,
        -0.16401836324932378,
        -0.2638520362439191,
        -0.10472347365837713,
        -0.29504527183071866,
        -0.21312028151056076,
        0.390037898579772,
        -0.030327530366694548
      ],
      [
        -0.19601227393333912,
        0.12648794101051894,
        -0.28092544396033475,
        0.300774181230384,
        -0.36168276098202856,
        0.6459705780819998,
        0.2511979612530279,
        -0.2329343899024108,
        -0.5500836150133024,
        0.27427174226312256,
        0.22952622720524615,
        0.5215722391345963,
        0.21929890898121057,
        -0.43562103640759964,
        0.007880040117817372,
        -0.3010675838807508
      ],
      [
        0.4241553056958232,
        0.1430960931764561,
        -0.006642658052162715,
        -0.5132055220659854,
        -0.14462966647483125,
        -0.16409500742028352,
        0.034884321255627994,
        0.16690019798457453,
        0.2965562591236524,
        -0.1671274139827212,
        -0.33849265389408584,
        0.20358076036725303,
        0.2735173079101129,
        0.0034801774956702766,
        0.3138573973663703,
        0.0441781565157716
      ]
    ],
    [
      [
        0.5551072583756073,
        0.4359019265520533,
        -0.011690792323264107,
        0.21282781480551802,
        0.5153428686814661,
        -0.4187142158530494,
        0.2946745401067433,
        0.15686566337046734
      ],
      [
        0.21297535215991348,
        0.27682709948341094,
        -0.15307744184441455,
        -0.37507930963094904,
        -0.25098989718065406,
        0.04190589453240915,
        0.2168648665707937,
        0.12896385076305428
      ],
      [
        -0.5000588860803332,
        -0.013039617326202776,
        -0.1813369891599112,
        -0.11531256622526351,
        -0.36774697992582694,
        -4.218880291700429e-05,
        0.20257448478547158,
        -0.34341108490057676
      ],
      [
        0.04369165779405888,
        0.19269458733667247,
        -0.1733011560092139,
        0.164697197270639,
        0.4291004874764358,
        -0.17381298743076581,
        -0.02836179666010529,
        -0.09031259103233148
      ],
      [
        -0.14498539677730707,
        -0.37662009844755867,
        0.05107410159899964,
        0.017454655732385537,
        -0.2809612821423959,
        -0.20171113237890984,
        0.32415909311636926,
        -0.13567257790865228
      ],
      [
        -0.09706578793270498,
        0.2340206228503072,
        0.2554148482592372,
        0.03585047608620918,
        0.5516721562952595,
        -0.08876680088482891,
        -0.39158635079736326,
        0.4120909991809073
      ],
      [
        0.12438958283496239,
        0.39056867112249916,
        -0.18158415508641104,
        -0.17017583119031357,
        0.001862756414864021,
        0.011230102656789807,
        -0.5059990152753382,
        -0.024844221865302118
      ],
      [
        -0.433027100921759,
        0.10413965322591563,
        0.09082118303622586,
        -0.34375436990423464,
        0.07223118997815652,
        -0.07122608412114016,
        0.0849437831568781,
        -0.32807949629274674
      ],
      [
        0.09656565229350654,
        -0.19995705206812933,
        0.47025499938846277,
        -0.18500507318018358,
        -0.057454409598345295,
        -0.20486288096090138,
        0.47607673132336825,
        0.2446676982685611
      ],
      [
        -0.15907685074961758,
        0.19465200327993212,
        0.1869723335350976,
        0.0626743086511349,
        0.16337548231605684,
        -0.013462935128612347,
        -0.12442830677614838,
        0.30550338206251204
      ],
      [
        0.3751892270327786,
        0.11163900563096228,
        -0.15997324991175182,
        -0.009054628816959754,
        0.28769457900999956,
        0.3916951018440564,
        0.4152182838995428,
        0.2351242933543958
      ],
      [
        0.19295963988276857,
        -0.3555481472470812,
        -0.4445979619931546,
        0.37224520126361255,
        0.24323853524830977,
        -0.47141336635021047,
        -0.4378669876745175,
        0.11759142244979598
      ],
      [
        -0.5086225298763065,
        -0.3679195286086231,
        -0.027580248740310228,
        0.07021361034410939,
        0.16036514927896178,
        -0.02514904337536523,
        0.07569904740324422,
        -0.35525752213119105
      ],
      [
        -0.3120032463159773,
        0.10262173593914675,
        0.23701113676501553,
        0.0013181810572992767,
        0.12313199935488016,
        0.2109933735212114,
        -0.28224782595608616,
        -0.2533342067461278
      ],
      [
        0.006106784191630792,
        0.0020233996184524333,
        0.1345301353137693,
        -0.1178673301689546,
        0.7781747579883409,
        -0.14279585246149254,
        0.035102266644808304,
        0.14720556570125193
      ],
      [
        0.0475412843083385,
        -0.03268114114210741,
        -0.28089301723384785,
        0.004194534845107019,
        -0.18763519917502722,
        -0.3645142134300633,
        0.1467928390530473,
        -0.2964987868789781
      ]
    ],
    [
      [
        0.8119466076016116
      ],
      [
        0.6684602196070414
      ],
      [
        -0.3095363712750411
      ],
      [
        0.22424216616031617
      ],
      [
        0.941114802923046
      ],
      [
        -0.20503633591936857
      ],
      [
        -0.551814744819246
      ],
      [
        0.14289777226294967
      ]
    ]
  ],