{
  "trained_at": "2026-07-19T10:23:38.991596",
  "n_samples": 11172,
  "n_features": 6,
  "feature_names": [
    "log1p_days_since_last",
    "n_correct",
    "n_wrong",
    "accuracy",
    "log1p_n_reviews",
    "log1p_days_since_first"
  ],
  "scaler_mean": [
    1.7939102764313322,
    4.066237021124239,
    1.2450769781596849,
    0.7694652086989585,
    1.6719619212043748,
    2.8267720363309694
  ],
  "scaler_std": [
    0.9739867598107009,
    2.8140386486904316,
    1.30118027454173,
    0.24477764998037035,
    0.5932021927213603,
    1.1994770041801646
  ],
  "weights": [
    [
      [
        -0.25344137033711805,
        0.35456952885506937,
        0.5743709573594179,
        -0.10886008198168749,
        -0.11569365598523824,
        -0.24172891122574233,
        -0.6495528029030884,
        0.4617486144995892,
        0.11365870565716085,
        0.06976929257725242,
        -0.7409287436950744,
        0.35774013321218573,
        0.4138975070992745,
        -0.1491742241828191,
        -0.12620609793369147,
        -0.25090313580578577
      ],
      [
        -0.06779454895084044,
        0.18507462140593428,
        0.005931207243060362,
        -0.21182166849155648,
        0.16279491688943568,
        -0.2820907141641989,
        -0.1702128815232517,
        -0.26032913790781226,
        -0.14223778529934403,
        0.4121916844963835,
        -0.21119075810358276,
        0.18405993966350537,
        -0.021873699613924456,
        -0.5328068235968603,
        0.23061320782761796,
        -0.37806184790437763
      ],
      [
        -0.616546023430223,
        0.4240570768670713,
        0.6195959316888149,
        0.35579872830899695,
        -0.15203778475591215,
        -0.3611911507280794,
        -0.015224980360314753,
        0.04432550223220123,
        -0.26472504723010676,
        -0.08089896455069262,
        -0.625771149284541,
        0.24335561653191612,
        -0.04177436062835427,
        -0.03222390133597059,
        -0.23763499593520357,
        0.18171945016858315
      ],
      [
        0.2707916583448785,
        -0.177874107346127,
        0.3105865983877692,
        0.42015204131493245,
        0.403839448366774,
        0.46525991329739047,
        -0.02556376187053579,
        0.31424539828958775,
        -0.46847427729189056,
        -0.19723426276207254,
        -0.31617551087167084,
        0.02605222659439176,
        -0.2791019159719231,
        -0.05421459886569788,
        0.32113030160980827,
        -0.08443498676576683
      ],
      [
        -0.17443457081439911,
        0.18907921826144355,
        -0.2924489601942724,
        0.3789692451228951,
        -0.3872139393331545,
        0.656611265462193,
        0.15038079252930808,
        -0.2668775933695139,
        -0.49652373015129386,
        0.45270507288904543,
        0.24771210772742783,
        0.43105734821739383,
        0.21883252674493844,
        -0.4861219677908422,
        -0.06847454437509477,
        -0.3291281372521451
      ],
      [
        0.3299707470436228,
        0.15574928974641974,
        -0.11021542099115701,
        -0.4099890499324382,
        -0.1422240563669987,
        -0.1314402868064888,
        0.024831048123212587,
        0.17461641554295515,
        0.3675052317238329,
        -0.050699610666192635,
        -0.32434841653852137,
        0.2825147359537752,
        0.2831355446308684,
        0.003302063669950475,
        0.4023143453454145,
        -0.050303516028850234
      ]
    ],
    [
      [
        0.506495656574543,
        0.3861102274576935,
        0.0546075519919064,
        -0.01820094422637441,
        0.4977853912679954,
        -0.523624508597634,
        0.28533981425786853,
        0.1215980434881368
      ],
      [
        0.22917855728817815,
        0.3529215917417072,
        -0.17524485769405032,
        -0.31511358937607653,
        -0.23699240577228217,
        -0.07598790671827708,
        0.46994873097494033,
        0.24850482725452006
      ],
      [
        -0.6982149959499463,
        -0.1114135261166323,
        0.03855461941524218,
        0.0001782959542947314,
        -0.6127951230383735,
        -2.3103589810331836e-07,
        0.47958688065052146,
        -0.3567831171942726
      ],
      [
        0.21809205061811046,
        0.3888957972011948,
        -0.2837636495176125,
        0.0005123970546385911,
        0.5718573419783208,
        -0.18810012291253847,
        -0.15943226462287272,
        0.061043518720929085
      ],
      [
        -0.12674157366043057,
        -0.3698031737440764,
        0.03230067922400499,
        -0.00017323631146269077,
        -0.2485131516037909,
        -0.2587441507806518,
        0.31753677613891457,
        -0.14422545212470508
      ],
      [
        -0.13233266691097606,
        0.20650875107481453,
        0.3091695538322469,
        -0.027302605563109972,
        0.6104206531533155,
        -0.11677856045999506,
        -0.4178266950919748,
        0.44073446067112976
      ],
      [
        0.1619631723860957,
        0.4218256503033284,
        -0.12403295177963208,
        0.0008865668015633474,
        0.09090578848356053,
        -0.03086789298292156,
        -0.4496613829535779,
        0.023036860407146434
      ],
      [
        -0.45312526560894495,
        0.10510436490396606,
        0.15662443261620884,
        -0.007519361000000666,
        0.0521462922626202,
        -0.1802773807379604,
        0.11340973785529426,
        -0.32800684961135973
      ],
      [
        0.0920867881586103,
        -0.20132768187822594,
        0.45228712812956673,
        -0.02388289802678927,
        -0.08785743053066482,
        -0.2573010387793568,
        0.4697013085882844,
        0.22853486401759268
      ],
      [
        -0.08988681770646466,
        0.3106421762505366,
        0.11617579192769281,
        -0.015079875588562847,
        0.2548785900611862,
        0.02964504229808536,
        -0.18043099150974368,
        0.48878536711529386
      ],
      [
        0.40649004142357215,
        0.14126047367772523,
        -0.17939847366036582,
        -0.0461181662180891,
        0.31272331883270943,
        0.33511286525877954,
        0.4129115793336848,
        0.2708631268770136
      ],
      [
        0.1679486363610549,
        -0.34703057587864694,
        -0.3865861080734388,
        0.23549338188918612,
        0.2784130752213085,
        -0.4761016813917768,
        -0.3609663772995694,
        0.16682627969580513
      ],
      [
        -0.5387667784571912,
        -0.3340331534770926,
        0.1565896134069717,
        0.044158619518307365,
        0.18073850461941413,
        -0.00013508282634894746,
        0.2737620922381224,
        -0.32023604959320867
      ],
      [
        -0.3168239279900351,
        0.09816080670336841,
        0.2617467560713801,
        0.038311324291666504,
        0.09162652065286067,
        0.20099632764916864,
        -0.25516782360981144,
        -0.27208612931685167
      ],
      [
        -0.03470075595203486,
        -0.060840781976546805,
        0.40015966415818277,
        -0.016905882061703015,
        0.7470129629781284,
        0.0031001183770105125,
        0.1685970824966719,
        0.18346977709366966
      ],
      [
        0.026363239664919158,
        -0.056411105029478055,
        -0.26446323053396986,
        0.014889617854491518,
        -0.2301015029104241,
        -0.37403179876758874,
        0.19909949569084306,
        -0.3479013898146127
      ]
    ],
    [
      [
        0.794011626127433
      ],
      [
        0.6548290291342241
      ],
      [
        -0.2942179015140997
      ],
      [
        -0.08640193830169825
      ],
      [
        1.0531858474596016
      ],
      [
        -0.17724493343276512
      ],
      [
        -0.5458230571048485
      ],
      [
        0.16036556233662572
      ]
    ]
  ],