{
  "trained_at": "2026-04-22T07:46:20.021570",
  "n_samples": 2534,
  "n_features": 6,
  "feature_names": [
    "log1p_days_since_last",
    "n_correct",
    "n_wrong",
    "accuracy",
    "log1p_n_reviews",
    "log1p_days_since_first"
  ],
  "scaler_mean": [
    1.4883510096077854,
    2.052880820836622,
    0.7892659826361483,
    0.7278982560454546,
    1.2582013015039775,
    2.1557124631866222
  ],
  "scaler_std": [
    0.8146634853321921,
    1.3106500146623556,
    1.0159478206292667,
    0.32231065023882755,
    0.41666582714146605,
    0.927237307586769
  ],
  "weights": [
    [
      [
        -0.20330154860690863,
        0.38574024449012756,
        0.18860900622829704,
        -0.14212485138842343,
        -0.22054356915465667,
        -0.3845516582418595,
        -0.4508014316416145,
        0.36497813707423454,
        0.23441107553572807,
        -0.012608493922414194,
        -0.8331513998145087,
        0.32565013480545224,
        0.4134020472170938,
        -0.3240417135892065,
        -0.33093288536773846,
        -0.3558608543191751
      ],
      [
        0.09058937158785882,
        0.24505370093791756,
        -0.13839519866234917,
        -0.10126729343825867,
        0.1883497933533123,
        -0.43814658956867936,
        -0.15590482169472616,
        -0.12508309580034835,
        -0.1340372824570609,
        0.5642022079822101,
        -0.08102093593633557,
        0.21496425757394352,
        0.024301621508287203,
        -0.6213911005649595,
        0.258967796725816,
        -0.23127431065566856
      ],
      [
        -0.5867959643131897,
        0.2503817157996695,
        0.664726131214807,
        0.2810135885812613,
        -0.09265010391665401,
        -0.4126047578126648,
        0.13358913182390933,
        -0.026143762495301995,
        -0.2694432862027534,
        -0.16655833118269844,
        -0.5413421391538294,
        0.40326101924730207,
        -0.09722629332164809,
        0.26817848348920315,
        -0.10876155457446918,
        -0.12098507717247416
      ],
      [
        0.23644643980924981,
        -0.05678461502593375,
        0.3857544872977604,
        0.38559748154872453,
        0.34532670555889866,
        0.42057087982396457,
        0.121824406167287,
        0.36322619510450327,
        -0.5963242538130762,
        -0.061390527482473915,
        -0.3149634603467442,
        -0.04810248516314687,
        -0.21137454348789642,
        -0.2395655667441264,
        0.34673713350940283,
        -0.04111553394555168
      ],
      [
        -0.14224615978504437,
        0.15117981807435646,
        -0.2881932394127529,
        0.34205023994845113,
        -0.35477373274571533,
        0.434248756988234,
        0.21973843258971662,
        -0.23204286085442535,
        -0.4269481021160836,
        0.43705364453497325,
        0.340769737889122,
        0.5352173046933374,
        0.18056990229885417,
        -0.43810694377485426,
        -0.03595427989616648,
        -0.3818866534205407
      ],
      [
        0.43689653525158134,
        0.3355094179332165,
        -0.07526972680347994,
        -0.5343287104295282,
        -0.11702287418396272,
        -0.2265117341281755,
        -0.007277417892631848,
        0.14615702657075721,
        0.42163911664777476,
        -0.05682443959848098,
        -0.36289918221295736,
        0.15524403210661508,
        0.2712139362353019,
        0.005669871437138967,
        0.3521919767757588,
        0.019299990305588856
      ]
    ],
    [
      [
        0.5424374373561954,
        0.42402663184383227,
        0.06534201141495957,
        -0.014853773638005986,
        0.5131792685412504,
        -0.3505381542840222,
        0.3251808411970631,
        0.16218447781818263
      ],
      [
        0.09334530346347818,
        0.2052637569558905,
        -0.10201190209855321,
        -0.2973183372792848,
        -0.3380193151952963,
        -0.1322768434272375,
        0.49662045089055296,
        0.13650457345451397
      ],
      [
        -0.552086482803057,
        0.10976410414034732,
        -0.08353796233271571,
        -0.04845969441691846,
        -0.09632838007110767,
        -0.22377315159348254,
        0.541129618413047,
        -0.2302810505352401
      ],
      [
        0.0828419172349457,
        0.2643362987550038,
        -0.3567535795570233,
        0.5319251342104375,
        0.7081231260310551,
        -0.4500451915740492,
        -0.12032331734077811,
        -0.11228171929678411
      ],
      [
        -0.1444178316351332,
        -0.38708988334878847,
        0.04503310030962308,
        -0.04078073575544167,
        -0.2605362829941929,
        -0.230634182903951,
        0.33635708928415853,
        -0.16657555914021602
      ],
      [
        -0.1743881812552917,
        0.1728766863744539,
        0.3264779066045411,
        -0.40648850546719384,
        0.5402364411425207,
        0.12996955024909562,
        -0.39645100761633995,
        0.4167300686042711
      ],
      [
        0.016301527388267838,
        0.2726719473053543,
        -0.05089166220438044,
        -0.010274451254554152,
        -0.060797917938354595,
        0.12336520476912874,
        -0.3329783707474947,
        -0.15042453797604347
      ],
      [
        -0.40371793055473854,
        0.13227688426821413,
        0.11655533610756054,
        -0.5648418027398123,
        0.0658889637881949,
        -0.1906330131930654,
        0.08252187898289999,
        -0.2608145758478659
      ],
      [
        0.09899599716225475,
        -0.21810564187658132,
        0.4850095340726547,
        -0.390720601576058,
        -0.20932286159746208,
        -0.11756962442749465,
        0.5157306736490316,
        0.26169704303051805
      ],
      [
        -0.001129144235705484,
        0.4448274956278051,
        0.23874306796963365,
        -0.1028822818018373,
        0.27323893552372763,
        -0.1452167145422626,
        -0.4706711749403776,
        0.6013646610143315
      ],
      [
        0.42195911397682107,
        0.15748867987825754,
        -0.19100812633762748,
        -0.15966749774376268,
        0.32881730133914644,
        0.38386334181884113,
        0.45536739117009906,
        0.2948410694979148
      ],
      [
        0.10349391861051144,
        -0.3937454013055176,
        -0.44513931870343443,
        0.3823533509745327,
        0.1262903387679234,
        -0.7197612480643157,
        -0.3857788045161851,
        0.11643842359231407
      ],
      [
        -0.5929035834659434,
        -0.4831916810905197,
        0.025314857893484883,
        0.3049785041708607,
        0.06751839100313851,
        -0.13320759585829786,
        0.16625782354716595,
        -0.35713357371182575
      ],
      [
        -0.33463942331328395,
        0.07686530083454887,
        0.2832691323844437,
        0.3865296978377657,
        0.15902618680955533,
        0.22173288439754743,
        -0.21400516978456788,
        -0.29456215072937003
      ],
      [
        -0.06906857069683858,
        -0.08708162288738634,
        0.38228732353913125,
        -0.23692456865514971,
        0.7686366432974627,
        0.032112807791292754,
        0.2232475820780244,
        0.15821794536593545
      ],
      [
        0.13436551061322657,
        0.05416256902100139,
        -0.3753353318991995,
        0.22239891856928204,
        -0.13161554017491273,
        -0.47050704665698123,
        0.09966810411372182,
        -0.2437243521474699
      ]
    ],
    [
      [
        0.8185119816755095
      ],
      [
        0.7322223413949702
      ],
      [
        -0.3017302129365946
      ],
      [
        -0.3777114777009472
      ],
      [
        1.0502627822192485
      ],
      [
        -0.2653904902290733
      ],
      [
        -0.5875837456215343
      ],
      [
        0.17413807500514936
      ]
    ]
  ],