{
  "trained_at": "2026-03-24T15:04:17.332590",
  "n_samples": 670,
  "n_features": 6,
  "feature_names": [
    "log1p_days_since_last",
    "n_correct",
    "n_wrong",
    "accuracy",
    "log1p_n_reviews",
    "log1p_days_since_first"
  ],
  "scaler_mean": [
    1.4696263003872179,
    1.5940298507462687,
    0.7029850746268657,
    0.703834399431414,
    1.1249823649486033,
    1.9285105291712548
  ],
  "scaler_std": [
    0.6766695638269005,
    1.0937926072915596,
    0.9141459025344478,
    0.3654907732363329,
    0.36646874429537346,
    0.7597764915795389
  ],
  "weights": [
    [
      [
        -0.3451326713865311,
        0.5336951935577898,
        0.25554874325358734,
        -0.10870308462810009,
        -0.2729122020583004,
        -0.3043614231162296,
        -0.27904882648914703,
        0.45558287341820647,
        0.13880983983366837,
        0.19367499161987584,
        -0.7416304193535559,
        0.35799184259756883,
        0.394488132826893,
        -0.16024836013788069,
        -0.2250241058763027,
        -0.3681123587749821
      ],
      [
        -0.07978658985826058,
        0.19081992026945394,
        -0.014113015048032602,
        -0.015716019899332353,
        0.13534210458901869,
        -0.46060172334543786,
        -0.3400879818920191,
        -0.25521575112599265,
        0.019076698652073246,
        0.5359422583325136,
        -0.06905940391716921,
        0.04621675968832932,
        -0.04746958174978836,
        -0.6658119412419142,
        -0.0054136436715998765,
        -0.3390109401396102
      ],
      [
        -0.5885531834084884,
        0.34470493275951763,
        0.45096285629490473,
        0.3706128233343492,
        -0.10912911400969993,
        -0.29921454106859396,
        0.3446219725174563,
        0.046226926815730256,
        -0.3563462198989025,
        -0.10373746421909145,
        -0.5058169104407456,
        0.47812053081838357,
        -0.23979382114375827,
        0.23784874288211608,
        -0.17687609923002712,
        -0.09098248889231351
      ],
      [
        0.20183436455565143,
        -0.15833894708902801,
        0.45595696292574134,
        0.3931666820977672,
        0.3667357130402546,
        0.3825865139824328,
        -0.14957746377061984,
        0.31369408117442904,
        -0.5224670246680833,
        -0.1036508829865885,
        -0.28309199736949453,
        -0.20597599298677166,
        -0.21114226708661946,
        -0.34929879698334976,
        0.2987418373510458,
        -0.14765058524218444
      ],
      [
        -0.2873944945333228,
        0.15302035293784133,
        -0.3481143202618559,
        0.5660956574736037,
        -0.37399071523367583,
        0.6125692157986102,
        0.27669715203773926,
        -0.24625583403247756,
        -0.45732542214261473,
        0.47525254658231186,
        0.5062605398415783,
        0.43327906639104685,
        0.09777460717125959,
        -0.5560431950978045,
        -0.15726308065581304,
        -0.4882677223071556
      ],
      [
        0.3287843482791111,
        0.18943598619211974,
        -0.055745812326969034,
        -0.49836039801945853,
        -0.14163122355051952,
        -0.08693306511811885,
        0.35730015798967585,
        0.254090568211063,
        0.36175964616917955,
        -0.09875653330473239,
        -0.4997073296893554,
        0.2367241999757609,
        0.2697375015078201,
        -0.008789399012187893,
        0.2970204645689615,
        -0.12324753390566608
      ]
    ],
    [
      [
        0.5608901057147085,
        0.44407071427624967,
        0.015533565498655736,
        0.27735121819702535,
        0.5775536738964562,
        -0.3438901829409449,
        0.26709234589074277,
        0.19278321448582494
      ],
      [
        0.1696690964268652,
        0.2727373661438306,
        -0.14887608100759042,
        -0.31094024790073943,
        -0.2935364546227875,
        -0.19633921857962236,
        0.5450818485251819,
        0.188591272272651
      ],
      [
        -0.46608373122271823,
        0.0019478236039174068,
        -0.047966913104724083,
        -0.1297711280074814,
        -0.3394890007919646,
        -0.0074967874735479235,
        0.43058766065509113,
        -0.14108904794144003
      ],
      [
        0.35085314692427794,
        0.5414816209183387,
        -0.4921536875747478,
        0.18024741540553818,
        0.8714259375874562,
        -0.6223196401937715,
        -0.2140384795023967,
        0.15877900741387915
      ],
      [
        -0.15313171872475118,
        -0.3991742416869333,
        0.053102589644252136,
        0.014973711899830591,
        -0.3617347292145747,
        -0.2525765831204708,
        0.34604165954141985,
        -0.19009615416679282
      ],
      [
        -0.19898314824118765,
        0.1495429744796358,
        0.3694029182312096,
        -0.5179057786462562,
        0.523960140781361,
        0.17180133879959147,
        -0.36473746376884364,
        0.3996841596441422
      ],
      [
        -0.23384061593135919,
        0.0003091042354235212,
        0.14683333244095714,
        0.20787177038936938,
        -0.29895086000601556,
        0.28609398699989225,
        -0.14528199717115828,
        -0.5093787328602861
      ],
      [
        -0.4195158830589405,
        0.15304630518657453,
        0.1417242151901097,
        -0.5486370629186198,
        0.09858564038053003,
        -0.30735636304977915,
        0.10639354481773834,
        -0.28502477502534507
      ],
      [
        0.13520882246565769,
        -0.14588505698201878,
        0.4733367085576417,
        -0.20191136511625662,
        -0.1656371649663842,
        -0.2777085033846509,
        0.4253236710585763,
        0.33825484279806617
      ],
      [
        -0.014787845969961211,
        0.3959145321285595,
        0.24241533103003549,
        -0.12553279182746335,
        0.29127966102356095,
        -0.3640119352391892,
        -0.49426969326512,
        0.6060113244841905
      ],
      [
        0.456093310806092,
        0.19305683979025282,
        -0.16205850967195162,
        -0.07748006608053347,
        0.3455175308748224,
        0.41180520183360825,
        0.42265649960678736,
        0.3402042463000636
      ],
      [
        0.05168629395642165,
        -0.4951302589068684,
        -0.332437509789485,
        0.46573568455157827,
        0.19228527641837193,
        -0.47272178336218207,
        -0.22822599870338753,
        0.07582595151152996
      ],
      [
        -0.49258421380242257,
        -0.29232779073566617,
        0.07327392392091216,
        0.15081397923744963,
        0.20818390390986247,
        -0.24720639731409752,
        0.2717888154905734,
        -0.26625622975485014
      ],
      [
        -0.304321152918242,
        0.11096742114160252,
        0.2806248670443781,
        0.49439416369837075,
        0.0875723795582785,
        0.18864958348060398,
        -0.3206929411174324,
        -0.2447017702427212
      ],
      [
        -0.08313130877245026,
        -0.10165501331707746,
        0.34791706636771735,
        0.004337074049300973,
        0.7455160748815848,
        0.06200422729351111,
        0.1499911443834168,
        0.17779142488035424
      ],
      [
        -0.020429047366777905,
        -0.10836516362995763,
        -0.21333114322841343,
        0.36429120626752287,
        -0.41859056192205696,
        -0.3526943673976216,
        0.21918358363699333,
        -0.40441473064084277
      ]
    ],
    [
      [
        0.8511993879098542
      ],
      [
        0.7804577632950707
      ],
      [
        -0.2733365301139979
      ],
      [
        -0.3610899953964975
      ],
      [
        1.1789105499502661
      ],
      [
        -0.21925993224473767
      ],
      [
        -0.5279030616024211
      ],
      [
        0.23653289747561254
      ]
    ]
  ],