{
  "trained_at": "2026-07-02T10:03:21.643151",
  "n_samples": 9933,
  "n_features": 6,
  "feature_names": [
    "log1p_days_since_last",
    "n_correct",
    "n_wrong",
    "accuracy",
    "log1p_n_reviews",
    "log1p_days_since_first"
  ],
  "scaler_mean": [
    1.7171538163009186,
    3.7789187556629416,
    1.198530152018524,
    0.761550281613351,
    1.6252825524310461,
    2.7274151215364366
  ],
  "scaler_std": [
    0.9482409659371999,
    2.60490182141044,
    1.2510540623853428,
    0.25306653804304347,
    0.5786843529445476,
    1.182679035283054
  ],
  "weights": [
    [
      [
        -0.2482023362201917,
        0.30700282549945485,
        0.36830384455983994,
        -0.14070105168436484,
        -0.2817681885811829,
        -0.23959200564086058,
        -0.6363158160241933,
        0.506283045480447,
        0.030266644877133934,
        -0.02738498614635984,
        -0.744354919823196,
        0.40146015686961256,
        0.4671200008155144,
        -0.2002729036047031,
        -0.16861849824348832,
        -0.3015790176660731
      ],
      [
        -0.03555857588372894,
        0.19346014050477078,
        -0.09116370871587455,
        -0.1695636576821935,
        0.21550427620366805,
        -0.20832434286468848,
        -0.18807726566193958,
        -0.30503197128583437,
        -0.15651713054711724,
        0.4629754500633649,
        -0.16067743939247217,
        0.2423102969972859,
        -0.07237943062461501,
        -0.46553174128752656,
        0.23224600235519713,
        -0.3475970308089729
      ],
      [
        -0.5814392439238688,
        0.3905770382453202,
        0.48206611580362885,
        0.3331879517671224,
        -0.08063485202066216,
        -0.31283910828056444,
        0.019656419271537037,
        0.052161008400115304,
        -0.2897807152786563,
        -0.08869498499326106,
        -0.5817018618277651,
        0.2410234631857718,
        0.01133726334676468,
        -0.008604247262375058,
        -0.21122008650716625,
        0.1585462933735344
      ],
      [
        0.24743800526084242,
        -0.10566812457752106,
        0.4816095508741071,
        0.441160569232577,
        0.3314443828481821,
        0.4387535201521308,
        -0.015661155056955943,
        0.3001661314513248,
        -0.5093943083372757,
        -0.20089546706371275,
        -0.30466559783657915,
        0.025889648285121154,
        -0.2818054691024962,
        -0.11026061627780742,
        0.31684465010615076,
        -0.07856599988442503
      ],
      [
        -0.14614015854657667,
        0.1590601699265453,
        -0.3512859639570244,
        0.39338158924221617,
        -0.3384440155507891,
        0.6926077718592814,
        0.14560657191475598,
        -0.28452724635278465,
        -0.5234898541019384,
        0.46499369109136346,
        0.2815823535105481,
        0.4721016159937217,
        0.18968284829020562,
        -0.48625135105251704,
        -0.07152801909346128,
        -0.31623022768219233
      ],
      [
        0.3469190933556313,
        0.19705751528197082,
        -0.15547108881684382,
        -0.4096113645225494,
        -0.14745118887112874,
        -0.15890808681128693,
        0.019887913906546786,
        0.1822056595258551,
        0.3264642833450473,
        -0.005581884496650086,
        -0.3364850817368444,
        0.3210584610766676,
        0.24564739146102108,
        0.04481707775650741,
        0.40536267581353536,
        0.003241667357713124
      ]
    ],
    [
      [
        0.5100550091772255,
        0.38856930408845824,
        -0.003334974095786462,
        -0.0145553523806506,
        0.5013664738500885,
        -0.5338682524872808,
        0.28246782053716957,
        0.12630011004676092
      ],
      [
        0.1794196422191752,
        0.3347299305510797,
        -0.38033958201001766,
        -0.37473789987934175,
        -0.2896778654923704,
        -0.012024637076111767,
        0.04611318488400368,
        0.1997375755332554
      ],
      [
        -0.3464009952175898,
        0.12925574463472067,
        -0.17443062255282318,
        -5.3738712254583064e-05,
        -0.16261251069149454,
        -4.257411614430627e-05,
        0.283580313949027,
        -0.03031568688309843
      ],
      [
        0.12260539072254838,
        0.2873812414493093,
        -0.288463502104058,
        0.012489007975400326,
        0.5833129227094525,
        -0.20714815893954439,
        -0.16375964131440637,
        -0.044874488993796924
      ],
      [
        -0.1469100534193703,
        -0.39155283152972875,
        0.052398289551146074,
        -0.0007092142811579373,
        -0.26729713158973595,
        -0.28749247829772306,
        0.3399133942294583,
        -0.1663617159690215
      ],
      [
        -0.1386506532817489,
        0.2035967979011739,
        0.3294919703928548,
        -0.03654793805014987,
        0.5991219468273029,
        -0.06506077705785601,
        -0.4120836915768054,
        0.4440211303326488
      ],
      [
        0.15794819158847104,
        0.42145543321132,
        -0.11576083326047262,
        0.003236791078067124,
        0.139826860277506,
        0.03921834307807837,
        -0.44317326285132497,
        0.016690444068420573
      ],
      [
        -0.49557304993378887,
        0.08116322171926495,
        0.03785821487135788,
        -0.023444538017910646,
        0.004316622201189932,
        -0.20944634302422038,
        0.07445760065870802,
        -0.3718916879670492
      ],
      [
        0.07891748449183522,
        -0.21607287617404766,
        0.4213604960584817,
        -0.04454772188728543,
        -0.08978054538007871,
        -0.23642471453299643,
        0.4809080576476296,
        0.22907945544472988
      ],
      [
        -0.07740062208588556,
        0.34158029111750904,
        0.4443877283206619,
        -0.02645879256555775,
        0.2522334601329882,
        -0.002075685838659974,
        -0.21449409814096107,
        0.5099990571859099
      ],
      [
        0.39366909389779764,
        0.1280087954114535,
        -0.16507758079986226,
        -0.07048138599245943,
        0.31484335079026404,
        0.352367605383617,
        0.4123760810729164,
        0.2592536132080836
      ],
      [
        0.1313266351904692,
        -0.35138953701110087,
        -0.5369189077522575,
        0.2582369282668371,
        0.2344670149969145,
        -0.48226016743472455,
        -0.4946575260399157,
        0.1312245117496238
      ],
      [
        -0.6445337201297132,
        -0.3802301296211628,
        -0.08291625624607314,
        0.05933063179454164,
        0.07049878286212787,
        -0.040612210674196986,
        0.10098772294571286,
        -0.4291733555846927
      ],
      [
        -0.2845519727300781,
        0.13080853794421826,
        0.23000576853737675,
        0.0701271202070078,
        0.12410773491076528,
        0.18235154021987124,
        -0.2951670503132858,
        -0.24567403660745804
      ],
      [
        -0.06955240674286135,
        -0.08949292813362446,
        0.3662560206431279,
        -0.03818377638085085,
        0.7058661814904739,
        -0.007648882217262848,
        0.17065025647999446,
        0.15609772448769513
      ],
      [
        0.042599282589865006,
        -0.04043273086254251,
        -0.2795789323429351,
        0.02870338392740644,
        -0.2037999731148524,
        -0.39457982283824067,
        0.1750517909757401,
        -0.3396851059276991
      ]
    ],
    [
      [
        0.7772867758493788
      ],
      [
        0.6730814897796308
      ],
      [
        -0.29854890702839343
      ],
      [
        -0.10357156372014112
      ],
      [
        0.9878950140506347
      ],
      [
        -0.17908388825973226
      ],
      [
        -0.556503335184105
      ],
      [
        0.14580918986366478
      ]
    ]
  ],