{
  "trained_at": "2026-06-18T16:46:37.525983",
  "n_samples": 8533,
  "n_features": 6,
  "feature_names": [
    "log1p_days_since_last",
    "n_correct",
    "n_wrong",
    "accuracy",
    "log1p_n_reviews",
    "log1p_days_since_first"
  ],
  "scaler_mean": [
    1.6780098126988325,
    3.563811086370561,
    1.1780147662018048,
    0.7534336226846705,
    1.5894529271877502,
    2.6682862767222724
  ],
  "scaler_std": [
    0.9413375301250109,
    2.460385895237363,
    1.2555091567651169,
    0.2623913637514195,
    0.5685670093342725,
    1.1712156881756226
  ],
  "weights": [
    [
      [
        -0.20010743894232258,
        0.3197913285041661,
        0.615656066279755,
        -0.15440259319664335,
        -0.32176608559507974,
        -0.24747899844970714,
        -0.4066034010139097,
        0.4150408373721771,
        0.15226464909709966,
        -0.016523219835384607,
        -0.8457999886466432,
        0.4216373240746962,
        0.40090057584577976,
        -0.3800850081836276,
        -0.291888615307015,
        -0.1972816529030663
      ],
      [
        0.03957010698605723,
        0.1630898994214894,
        -0.08915311653800034,
        -0.20396531013878771,
        0.1942655215454443,
        -0.2663500343885086,
        -0.1745555567829242,
        -0.2159128300307445,
        -0.21744134248667843,
        0.4474898517665654,
        -0.1939480964346782,
        0.290723057817159,
        -0.08849610250476654,
        -0.3899501720346804,
        0.1305594291994234,
        -0.3319968097519853
      ],
      [
        -0.573599020249231,
        0.42445184279563747,
        0.5800909758431445,
        0.3028173996996542,
        -0.07548231427275205,
        -0.3427536307512737,
        0.25721936818659535,
        0.055851918183133745,
        -0.23990237495998046,
        -0.01483686076520265,
        -0.644156371518358,
        0.27335616452645234,
        -0.036350746327398584,
        -0.12518553087090578,
        -0.17564786379477967,
        0.17842353675572242
      ],
      [
        0.262276032237077,
        -0.1886947704275428,
        0.3265974243684257,
        0.4365105562794753,
        0.3358310422960002,
        0.42919514636132133,
        0.08399797738112175,
        0.31978534763102623,
        -0.5293460636657178,
        -0.2124954623751361,
        -0.2958471324436323,
        0.048218080806898385,
        -0.28115546085260207,
        -0.06438504908035837,
        0.2837511688350607,
        -0.06029302188355538
      ],
      [
        -0.10685461608575536,
        0.1601103742741742,
        -0.25987224240226,
        0.3844326603656892,
        -0.36379512884822607,
        0.6776438235826208,
        0.36112454758180307,
        -0.24679249981766158,
        -0.5440075800970824,
        0.4132251549277096,
        0.2480125206139817,
        0.49856550555936424,
        0.20776245414422828,
        -0.4911942979278059,
        -0.07905151730039157,
        -0.3041660924074786
      ],
      [
        0.4033611236732393,
        0.14852598256746075,
        -0.0544231245998911,
        -0.456241511613854,
        -0.19163113136697998,
        -0.18343999142898207,
        0.13679134185685288,
        0.16880330403077504,
        0.28829305520067394,
        -0.09551700569281536,
        -0.31281719025248794,
        0.3424918959658796,
        0.26581480017919207,
        0.06250486466511683,
        0.2330167360455027,
        0.03905937620207565
      ]
    ],
    [
      [
        0.5127263486343077,
        0.40249956128360315,
        0.004233012945527214,
        -0.04661484572164978,
        0.5057445727458199,
        -0.4950135959254802,
        0.25729321061724203,
        0.12513903566914164
      ],
      [
        0.2083502551651789,
        0.32864785373138516,
        -0.39517002736522266,
        -0.329149806140241,
        -0.2574510412403529,
        -0.07273276935085318,
        0.11939324024497651,
        0.13827680650201454
      ],
      [
        -0.566977516479026,
        0.04038857860109648,
        -0.33070165651592043,
        -0.00010361397107416357,
        -0.49813828347941286,
        -5.814861748987544e-14,
        0.07175315577315065,
        -0.44247742543246465
      ],
      [
        0.17859671024091164,
        0.3383372137762442,
        -0.34053847446828645,
        0.0020885599614107703,
        0.6193860078301693,
        -0.28004437079019284,
        -0.2884602290986276,
        0.005873100021240658
      ],
      [
        -0.19543016058385823,
        -0.43449939758453937,
        0.09474289999849271,
        -5.665012395325023e-05,
        -0.3378412202687297,
        -0.22876211912415376,
        0.3794524809845954,
        -0.20062736952287835
      ],
      [
        -0.10659661208134681,
        0.23491019741882058,
        0.29374352025341044,
        -0.019532202476493277,
        0.6205271312731321,
        -0.1428566741888449,
        -0.43505962926800873,
        0.4525760213375442
      ],
      [
        0.019819067273921045,
        0.28085342284328496,
        -0.011044617482740073,
        0.0021906051527168548,
        0.01641900509060602,
        -0.047716774050945106,
        -0.3734902101168004,
        -0.11747535617819779
      ],
      [
        -0.4294311408174062,
        0.12754043904620202,
        0.02880485379553885,
        -0.02162446835633978,
        0.05825350939225187,
        -0.1801899598714433,
        0.04930451575116162,
        -0.33558512598768386
      ],
      [
        0.08840285657912356,
        -0.21573701006906912,
        0.4448230538566662,
        -0.016557861296461883,
        -0.11419125563782567,
        -0.19322606952389376,
        0.5177019772650536,
        0.22014941636790433
      ],
      [
        -0.08784455199468472,
        0.3314217195897395,
        0.38629099669411066,
        -0.028401380712448063,
        0.26326096789563647,
        -0.14414144659446432,
        -0.09533336528839265,
        0.45624829596277205
      ],
      [
        0.44850292166862066,
        0.18457528066575554,
        -0.22707999169117582,
        -0.05169616981786006,
        0.3891046052455973,
        0.27347682325466516,
        0.3476714697687271,
        0.3084070487405476
      ],
      [
        0.1449243379613148,
        -0.3640999298863987,
        -0.5291926917618744,
        0.22169464762256727,
        0.2477085713053778,
        -0.5136589938851288,
        -0.5262105375275657,
        0.06277609585083178
      ],
      [
        -0.5574378700920002,
        -0.3671604747627725,
        -0.09507814822030934,
        0.026007827475031643,
        0.10292772961972547,
        -0.017131627517493225,
        0.07505656095240947,
        -0.4522132530640699
      ],
      [
        -0.27241108300362316,
        0.14230289421346237,
        0.22471395315210785,
        0.05031541962786326,
        0.16620263098706037,
        0.1512896609264951,
        -0.3056865808146995,
        -0.2220370851672718
      ],
      [
        -0.139798807944273,
        -0.16030350350593822,
        0.37932683883243173,
        -0.008038683650725804,
        0.5361240585937278,
        -0.043691866879725386,
        0.046153593725239826,
        0.05570524967990737
      ],
      [
        0.05484155221247991,
        -0.024755152534832552,
        -0.2881174777141361,
        0.021608706132977377,
        -0.16706128748110133,
        -0.39843516257192246,
        0.14884845199308708,
        -0.30684194220598177
      ]
    ],
    [
      [
        0.779825871298936
      ],
      [
        0.677508360344249
      ],
      [
        -0.31790672171939266
      ],
      [
        -0.06301669152016376
      ],
      [
        1.0750667635707063
      ],
      [
        -0.15820197716299542
      ],
      [
        -0.5489755290027288
      ],
      [
        0.1419499485964868
      ]
    ]
  ],