{
  "trained_at": "2026-05-26T08:11:17.205755",
  "n_samples": 6032,
  "n_features": 6,
  "feature_names": [
    "log1p_days_since_last",
    "n_correct",
    "n_wrong",
    "accuracy",
    "log1p_n_reviews",
    "log1p_days_since_first"
  ],
  "scaler_mean": [
    1.616993566953419,
    3.176558355437666,
    1.148872679045093,
    0.7439173567987163,
    1.5250707803279326,
    2.5793821592594566
  ],
  "scaler_std": [
    0.9014464369075652,
    2.1435922244164285,
    1.278411357573931,
    0.2736627091486686,
    0.5455664614541723,
    1.1069593509025695
  ],
  "weights": [
    [
      [
        -0.19290243113064476,
        0.3616562158028867,
        0.5631054457883405,
        -0.17392457380399462,
        -0.31422909780691893,
        -0.3725493960178307,
        -0.6416344313596916,
        0.44962005887190565,
        0.1386866163276392,
        -0.058048583058864615,
        -0.7126545084700073,
        0.41748237501492225,
        0.3728480067953066,
        -0.296349495164899,
        -0.2797072893190913,
        -0.32871367349768466
      ],
      [
        -0.09873096637115,
        0.22041196657626752,
        -0.13918999347682245,
        -0.1525949262368978,
        0.1897646547717837,
        -0.18593121083800374,
        -0.21424431967189975,
        -0.18812937723710146,
        -0.22981387455940974,
        0.5042899056977564,
        -0.15155615512472517,
        0.24960199175364425,
        -0.07901196446404385,
        -0.5399390316412841,
        0.11446753726804464,
        -0.3528028453889123
      ],
      [
        -0.6740830536676716,
        0.3728609406069718,
        0.6483351302718342,
        0.2561428068737259,
        -0.08762354536119012,
        -0.31189737956493535,
        0.09982378998799088,
        0.07431352464433559,
        -0.2640351653078528,
        -0.032843246233793456,
        -0.7432712872759907,
        0.31957237433355995,
        -0.03265561243656431,
        0.18882667249403537,
        -0.20557091763798255,
        0.2310861263950681
      ],
      [
        0.2521831607801955,
        -0.11862927827148324,
        0.3425355443902024,
        0.3408076386729659,
        0.34042904505092836,
        0.363909435011701,
        -0.008583294209622476,
        0.3182288010941376,
        -0.529673283271072,
        -0.07345846874870049,
        -0.2789794907168742,
        -0.11332495618278508,
        -0.2967325109072218,
        -0.2019876904268426,
        0.31385291278884997,
        -0.08248850397565648
      ],
      [
        -0.2012177372658158,
        0.14593437416976524,
        -0.2846417817442465,
        0.37387297950037574,
        -0.360668510522218,
        0.7090711417436654,
        0.13342886582087252,
        -0.2419914118018484,
        -0.554249033238811,
        0.40092535427053877,
        0.26601416049550014,
        0.5340533333164517,
        0.22582412206638094,
        -0.4393384507768993,
        -0.0894512761151803,
        -0.28451808938475637
      ],
      [
        0.3952028180665945,
        0.1229624440237073,
        -0.02124181418516651,
        -0.4906357863545507,
        -0.1607464628890934,
        -0.21317326573153986,
        0.010988098935083714,
        0.17355855319483124,
        0.2851988533798248,
        -0.12992076304701888,
        -0.344750275827403,
        0.17303302277126328,
        0.2585015070598799,
        0.01956610047285356,
        0.2535021904985813,
        0.011527021186689468
      ]
    ],
    [
      [
        0.5518460083773387,
        0.4319723056951176,
        -0.003969457735497629,
        -0.03930068503220447,
        0.5496666601609044,
        -0.47547514145525177,
        0.29691338978700726,
        0.16448309290975985
      ],
      [
        0.22054084418568573,
        0.3207771658799538,
        -0.18279017045189005,
        -0.39476622609592,
        -0.2664375503869699,
        -0.051764416211239714,
        0.19918929133624616,
        0.1598117002892863
      ],
      [
        -0.615454368230007,
        -0.0963526533754869,
        -0.17447025060136204,
        -0.05081623025101832,
        -0.5258363460788947,
        -1.882740370799725e-05,
        0.24483621410943232,
        -0.4897885561935116
      ],
      [
        0.07306270418975291,
        0.23854122071044842,
        -0.2358942166659836,
        0.5213043377639274,
        0.4465723058327601,
        -0.2315253026259999,
        0.08339872340071035,
        -0.09244108498623115
      ],
      [
        -0.16186629240878364,
        -0.406861816775881,
        0.06494425173829273,
        -0.033852139256206025,
        -0.3035296975810559,
        -0.3022720012568681,
        0.3540322915887184,
        -0.18281005578892184
      ],
      [
        -0.12653088949654143,
        0.2119499071915933,
        0.3173171864218502,
        -0.5226191384872046,
        0.6179070275397557,
        -0.005122864245293829,
        -0.3777275383102248,
        0.4462934264851405
      ],
      [
        0.12947203278523017,
        0.39353008587105237,
        -0.1428623856232615,
        0.15419165624211711,
        0.023760247730335006,
        0.04475560039927722,
        -0.5062083078508185,
        -0.018061765134218644
      ],
      [
        -0.432548327765045,
        0.11860424107337712,
        0.09166030398621298,
        -0.12506836263413607,
        0.04791573320248724,
        -0.1756197318905161,
        0.08874695787079938,
        -0.34507709435378825
      ],
      [
        0.08297505900102811,
        -0.21857955554660438,
        0.4905830302560664,
        -0.38323405572953145,
        -0.11213962860262665,
        -0.2088712184066649,
        0.494327728964628,
        0.23298846942496557
      ],
      [
        -0.10464441480143373,
        0.31096606643386243,
        0.3712473475379431,
        -0.1828146607818086,
        0.27179520688149195,
        -0.16197252789640426,
        -0.2575333971358443,
        0.45121764960591615
      ],
      [
        0.4098211280996687,
        0.14380115652166556,
        -0.1976752984148321,
        -0.12424038379111592,
        0.3656053639862146,
        0.34726853695292675,
        0.4031510338089048,
        0.27653657299535206
      ],
      [
        0.18077916317073184,
        -0.35105627087902824,
        -0.48910157164853885,
        0.3046775090531407,
        0.25632404558431504,
        -0.6482560230875493,
        -0.5502310022241825,
        0.09980239975233814
      ],
      [
        -0.5239935599459473,
        -0.3528815813028174,
        -0.04388956388195867,
        -0.006467841200058178,
        0.15727201765718798,
        0.01929332493911635,
        0.10598017498128404,
        -0.41662091731048356
      ],
      [
        -0.31183545965876347,
        0.10053174400293512,
        0.23958962261292788,
        0.3603053820000467,
        0.12626432463038076,
        0.19692432697705542,
        -0.29125246656015036,
        -0.26730691979978394
      ],
      [
        -0.04019418065212979,
        -0.060972214214938834,
        0.28447268152731964,
        -0.01667860561650748,
        0.7328801510352667,
        -0.04686863085424848,
        0.07348646365288046,
        0.16950304635022245
      ],
      [
        0.038486050361351415,
        -0.047338596847751206,
        -0.2980722112464545,
        0.1515147194018334,
        -0.19057136704084668,
        -0.3972065800185409,
        0.16627251455332126,
        -0.3407630028595476
      ]
    ],
    [
      [
        0.8154421985026836
      ],
      [
        0.6849506905563825
      ],
      [
        -0.3149062302108523
      ],
      [
        -0.5397441674190112
      ],
      [
        1.0468902318694362
      ],
      [
        -0.17676544919094744
      ],
      [
        -0.569220591862485
      ],
      [
        0.1599352543664543
      ]
    ]
  ],