{
  "trained_at": "2026-05-21T03:58:55.445300",
  "n_samples": 5473,
  "n_features": 6,
  "feature_names": [
    "log1p_days_since_last",
    "n_correct",
    "n_wrong",
    "accuracy",
    "log1p_n_reviews",
    "log1p_days_since_first"
  ],
  "scaler_mean": [
    1.595368450838104,
    3.030330714416225,
    1.1397770875205555,
    0.7383311953444205,
    1.499310127186366,
    2.5357915564831512
  ],
  "scaler_std": [
    0.8957491369390739,
    2.033115440898041,
    1.2897486521064552,
    0.2789133996024661,
    0.5369870146421496,
    1.0910761852856372
  ],
  "weights": [
    [
      [
        -0.18052609895419403,
        0.35871861911764025,
        0.5863345955675151,
        -0.17342686722805345,
        -0.28548341333488847,
        -0.3863668732937681,
        -0.6355392902691305,
        0.425245116129581,
        0.14197243407207746,
        0.09082994052358784,
        -0.7927432348436619,
        0.457534375490317,
        0.3842942851458901,
        -0.2851158862884199,
        -0.2512779942976394,
        -0.3504251497233879
      ],
      [
        -0.03337832666590771,
        0.3248639413849458,
        -0.028208110909807693,
        -0.11012625778910701,
        0.19406803334265602,
        -0.16336894347004194,
        -0.16213055639620952,
        -0.14111949146502198,
        -0.22412372376804687,
        0.5086559634533354,
        -0.06543964941208136,
        0.1811669025208854,
        -0.07760803130253169,
        -0.6107573142410639,
        0.13612425232190487,
        -0.33417981963905374
      ],
      [
        -0.6802819554742667,
        0.30081963267347467,
        0.6236422473814907,
        0.2951324986348763,
        -0.09087887022720838,
        -0.29792598289288175,
        0.059516316314741,
        0.07110823365152848,
        -0.2972499300572194,
        -0.10608705702935317,
        -0.6821482696140664,
        0.4041854632331623,
        -0.03848042910617778,
        0.3495032440202108,
        -0.20377251157863407,
        0.14538401269975854
      ],
      [
        0.30159784752355007,
        0.047833310995484095,
        0.42735897455483424,
        0.37298976509672427,
        0.34259163896769773,
        0.38503389352265494,
        -0.0038261838226077856,
        0.31358051714273294,
        -0.5271204521358808,
        0.013047493092651402,
        -0.2885299329102948,
        -0.1308852889342251,
        -0.32481332592473383,
        -0.2775028484396541,
        0.336797626130209,
        -0.056385241706746886
      ],
      [
        -0.20838988338575767,
        0.18601590431058504,
        -0.26200033841301545,
        0.3989322170819907,
        -0.3555918987820668,
        0.6859350561589395,
        0.09249284615756516,
        -0.21483190603601673,
        -0.5321423002773629,
        0.4464451917881122,
        0.30761144879905467,
        0.5644138143749163,
        0.209553952506101,
        -0.40494539294383114,
        -0.13928698125102174,
        -0.2955895992021975
      ],
      [
        0.36708915529636493,
        0.1882812633755633,
        0.07090605809224068,
        -0.4736665333890038,
        -0.147221341890527,
        -0.23707222287080335,
        -0.03232203900743732,
        0.20807878265601623,
        0.3013643496234973,
        -0.08144860029875674,
        -0.3409109900235054,
        0.12259566621792246,
        0.2716863151532802,
        -0.01659305418935246,
        0.24228949051394258,
        -0.004476945196445898
      ]
    ],
    [
      [
        0.5500778446784065,
        0.4196060272653854,
        0.024470886977330082,
        0.028880829828405112,
        0.5342857306833521,
        -0.4569200304447125,
        0.32252399191618103,
        0.15794353957769253
      ],
      [
        0.2275376037124499,
        0.31372569913519094,
        -0.2590194373007314,
        -0.40078444025277116,
        -0.2903780719211929,
        -0.10402438092950446,
        0.03935555320707424,
        0.14054241690878613
      ],
      [
        -0.5861708822778463,
        -0.15324885672246247,
        -0.22326440055599478,
        -0.19962037883643763,
        -0.4218713207216517,
        -0.0005990131020646931,
        0.297986021912934,
        -0.5486570052680587
      ],
      [
        0.046394890909081964,
        0.213926986237318,
        -0.18781836810514516,
        0.5474985106684362,
        0.4210063868387937,
        -0.22900316241897484,
        0.09104714353431609,
        -0.10668644667105251
      ],
      [
        -0.14951043627383992,
        -0.39621731154294093,
        0.05527480000436056,
        -0.01800169538936768,
        -0.28164718379559756,
        -0.2902579858886326,
        0.3439800075975529,
        -0.17468974661209985
      ],
      [
        -0.14105606775286547,
        0.19624775882286205,
        0.3183801072319583,
        -0.5684545204410693,
        0.5865519645030409,
        -0.004484195993327837,
        -0.3646105787281196,
        0.44059199381112674
      ],
      [
        0.12306529429727472,
        0.3876664353072671,
        -0.17016170833312022,
        0.22200237319106036,
        0.025408477633087456,
        0.02242898872744773,
        -0.46035982476220966,
        -0.0038117064285247363
      ],
      [
        -0.4020011405700424,
        0.09957992774980332,
        0.10313811563360928,
        -0.11162297414235649,
        0.06695475021247044,
        -0.17111299595169718,
        0.10825609630582594,
        -0.34280511578550094
      ],
      [
        0.10462709866968826,
        -0.2060734402607727,
        0.4936018266078141,
        -0.5746558377015292,
        -0.051852076599492807,
        -0.1928695635881437,
        0.49231590348362636,
        0.25342954026130843
      ],
      [
        -0.06330724474721558,
        0.3134275426785237,
        0.09013718681288733,
        -0.2934589480014744,
        0.17617534951271377,
        -0.15282009323656043,
        -0.6254100034957966,
        0.42804422643193896
      ],
      [
        0.4321697154724373,
        0.16790139003018814,
        -0.20208313812930614,
        -0.0754512891214459,
        0.3658440978957583,
        0.3425392236933995,
        0.41060017856052466,
        0.29898130017339314
      ],
      [
        0.18911018302948782,
        -0.35929256445499685,
        -0.4919712234247044,
        0.273717838112383,
        0.24689165083963677,
        -0.7588998742025557,
        -0.5719124687268674,
        0.07754496870580244
      ],
      [
        -0.5015731132362992,
        -0.3907499168616797,
        -0.08040706585331779,
        0.010972926324516357,
        0.1753638928126442,
        0.05390901604341679,
        0.07027307014410634,
        -0.453045539943012
      ],
      [
        -0.35817610371536074,
        0.053772458361249685,
        0.2617666459379541,
        0.3923467489002295,
        0.11017199401778163,
        0.23400047738136082,
        -0.2425744819337648,
        -0.31136965430638835
      ],
      [
        -0.05324730127029221,
        -0.07521102605221079,
        0.31530380162286353,
        -0.021934688532381844,
        0.7203725503814492,
        -0.04336685861807414,
        0.13182658716899168,
        0.16586192381042764
      ],
      [
        0.04190749684227557,
        -0.039462150548643056,
        -0.30768296986764593,
        0.1538483390068112,
        -0.18257911752605235,
        -0.3973577277056258,
        0.16743002595381484,
        -0.33170836224275935
      ]
    ],
    [
      [
        0.840276776717108
      ],
      [
        0.6930036732794714
      ],
      [
        -0.32068783626540237
      ],
      [
        -0.5470546249313625
      ],
      [
        1.0140119430509362
      ],
      [
        -0.20589499707061257
      ],
      [
        -0.5639319186333723
      ],
      [
        0.17806071539001497
      ]
    ]
  ],