{
  "trained_at": "2026-04-27T10:03:11.460764",
  "n_samples": 2819,
  "n_features": 6,
  "feature_names": [
    "log1p_days_since_last",
    "n_correct",
    "n_wrong",
    "accuracy",
    "log1p_n_reviews",
    "log1p_days_since_first"
  ],
  "scaler_mean": [
    1.522218094452734,
    2.129833274210713,
    0.8038311457963817,
    0.7331154075123566,
    1.2788784158450333,
    2.2050841806238544
  ],
  "scaler_std": [
    0.8363051461418884,
    1.3416779376638526,
    1.0282492040113353,
    0.31644136507419074,
    0.4243693125914889,
    0.9410514670447934
  ],
  "weights": [
    [
      [
        -0.196670586763638,
        0.43728377243222505,
        0.43707075621829083,
        -0.1322179680684639,
        -0.2113738883508697,
        -0.4412671197107514,
        -0.4230457438752799,
        0.42014590960473713,
        0.22644220909412985,
        0.013005110204012465,
        -0.7918439079495635,
        0.41209123545982873,
        0.4633654389396638,
        -0.4269257515525935,
        -0.354876026486965,
        -0.3399057951155598
      ],
      [
        0.08174143209313155,
        0.39533291286529615,
        0.06596648848075874,
        -0.19230090164577004,
        0.19871640579876565,
        -0.4100556720394195,
        0.058914416879051176,
        -0.08415686334885433,
        -0.14446854439901105,
        0.5338824450193186,
        -0.08600780838539086,
        0.1477648535691233,
        -0.029101822336149163,
        -0.539538148415764,
        0.3049507682895464,
        -0.22731070160518654
      ],
      [
        -0.6015638527523084,
        0.28529805823523424,
        0.6874455203396885,
        0.2618415746531273,
        -0.08803328956634254,
        -0.4010657772378935,
        0.17892130789436142,
        0.02802627643175292,
        -0.3329082014800387,
        -0.1159126186432661,
        -0.5275928934097169,
        0.4317717339155726,
        -0.13129369698060875,
        0.2742609467912673,
        -0.10313675748094175,
        -0.0422894268139374
      ],
      [
        0.24518516828984102,
        0.013639954338576309,
        0.28631603493120594,
        0.35284776132053397,
        0.3398159413868686,
        0.41531529567728914,
        0.19567767037661574,
        0.34590181972660405,
        -0.5621435600959903,
        -0.1322922118436195,
        -0.317782914768423,
        -0.04902895703446296,
        -0.15508860440157185,
        -0.20232104538742576,
        0.36389210720258147,
        -0.07807761397396727
      ],
      [
        -0.11710622849887975,
        0.18323568356139078,
        -0.18494688936288134,
        0.3011259855888378,
        -0.34524400939691574,
        0.4706812537008467,
        0.3251334542120426,
        -0.18838928876798328,
        -0.48458925067470615,
        0.42443664744657444,
        0.3339189218365142,
        0.49750720953137756,
        0.16634077322650093,
        -0.3817396159748946,
        0.013366362557901846,
        -0.3275318386198617
      ],
      [
        0.43568879459603416,
        0.3257517844133971,
        -0.02694801520733236,
        -0.5451242121774528,
        -0.10144116671248045,
        -0.22021856231874934,
        0.014204081470888382,
        0.20874739207241502,
        0.3877295905031663,
        -0.022554251992479464,
        -0.35999355949524237,
        0.19405851882931488,
        0.26701804706841537,
        0.08644834035391764,
        0.33396721596571805,
        0.027844838113886054
      ]
    ],
    [
      [
        0.552052325059752,
        0.4346719051757569,
        0.06872533770959663,
        -0.14090392984695901,
        0.5244598743225043,
        -0.4568240669869618,
        0.32526925068657253,
        0.1701261426309594
      ],
      [
        0.20590650582670056,
        0.3088769190553463,
        -0.17951221075930263,
        -0.2364596077047607,
        -0.2942354438062773,
        -0.059241144782435376,
        0.5410846735858191,
        0.2245161718252364
      ],
      [
        -0.49378624202172927,
        -0.00874698070175626,
        -0.09382834181546983,
        -0.05818197842673029,
        -0.6307902381681303,
        -0.008893948846860641,
        0.4996926517430311,
        -0.21493425701509714
      ],
      [
        0.13502842363968448,
        0.30896761661326405,
        -0.38510567194155215,
        0.47017818980885995,
        0.6871431312151254,
        -0.45937672214299285,
        -0.23459514864443168,
        -0.04423386636350041
      ],
      [
        -0.13723061199669084,
        -0.37507906011161957,
        0.0385393900161536,
        -0.021848237203349805,
        -0.24067112296492524,
        -0.20712466143711758,
        0.3245833120427539,
        -0.1498153475855903
      ],
      [
        -0.17089338371937463,
        0.1762320853412955,
        0.30935063982514466,
        -0.3344792054759059,
        0.5576695573855365,
        0.07422271784020451,
        -0.4014905208049674,
        0.408006337429257
      ],
      [
        0.059978823440950665,
        0.32307302305671465,
        -0.003680090349264257,
        -0.08437138705439252,
        -0.04402598600139374,
        0.19997652432518148,
        -0.318914531228928,
        -0.08924112386577639
      ],
      [
        -0.4103852226129787,
        0.13196642643585219,
        0.12004328572985501,
        -0.2546423864175506,
        0.08619665578708474,
        -0.18081514547873145,
        0.10446354684437842,
        -0.26799416442638013
      ],
      [
        0.09940750690934358,
        -0.21161308558559858,
        0.48834029390627615,
        -0.3151065188679526,
        -0.1790294328568296,
        -0.15008351154425778,
        0.5204930163484163,
        0.2641326354338018
      ],
      [
        -0.01802960608754783,
        0.42371988116732523,
        0.18331545363568935,
        -0.06912829032087842,
        0.2353978367545347,
        -0.20415024279080116,
        -0.3728705683527881,
        0.5648085693557141
      ],
      [
        0.40480784504170725,
        0.1391832268364223,
        -0.17894063051218742,
        -0.16528839206727766,
        0.32339912843994895,
        0.3945638566634234,
        0.43912973328321625,
        0.27458495200374067
      ],
      [
        0.15409472505469082,
        -0.3870721256486022,
        -0.46861562312835675,
        0.47656947768146696,
        0.1546783360197953,
        -0.6315442364452705,
        -0.3116858633874661,
        0.15078197751901698
      ],
      [
        -0.5377775536580692,
        -0.3822886274319636,
        0.008843544158806409,
        0.36158994291887975,
        0.16742168088891013,
        -0.07607052695140379,
        0.26625049910471393,
        -0.31905604141016825
      ],
      [
        -0.3230347628722008,
        0.08701118485675748,
        0.25389875381233373,
        0.33273511339451667,
        0.14861518099748428,
        0.21095851701185722,
        -0.24591448126725265,
        -0.28113365729355344
      ],
      [
        -0.012754916877235074,
        -0.0287486485119997,
        0.37793790092215884,
        -0.4353719392161816,
        0.7977103285770143,
        0.0004723915677861225,
        0.21769422087541637,
        0.20683450745699392
      ],
      [
        0.12340736089344109,
        0.04190220620980011,
        -0.35378417398524753,
        0.18880440859573372,
        -0.13003805101454233,
        -0.45409095842071046,
        0.11705531448697795,
        -0.2509007035280601
      ]
    ],
    [
      [
        0.8096183511549218
      ],
      [
        0.7174672414289294
      ],
      [
        -0.30640307634281627
      ],
      [
        -0.3374766530241003
      ],
      [
        1.03759644478443
      ],
      [
        -0.26588085675020906
      ],
      [
        -0.5923604604719197
      ],
      [
        0.17564291376082092
      ]
    ]
  ],