{
  "trained_at": "2026-06-27T09:44:26.758921",
  "n_samples": 9544,
  "n_features": 6,
  "feature_names": [
    "log1p_days_since_last",
    "n_correct",
    "n_wrong",
    "accuracy",
    "log1p_n_reviews",
    "log1p_days_since_first"
  ],
  "scaler_mean": [
    1.7044557429453113,
    3.7371123218776194,
    1.1991827326068734,
    0.7590855136736748,
    1.617976671532192,
    2.7135609849352162
  ],
  "scaler_std": [
    0.945823467287797,
    2.5888530233459206,
    1.2543450728356493,
    0.255312311684195,
    0.5787236752712703,
    1.1826598593229225
  ],
  "weights": [
    [
      [
        -0.19728564528033876,
        0.33513433184948876,
        0.5546863464183915,
        -0.18882932631206803,
        -0.30811205237157896,
        -0.26403549714780933,
        -0.49823030227656057,
        0.4698343185273908,
        0.12964632615854385,
        0.005335631286421382,
        -0.8325463853992847,
        0.4664561066157878,
        0.44703333064515943,
        -0.330655981692226,
        -0.271169807767705,
        -0.22958595876056212
      ],
      [
        0.03199648502755612,
        0.14704245380793457,
        -0.02784050826788043,
        -0.14971798830344427,
        0.2097344278773166,
        -0.2720344399390805,
        -0.1536085949415585,
        -0.2825074325920691,
        -0.17757582798186552,
        0.47459987259065134,
        -0.13022061904921708,
        0.26164340038203027,
        -0.09810539510271503,
        -0.4331664213236826,
        0.09834936089428119,
        -0.31720731940993513
      ],
      [
        -0.557766956765546,
        0.4223701544090385,
        0.5490813084776764,
        0.32200300716406594,
        -0.08089805333387332,
        -0.3302953101247159,
        0.12083438726204067,
        0.05506190474018295,
        -0.2650094100105042,
        -0.06355088562433746,
        -0.5205909543083647,
        0.2545389612104781,
        -0.015408356900311658,
        -0.06549765796378415,
        -0.18048515813830118,
        0.1583849130604903
      ],
      [
        0.24312538934612343,
        -0.1864981733337412,
        0.4195724236046167,
        0.4594028499716979,
        0.33405467263723837,
        0.45879134699597013,
        0.24666655840478754,
        0.2933407629669639,
        -0.5198346051962234,
        -0.19877146132882134,
        -0.3557648034793343,
        0.011909549208911395,
        -0.2632839272465269,
        -0.09217520173533711,
        0.2838652339198014,
        -0.06528258434714587
      ],
      [
        -0.11421588628459696,
        0.13156703042083268,
        -0.27886190524329496,
        0.39552483963223656,
        -0.3435989691274471,
        0.6585917311908263,
        0.2896260844630801,
        -0.26118205785817344,
        -0.5293091610973845,
        0.45519782051166635,
        0.3217854026211242,
        0.4731829331298323,
        0.1988667760107576,
        -0.4884533703430771,
        -0.11793107240605001,
        -0.2956100859375439
      ],
      [
        0.40359574010712057,
        0.16599322408732753,
        -0.08549327272317984,
        -0.41331280612965976,
        -0.16132646706361553,
        -0.18840168955951195,
        0.00221058301632253,
        0.17175016053007303,
        0.31151673361977666,
        -0.028679749047227594,
        -0.32213172150209013,
        0.32611553033712043,
        0.2539977498108356,
        0.036913367680374086,
        0.24741774957850332,
        0.022856706577855025
      ]
    ],
    [
      [
        0.5179872521268721,
        0.3961818948232533,
        -0.01734892686040572,
        -0.05641499805043504,
        0.5214016714207264,
        -0.5197952531569391,
        0.27407977965429486,
        0.12877757058867803
      ],
      [
        0.1963976755443243,
        0.33075821099238567,
        -0.3842096178897454,
        -0.3589954610009057,
        -0.29604537191576813,
        -0.0419376450504571,
        -0.005708536407807859,
        0.1720383949154796
      ],
      [
        -0.4471653627116185,
        0.07955821615206851,
        -0.2412637716347176,
        -0.0015755712809896022,
        -0.33451413498099025,
        -2.9352378927096305e-11,
        0.25113695166010924,
        -0.24933211525029925
      ],
      [
        0.16261441926673625,
        0.3234717783200355,
        -0.2872480728990962,
        0.0017832169371373955,
        0.6394095084837282,
        -0.27810703135263726,
        -0.3647474561690436,
        -0.009637103819622048
      ],
      [
        -0.15639350261905363,
        -0.40009126828333574,
        0.06218788628708395,
        -0.00014459374593971266,
        -0.292716889916078,
        -0.2646488222830196,
        0.3483720842430872,
        -0.17029506146809653
      ],
      [
        -0.13133681182735016,
        0.20644816496225715,
        0.31350887800702876,
        -0.0231529390806051,
        0.6049868671576695,
        -0.11563209115393275,
        -0.4325204126919276,
        0.4350773224748143
      ],
      [
        -0.0069588361948194205,
        0.24977772616010735,
        0.029327443817915657,
        -0.0009054266811781394,
        0.023521563180874124,
        0.03903525240269047,
        -0.45679952017186776,
        -0.13805856736863767
      ],
      [
        -0.46416219935109077,
        0.09696871324278492,
        0.009324390109050007,
        -0.022491124699801135,
        0.03655391484852845,
        -0.21287304264744503,
        0.05522025355552101,
        -0.36173008194642664
      ],
      [
        0.06870471742508391,
        -0.22958887240740633,
        0.42034817303230865,
        -0.033684167131907077,
        -0.1258090878640313,
        -0.19853902171455134,
        0.4975474480096898,
        0.20399588228824353
      ],
      [
        -0.06501551751954084,
        0.3350914471003682,
        0.5401911205979286,
        -0.03140906569318295,
        0.28396155031100634,
        -0.007691240033661129,
        -0.1143807529379199,
        0.5008324341790514
      ],
      [
        0.4426746125519433,
        0.1838440289713355,
        -0.21470514008240293,
        -0.07016480449962197,
        0.3676166378550413,
        0.3025673767565998,
        0.34765392193434647,
        0.310561766746968
      ],
      [
        0.13979987948589492,
        -0.3647903155038177,
        -0.5327093688079235,
        0.23738408008294712,
        0.23745098771790743,
        -0.4537029910863277,
        -0.516393353400138,
        0.10212080094869808
      ],
      [
        -0.5781307693944321,
        -0.35896681508549144,
        -0.11677412887509746,
        0.024484957366545015,
        0.09892984398542923,
        -0.021707758248807427,
        0.09421282875206045,
        -0.4242231066271014
      ],
      [
        -0.2822837580683063,
        0.13724938318084925,
        0.2230778763647241,
        0.08719568649832618,
        0.1511922123601271,
        0.17896743774013968,
        -0.30573589252632977,
        -0.23228830081561694
      ],
      [
        -0.1521058545463078,
        -0.1753743173890269,
        0.37931262499900575,
        -0.011150287941924705,
        0.5269657252238789,
        -0.02647607221100996,
        0.12656256287208037,
        0.053700017026646445
      ],
      [
        0.0637674988363602,
        -0.011462063985212916,
        -0.30359979559787054,
        0.04031346929099512,
        -0.16820877844710613,
        -0.40171368593570633,
        0.1367588870140888,
        -0.3000221903079181
      ]
    ],
    [
      [
        0.7765026708349441
      ],
      [
        0.6643047729629773
      ],
      [
        -0.3170801455120793
      ],
      [
        -0.0719541519347083
      ],
      [
        1.0436106845325221
      ],
      [
        -0.1508182433857551
      ],
      [
        -0.5403862308771498
      ],
      [
        0.13578036717364864
      ]
    ]
  ],