{
  "trained_at": "2026-04-17T15:34:26.910267",
  "n_samples": 2292,
  "n_features": 6,
  "feature_names": [
    "log1p_days_since_last",
    "n_correct",
    "n_wrong",
    "accuracy",
    "log1p_n_reviews",
    "log1p_days_since_first"
  ],
  "scaler_mean": [
    1.4474326484003446,
    1.9777486910994764,
    0.8006108202443281,
    0.716909460037733,
    1.2419433091481493,
    2.108771089146805
  ],
  "scaler_std": [
    0.807944605750596,
    1.2902955651304533,
    1.0224101373850798,
    0.3288127478591449,
    0.41426584844784714,
    0.9246758411016118
  ],
  "weights": [
    [
      [
        -0.14644254866515075,
        0.5318977201641155,
        0.15615514895056337,
        -0.15646137817869057,
        -0.2219815557420313,
        -0.36023047328046087,
        -0.3246593174297893,
        0.35160289618492535,
        0.2385417639274256,
        -0.010405713276159892,
        -0.8078654956800884,
        0.34010402314325205,
        0.41809150115496535,
        -0.28408882323989587,
        -0.34551841339339606,
        -0.3439978648184183
      ],
      [
        0.09687532527141489,
        0.22295842049037168,
        -0.10723045551925664,
        -0.10858901641796054,
        0.181786727650943,
        -0.44755052914612076,
        -0.26043038698968285,
        -0.15851348111770822,
        -0.14773293631837903,
        0.5466795591322021,
        -0.028244330963330445,
        0.18146134779247483,
        0.013783111300535692,
        -0.632073430119866,
        0.20933872990020486,
        -0.2373906525626436
      ],
      [
        -0.5875629665155845,
        0.2737904841791513,
        0.6420201688238363,
        0.29478988502485504,
        -0.11366981133845815,
        -0.4162584543435316,
        0.18243197324034666,
        -0.013467870246192386,
        -0.22291251137732798,
        -0.1680571207424286,
        -0.5750707073324901,
        0.38180153447131454,
        -0.13852503152949933,
        0.294333248929269,
        -0.14890012816813147,
        -0.085557925803245
      ],
      [
        0.2394760579089106,
        -0.1233273341227754,
        0.41579321749153964,
        0.40038243360843084,
        0.36665299747472363,
        0.41433150846538214,
        0.11214130172235949,
        0.36466181037207157,
        -0.6070395530474626,
        -0.06583250720690298,
        -0.28590430831438685,
        -0.015340525913096982,
        -0.13222068494744907,
        -0.25277504376545307,
        0.33150003295215014,
        -0.04545750987768346
      ],
      [
        -0.11922673491252102,
        0.17055686995261357,
        -0.2954170493056697,
        0.34120230173645577,
        -0.3646558916901217,
        0.4486903776860531,
        0.19614674486831968,
        -0.2577318338404777,
        -0.424670850569065,
        0.4226417898031415,
        0.35654693428077844,
        0.43856309552010597,
        0.1630610677095859,
        -0.42341223480615015,
        -0.07517767027940471,
        -0.37298150435480276
      ],
      [
        0.4605376558882009,
        0.3348616900396931,
        -0.052834873621858465,
        -0.5264305504453644,
        -0.13534774842153008,
        -0.22187193854007678,
        0.07822580448593866,
        0.12491271193976963,
        0.3846885565826679,
        -0.02418749282803773,
        -0.3697878037705882,
        0.21188419165035552,
        0.3274052420209737,
        -0.004463223884131112,
        0.2877310880859977,
        0.02562365913941424
      ]
    ],
    [
      [
        0.5534501100473712,
        0.4358217854244048,
        0.0606946578387775,
        -0.01670379988647767,
        0.5120657800975387,
        -0.36164154935426845,
        0.30985887515804605,
        0.1752537967274852
      ],
      [
        0.11970587293500505,
        0.21446992765664527,
        -0.11825797910904108,
        -0.2713942117952893,
        -0.33309881923271045,
        -0.19433852210982763,
        0.6203054515762104,
        0.1607290889093523
      ],
      [
        -0.547032879620929,
        0.08203069993206068,
        -0.08469700240180006,
        -0.04826850041608052,
        -0.12724657955036092,
        -0.04544408414069341,
        0.39788119951723894,
        -0.23638821564794316
      ],
      [
        0.06890571741128004,
        0.26253088027990495,
        -0.4348776177226901,
        0.5411528780435513,
        0.7175581178163364,
        -0.47495041925672493,
        -0.20614402314308972,
        -0.13214906627632614
      ],
      [
        -0.14444861991774496,
        -0.3876720210683232,
        0.04504988555811358,
        -0.04659952607244565,
        -0.26214831323787213,
        -0.25208094064652903,
        0.33696392330250596,
        -0.16898920633238654
      ],
      [
        -0.18189425128418968,
        0.16525101182542917,
        0.3320804875843232,
        -0.387073602629192,
        0.5297154764967439,
        0.11824472053509891,
        -0.39405675244837574,
        0.4109431742052316
      ],
      [
        -0.030457448888229387,
        0.2416043343737174,
        -0.08305590080740587,
        0.04249574357882921,
        -0.08755475939776096,
        0.117003221388784,
        -0.4364646572600425,
        -0.19833643266927412
      ],
      [
        -0.4042281279685131,
        0.1396542780916387,
        0.11889300407076435,
        -0.28760225858315686,
        0.0588551909720756,
        -0.18239916849027601,
        0.09527007058988694,
        -0.2618630787954828
      ],
      [
        0.10617187290972381,
        -0.20606881768341057,
        0.4876185669286141,
        -0.3655960025544952,
        -0.1844680238006042,
        -0.14711050931207492,
        0.5262236905482505,
        0.26925222735243226
      ],
      [
        0.03256583880884286,
        0.4379931278118218,
        0.25383707879732553,
        -0.07508134997864928,
        0.2805379135974871,
        -0.16199573029730113,
        -0.43921801552364953,
        0.6436965771408648
      ],
      [
        0.4453247450411654,
        0.18175951445337507,
        -0.2112650828148894,
        -0.14535320777388616,
        0.35455343954543816,
        0.36149952812805153,
        0.4217644981155366,
        0.32059814436577644
      ],
      [
        0.11466174204992305,
        -0.4161278024650656,
        -0.4285240584878246,
        0.3952775101142878,
        0.13412595400943678,
        -0.6427591425248917,
        -0.2686478930034129,
        0.1263503710273208
      ],
      [
        -0.5127095801648069,
        -0.39384138637639393,
        0.0451799950972361,
        0.29079574612577325,
        0.05216520234779781,
        -0.15832531078935444,
        0.24109921310002613,
        -0.27872956824356476
      ],
      [
        -0.334629694898287,
        0.08176683600369453,
        0.2767617215861124,
        0.3629023158318214,
        0.1714893705139296,
        0.18655625522581593,
        -0.21196902205468135,
        -0.29651020325035954
      ],
      [
        -0.0937138743935858,
        -0.11640191511069213,
        0.3875181571619684,
        -0.2814090994686292,
        0.6840811623962403,
        0.03768819314422152,
        0.2395055382005218,
        0.13262903777597315
      ],
      [
        0.11851376329633707,
        0.03706523603606477,
        -0.3489869125500022,
        0.23186575147301086,
        -0.15619609470337414,
        -0.4636017454990266,
        0.11748391062105216,
        -0.2605210884023471
      ]
    ],
    [
      [
        0.8228848915416661
      ],
      [
        0.7365730697381371
      ],
      [
        -0.30095935564694654
      ],
      [
        -0.33066604703950425
      ],
      [
        1.012036168263568
      ],
      [
        -0.23569739168631482
      ],
      [
        -0.5806532528269219
      ],
      [
        0.18882725133466882
      ]
    ]
  ],