{
  "trained_at": "2026-04-07T04:54:03.113215",
  "n_samples": 1610,
  "n_features": 6,
  "feature_names": [
    "log1p_days_since_last",
    "n_correct",
    "n_wrong",
    "accuracy",
    "log1p_n_reviews",
    "log1p_days_since_first"
  ],
  "scaler_mean": [
    1.3892288020052626,
    1.8043478260869565,
    0.824223602484472,
    0.6976488418413879,
    1.2005673203449216,
    2.0227122329274745
  ],
  "scaler_std": [
    0.7808309582737851,
    1.2115821915855836,
    1.0571423097414046,
    0.34164222685419016,
    0.4123868625723613,
    0.9014053380195659
  ],
  "weights": [
    [
      [
        -0.24259074495787167,
        0.5161362137299264,
        0.1780330963947014,
        -0.12822788362905663,
        -0.21359853044028937,
        -0.3778763378861611,
        -0.28585180713430214,
        0.363899071049422,
        0.18238876260714873,
        0.13739399517654893,
        -0.747123982036674,
        0.3962630948975109,
        0.35534998679591984,
        -0.25908279655434807,
        -0.31518256677059114,
        -0.2993048271371481
      ],
      [
        -0.04135422011848135,
        0.22476666745340312,
        -0.08287270217522082,
        -0.18397807278493258,
        0.1475820188628409,
        -0.3921516496576756,
        -0.26667784285248447,
        -0.18129138570717093,
        -0.10721384614775879,
        0.5509833812327112,
        -0.09783221343323831,
        0.21081114430327808,
        -0.007245397329486604,
        -0.5391611574795606,
        0.18287995574584498,
        -0.2969041071540613
      ],
      [
        -0.5894599411106037,
        0.2869674063939244,
        0.611141396383133,
        0.19657025730743002,
        -0.12096028478172058,
        -0.38560739298120533,
        0.2229225950292042,
        0.00044093497679906224,
        -0.31643490731155804,
        -0.18489359146929504,
        -0.54586448340226,
        0.3933800347962534,
        -0.1788694485283968,
        0.059507270410114596,
        -0.17037273926365876,
        -0.057908156851232295
      ],
      [
        0.19546309885712262,
        -0.1400298733801896,
        0.3928758056477665,
        0.4215573203965871,
        0.3739661649155538,
        0.37843403334807213,
        0.08671917756635579,
        0.3601890383310139,
        -0.5745743569022679,
        -0.1047436202352048,
        -0.2932997135521143,
        -0.0426011193293219,
        -0.16815726709090437,
        -0.189605092761816,
        0.32734045575337234,
        -0.055272463104809134
      ],
      [
        -0.24329689936072973,
        0.1130352810725598,
        -0.2897846965617121,
        0.24696248838182008,
        -0.3851586917993263,
        0.5244190477724322,
        0.2681266368429598,
        -0.26370282505391074,
        -0.4913618366137758,
        0.4193453216169129,
        0.3599548213089398,
        0.4275342303940679,
        0.1795695231815687,
        -0.550356361277343,
        -0.08060967354582943,
        -0.4012428244913186
      ],
      [
        0.36341386066728787,
        0.2220357649022406,
        -0.04542121230418563,
        -0.5909361166411625,
        -0.1320647457433261,
        -0.18528472984677427,
        0.28508991190190286,
        0.12882088803453143,
        0.36259085048442885,
        -0.02866055773929563,
        -0.39158586378052285,
        0.25882513209183156,
        0.27522616219889295,
        -0.015472168861793435,
        0.2781170418834525,
        -0.006961731971124915
      ]
    ],
    [
      [
        0.5222955619246746,
        0.40302086885500066,
        0.04409886559543775,
        0.07901940804690638,
        0.4968338630954214,
        -0.42947563396498795,
        0.31718622876368463,
        0.13843511917826581
      ],
      [
        0.15768872702507813,
        0.2581418988284483,
        -0.10455854433793575,
        -0.3474128894787988,
        -0.21294964735840274,
        -0.045884800317177225,
        0.509905875703254,
        0.19593633897768994
      ],
      [
        -0.463550175994118,
        0.06898331905549264,
        -0.08963529949686644,
        -0.09683289428730338,
        -0.32544490453888786,
        -0.01546573437964127,
        0.3568271287251604,
        -0.12976025800369964
      ],
      [
        0.12121192340619089,
        0.3000617298656677,
        -0.3004601058596372,
        0.3886536729789876,
        0.7228201182832203,
        -0.39838569713589767,
        -0.17378113561322656,
        -0.06386290989783482
      ],
      [
        -0.14671122063708603,
        -0.38937381688166556,
        0.046694849232849625,
        -0.10690956979391948,
        -0.2910780914928397,
        -0.285259959191016,
        0.3381327168652477,
        -0.1690791174860577
      ],
      [
        -0.17055428982967732,
        0.17500903682266467,
        0.3115868552050776,
        -0.3372342451107845,
        0.5433752304355097,
        0.07864038908318362,
        -0.3889658913383452,
        0.4171773799547966
      ],
      [
        -0.13829651688745248,
        0.13022434394967783,
        0.003489518187754775,
        0.07215152543124083,
        -0.13808859476480595,
        0.17798850864850432,
        -0.3667852220653425,
        -0.29857875569307296
      ],
      [
        -0.4091470691227085,
        0.1380688884479606,
        0.13126585569483235,
        -0.32893553852689283,
        0.08159358572930853,
        -0.2323468689309244,
        0.09709785521891581,
        -0.2668771407621399
      ],
      [
        0.11407712810816385,
        -0.19313681384575593,
        0.5000030638385023,
        -0.2827881492260715,
        -0.14073852730211509,
        -0.19954931920095614,
        0.5121467530038176,
        0.2844895497927426
      ],
      [
        -0.022528873808969948,
        0.39797619351777647,
        0.1922085826883331,
        -0.07748634444668337,
        0.32973325470282555,
        -0.3064110744851415,
        -0.32705628180038215,
        0.5882676705857836
      ],
      [
        0.4136751193832636,
        0.14845413194770885,
        -0.17418718258526072,
        -0.12789161565193297,
        0.36747168337448033,
        0.35698702235446217,
        0.40933036063659534,
        0.28484330612457676
      ],
      [
        0.10460779805625922,
        -0.4327921789226258,
        -0.3888651454718088,
        0.33967646301837673,
        0.22503558159610199,
        -0.5137543268035178,
        -0.28821681580591335,
        0.12187767543380698
      ],
      [
        -0.4727357899899911,
        -0.30934190433764447,
        0.0639910221757896,
        0.1687506193624908,
        0.1574349845642331,
        -0.15527764275515024,
        0.24634407250576335,
        -0.23443521192930974
      ],
      [
        -0.31946546343314747,
        0.09394503056789355,
        0.29495976265049617,
        0.3584132740481901,
        0.15584330178705025,
        0.18265619317818638,
        -0.24149728029326484,
        -0.2784452682255716
      ],
      [
        -0.07602985360224342,
        -0.09510847539570262,
        0.34735784601461167,
        -0.1686911032352239,
        0.7434253185113106,
        0.023794728989354686,
        0.21888804393393996,
        0.15370114687912506
      ],
      [
        0.01393619479190835,
        -0.07232880484624356,
        -0.23636308675148587,
        0.22750770047867114,
        -0.19135363819095755,
        -0.399285869039369,
        0.2112536928745415,
        -0.3686695284808537
      ]
    ],
    [
      [
        0.750722304545547
      ],
      [
        0.6764811897194831
      ],
      [
        -0.28798023798155187
      ],
      [
        -0.18739512173528186
      ],
      [
        0.9377017437657164
      ],
      [
        -0.14974087734438626
      ],
      [
        -0.558694011746488
      ],
      [
        0.15706710045891506
      ]
    ]
  ],