{
  "trained_at": "2026-06-29T10:36:45.811810",
  "n_samples": 9780,
  "n_features": 6,
  "feature_names": [
    "log1p_days_since_last",
    "n_correct",
    "n_wrong",
    "accuracy",
    "log1p_n_reviews",
    "log1p_days_since_first"
  ],
  "scaler_mean": [
    1.71273883822126,
    3.7658486707566463,
    1.1983640081799591,
    0.7610886481833797,
    1.622368603442954,
    2.7233730988238167
  ],
  "scaler_std": [
    0.9480445841179499,
    2.60512695418998,
    1.2547323028245487,
    0.2539679961326354,
    0.5794873731948765,
    1.1832124482051773
  ],
  "weights": [
    [
      [
        -0.1762844536273446,
        0.3153784095802033,
        0.380542453183121,
        -0.18292142767161568,
        -0.3277215340956196,
        -0.23686436747154208,
        -0.4804201958782319,
        0.4971217794018641,
        0.1479451316401442,
        -0.013505328082979577,
        -0.8686338985467258,
        0.4154563657426222,
        0.49270619368977664,
        -0.2633927104314096,
        -0.26112371241535925,
        -0.25334935661191016
      ],
      [
        0.05100209289734284,
        0.13422521106904278,
        -0.10354696547553363,
        -0.15516924366119056,
        0.21981787470315844,
        -0.2698705079188268,
        -0.169785010415717,
        -0.29218602856703657,
        -0.18567109545978863,
        0.48893435702083793,
        -0.146292542251175,
        0.2452438948113231,
        -0.08809135498964964,
        -0.4112883308403307,
        0.12728242864801728,
        -0.31206711571256307
      ],
      [
        -0.5432014889093191,
        0.411330228815519,
        0.4886693192951636,
        0.3251637805747217,
        -0.07405763871682967,
        -0.32012457363659325,
        0.11019547529802108,
        0.051225475719453746,
        -0.25317484179979133,
        -0.05971405849897011,
        -0.5265591779751781,
        0.2397143015143299,
        0.009256938726162425,
        -0.14169297455002988,
        -0.16925115170679797,
        0.18843847851714438
      ],
      [
        0.25124841311732554,
        -0.18835080989054936,
        0.45941260675132656,
        0.4307103673239252,
        0.3270337892219919,
        0.46958528369962366,
        0.2703328438187196,
        0.28674233670479465,
        -0.5194360172998846,
        -0.21080750887417837,
        -0.3464347686214502,
        0.030756786285780543,
        -0.253956583355654,
        -0.06580789297536872,
        0.2831321637116154,
        -0.06864572819199913
      ],
      [
        -0.11648077043558616,
        0.13882628046481682,
        -0.34413669538420527,
        0.3937599027974106,
        -0.3318186591087429,
        0.6469229362394069,
        0.27744042017874726,
        -0.26299831736406476,
        -0.5228575726365453,
        0.481719515573031,
        0.28874082483146446,
        0.4767872910837656,
        0.18777791109212416,
        -0.5135547272576456,
        -0.10154256783727973,
        -0.28048450558919896
      ],
      [
        0.41537736139485637,
        0.16149488950676008,
        -0.17155993515766224,
        -0.39421477671938504,
        -0.16160764561257068,
        -0.18912057538114285,
        -0.03066059203646744,
        0.1679557382410903,
        0.2982182449260808,
        -0.01168758442774825,
        -0.32420038147761043,
        0.2947143325567247,
        0.2604912929847366,
        0.059250140357657965,
        0.2508830768858107,
        0.004974540394540404
      ]
    ],
    [
      [
        0.5172286045326417,
        0.39751536573365664,
        -0.02554000556702434,
        -0.033220287263552,
        0.5230571486844782,
        -0.5138298668168496,
        0.2662345638393614,
        0.12952500055572122
      ],
      [
        0.17761091553773078,
        0.33759087063081283,
        -0.3844318547100105,
        -0.29118593328305936,
        -0.28334046398251184,
        -0.0388653736143536,
        -0.07478131133129495,
        0.1617550362013917
      ],
      [
        -0.3144456547224339,
        0.17065676068184427,
        -0.20388368078684124,
        -5.146123143402268e-34,
        -0.15628083222954767,
        -7.436060403381049e-07,
        0.23809205906246536,
        -0.021448217438169433
      ],
      [
        0.10099667608710748,
        0.2565105799770119,
        -0.3375488252723665,
        0.0003301177481058769,
        0.5707336002744091,
        -0.2031123053747437,
        -0.11449061504903793,
        -0.04618715761207856
      ],
      [
        -0.15952484851872975,
        -0.3984983315165677,
        0.06411230707488981,
        -3.079282267253044e-05,
        -0.2833285521402299,
        -0.2673737695312292,
        0.34531551014498957,
        -0.16509456700004432
      ],
      [
        -0.12182045050269587,
        0.21815837620001374,
        0.28255902525981186,
        -0.011573911404391464,
        0.6094858124094326,
        -0.15613462429661135,
        -0.4409765086550916,
        0.44228860710568807
      ],
      [
        0.009629053218771307,
        0.26524577016230827,
        -0.04019491990491387,
        0.00040257231047996516,
        0.05693830957231197,
        0.022236749726761613,
        -0.3488552115897025,
        -0.11788855022643989
      ],
      [
        -0.47746732903198286,
        0.09642005095524116,
        -0.027973253786031833,
        -0.011814112138355723,
        0.028141945763874007,
        -0.19110623282330774,
        0.04058782349123359,
        -0.370023769100252
      ],
      [
        0.07047246497880809,
        -0.2237315261060744,
        0.41390156827329755,
        -0.007812382963901035,
        -0.12008320802569526,
        -0.20531409525315902,
        0.49024427245078606,
        0.2036099390503435
      ],
      [
        -0.05692202304532269,
        0.3598366143965731,
        0.5876711541522224,
        -0.027401145532201004,
        0.2928187468703577,
        0.08291310308297599,
        -0.06613246598615702,
        0.5050855155666816
      ],
      [
        0.44446668679289075,
        0.18274897690037614,
        -0.22882205378788087,
        -0.04161281417800016,
        0.36863484691058523,
        0.27546007184336224,
        0.36541044197957007,
        0.30774944973538026
      ],
      [
        0.1234015736888338,
        -0.3523234490009639,
        -0.5457179267604744,
        0.20416339295936448,
        0.23484427348290868,
        -0.4117880773839403,
        -0.5325918720701799,
        0.09397727912165446
      ],
      [
        -0.6435471223883831,
        -0.37608677408214564,
        -0.14316392766289016,
        0.018095324467600527,
        0.053358479853311866,
        0.001308807597559816,
        0.07851767788962709,
        -0.4709465388677321
      ],
      [
        -0.2718718828582985,
        0.14594410673828642,
        0.21562061613222888,
        0.036885565218718275,
        0.17063787881427392,
        0.1725072965001497,
        -0.3052709670631502,
        -0.2206941913132276
      ],
      [
        -0.1694198078542905,
        -0.19147467679177638,
        0.39811236062931554,
        -0.00503859115102145,
        0.48957310211169774,
        -0.0290431591984232,
        0.0883329384592394,
        0.027600009194092178
      ],
      [
        0.07725870332699243,
        -0.001685633302468472,
        -0.3094506261631226,
        0.014500131451744442,
        -0.16663556815377714,
        -0.4106713702352258,
        0.14497585098787744,
        -0.2876883609677677
      ]
    ],
    [
      [
        0.7816676868359926
      ],
      [
        0.6773996706835822
      ],
      [
        -0.3197939732704819
      ],
      [
        -0.0732688314306046
      ],
      [
        1.027946187023202
      ],
      [
        -0.14095085020244671
      ],
      [
        -0.5347897605579555
      ],
      [
        0.1412378981373451
      ]
    ]
  ],