{
  "trained_at": "2026-07-22T11:05:15.361490",
  "n_samples": 11486,
  "n_features": 6,
  "feature_names": [
    "log1p_days_since_last",
    "n_correct",
    "n_wrong",
    "accuracy",
    "log1p_n_reviews",
    "log1p_days_since_first"
  ],
  "scaler_mean": [
    1.8188239144146459,
    4.127894828486854,
    1.2426432178304023,
    0.7726251030730378,
    1.6817052870485416,
    2.85711406668175
  ],
  "scaler_std": [
    0.9877052032414606,
    2.8377864144470477,
    1.3038589556415254,
    0.24285555615882162,
    0.5932448681590351,
    1.2042282885841042
  ],
  "weights": [
    [
      [
        -0.2515527406095783,
        0.382425721890858,
        0.5644313370037568,
        -0.12850357171444812,
        -0.13889589046191952,
        -0.26703986661086293,
        -0.49527373172289735,
        0.44365892975096205,
        0.20926494738459336,
        0.08394883498627102,
        -0.8207745380010883,
        0.430572276420836,
        0.41829927566236813,
        -0.10561128190359177,
        -0.13930355284172158,
        -0.16631884562332522
      ],
      [
        -0.10744484785917706,
        0.1768900211249687,
        -0.002972951917280437,
        -0.19556940765888967,
        0.16488529158675794,
        -0.2828585420245638,
        -0.19368499076365772,
        -0.22843314089141203,
        -0.09469358628424633,
        0.41280914130460394,
        -0.20375521720766399,
        0.2218129884964375,
        -0.021222174488589502,
        -0.47939907295809514,
        0.23247437273844385,
        -0.4545099057072651
      ],
      [
        -0.6328247312225724,
        0.4118018385205418,
        0.6285463527892498,
        0.3641690352428742,
        -0.13640107848489996,
        -0.34196114054621246,
        0.14608142339869984,
        0.02930342529397103,
        -0.3327837953312831,
        -0.07831911866534357,
        -0.6068930645928576,
        0.26405199908753807,
        -0.04865386921486837,
        -0.020449201805128367,
        -0.2600291097222412,
        0.007132175581135497
      ],
      [
        0.2834237046630269,
        -0.11886891102126472,
        0.2856791766189116,
        0.4244083171709342,
        0.388375625933444,
        0.44751889410266205,
        0.18704630298336494,
        0.3153264626521828,
        -0.4288214521356054,
        -0.1852636660354923,
        -0.3211223564618987,
        0.002791666005029236,
        -0.28038329846618165,
        -0.09689908314379267,
        0.3634939494551269,
        0.030875068899899365
      ],
      [
        -0.19172579470356485,
        0.17558690152243672,
        -0.2981414446574655,
        0.3755251412302774,
        -0.39119225519180884,
        0.6575032916076616,
        0.3117732190722616,
        -0.2732386378938235,
        -0.4978797572102551,
        0.43006938932579347,
        0.25673661045445606,
        0.4426600344346406,
        0.2249483682285021,
        -0.47692974696614304,
        -0.09136754676697717,
        -0.43220518278055925
      ],
      [
        0.3783152844320154,
        0.16342251145855083,
        -0.11653204428778971,
        -0.40897164444376927,
        -0.1470219633795682,
        -0.11717853833577566,
        0.09172595336697711,
        0.14088502473861603,
        0.3923135101746259,
        -0.06118988072983041,
        -0.3272330154567601,
        0.31319103867682363,
        0.27085699230369975,
        0.03186279461743297,
        0.421979351212676,
        0.0004810571232445567
      ]
    ],
    [
      [
        0.5324168874018284,
        0.41231498537841793,
        0.02959236898437911,
        -0.021549989782169616,
        0.5302000533014746,
        -0.46336022525579385,
        0.303512817410144,
        0.15128141149459584
      ],
      [
        0.24541887894717362,
        0.3327974616420459,
        -0.23035567671502752,
        -0.337189247457142,
        -0.22247986266789227,
        -0.12461526964259403,
        0.4863442569060182,
        0.27801035830755727
      ],
      [
        -0.6660158443132352,
        -0.10092628754817365,
        -0.00581717033084203,
        -8.348214462804603e-10,
        -0.5573333443751358,
        -2.806171201491708e-09,
        0.509865176989239,
        -0.32336097583307366
      ],
      [
        0.1935391656081085,
        0.34985284012468304,
        -0.2786164978562374,
        0.0028368873822981213,
        0.5618873849617959,
        -0.23102485185283853,
        -0.14624450865957686,
        0.02724178903499151
      ],
      [
        -0.1371414369826215,
        -0.37804987664829165,
        0.03743781455502496,
        -0.0003241692732068492,
        -0.27323700223217645,
        -0.27716390128615465,
        0.3248031612950262,
        -0.15518924535038486
      ],
      [
        -0.1461720866752329,
        0.1938467164946545,
        0.32307681101277513,
        -0.018484295880835725,
        0.5932852170882912,
        -0.02189238833311468,
        -0.38946683475054905,
        0.43563275173041033
      ],
      [
        0.03880977508988733,
        0.2964959863628761,
        -0.028770552152122996,
        0.0016462398281739544,
        -0.002900289754720437,
        0.06559132890751868,
        -0.34851641179101234,
        -0.09741817794183423
      ],
      [
        -0.4367502001342673,
        0.12396451879711741,
        0.11996157763705721,
        -0.00855499275667533,
        0.08086961464751423,
        -0.17663438202034695,
        0.12100850661353603,
        -0.29563774945029314
      ],
      [
        0.08241125182963399,
        -0.2016929555651213,
        0.45259839035228094,
        -0.017370204106128096,
        -0.07288330480032093,
        -0.22202358140196612,
        0.5071414641760099,
        0.23022637996915732
      ],
      [
        -0.08476478023352296,
        0.2573525923552315,
        0.18801264554686922,
        -0.014386150191913893,
        0.2642953069985429,
        0.031171521421760707,
        -0.2946620534948016,
        0.5032303130524151
      ],
      [
        0.4300027277748145,
        0.16426177249996363,
        -0.20681349677620411,
        -0.04826112430644827,
        0.3417386739523621,
        0.33147690264391594,
        0.3924609338493442,
        0.29617187131670636
      ],
      [
        0.182029165998751,
        -0.36967386156935167,
        -0.4142700933487038,
        0.251562474564144,
        0.2910426663122325,
        -0.45870821166085596,
        -0.31775311612922397,
        0.19625576787638307
      ],
      [
        -0.5126541470400358,
        -0.36632601157815015,
        0.10364141431298662,
        0.04530304152046555,
        0.21597372737812967,
        -0.0029124669154000724,
        0.29145265109789165,
        -0.2710177370757841
      ],
      [
        -0.29598497725411715,
        0.11841936064849062,
        0.2436378317199458,
        0.03492898273727093,
        0.12022789490364136,
        0.18487600848652805,
        -0.2754913875424658,
        -0.2534126415321709
      ],
      [
        -0.016568206211366624,
        -0.12601467286108475,
        0.4175234129074402,
        -0.028550675110035468,
        0.7873433079758381,
        0.05516261657916422,
        0.1715413193993243,
        0.21027565066651557
      ],
      [
        0.0014734760686870867,
        -0.08290655096550753,
        -0.24333034526447297,
        0.01307349749301723,
        -0.21608987085903958,
        -0.3477293545778375,
        0.21488248920402617,
        -0.3830027298305293
      ]
    ],
    [
      [
        0.8016459236895216
      ],
      [
        0.6538671005339375
      ],
      [
        -0.2962524572396037
      ],
      [
        -0.10448001856915573
      ],
      [
        1.086915623522495
      ],
      [
        -0.13943011139336325
      ],
      [
        -0.5459230158797566
      ],
      [
        0.17454493275259794
      ]
    ]
  ],