{
  "trained_at": "2026-07-01T10:22:28.234366",
  "n_samples": 9870,
  "n_features": 6,
  "feature_names": [
    "log1p_days_since_last",
    "n_correct",
    "n_wrong",
    "accuracy",
    "log1p_n_reviews",
    "log1p_days_since_first"
  ],
  "scaler_mean": [
    1.7145928567594961,
    3.769300911854103,
    1.1983789260385005,
    0.7612323349948955,
    1.6232802361160434,
    2.7237395433105025
  ],
  "scaler_std": [
    0.9479832247485972,
    2.6033198775082074,
    1.253144941925138,
    0.2536583180113502,
    0.5790496652727796,
    1.1827419909489636
  ],
  "weights": [
    [
      [
        -0.24398921937330892,
        0.33072881876115245,
        0.33081908357092105,
        -0.1810378161103693,
        -0.34338796609533406,
        -0.20607517366225245,
        -0.4697247610525815,
        0.5072573824880054,
        0.13212223594935635,
        -0.013326054477567791,
        -0.8591027764297949,
        0.3844470618007721,
        0.47236080512854217,
        -0.271401437704437,
        -0.145316895474051,
        -0.2588220164101885
      ],
      [
        -0.06202855526420427,
        0.13282743975754704,
        -0.06988572782146878,
        -0.1663063902876565,
        0.21754041916276762,
        -0.22716274806770465,
        -0.165575142267754,
        -0.30252628961078337,
        -0.19055463795825636,
        0.4542302011513129,
        -0.14137223970276386,
        0.26042605225157484,
        -0.07359127063341528,
        -0.41257286869097315,
        0.2291057453203024,
        -0.3152054180656881
      ],
      [
        -0.5917429250153798,
        0.38484964848366415,
        0.46573832314017916,
        0.32936158775471486,
        -0.0697303264582165,
        -0.317252179840111,
        0.0894568266490673,
        0.05639258624918268,
        -0.27392596753679593,
        -0.10383861860361293,
        -0.5173484288650707,
        0.21848715798400378,
        0.0383541066116322,
        -0.11735047656485333,
        -0.21010668213888872,
        0.15961203792600553
      ],
      [
        0.2858256899072737,
        -0.17762534441757918,
        0.49385815032291774,
        0.4500423964837095,
        0.324067458666915,
        0.4421131236170386,
        0.2392178530552176,
        0.2855949149359401,
        -0.49943710077625497,
        -0.23208704102037575,
        -0.3717259752843361,
        0.0368843314202274,
        -0.24722710294058284,
        -0.06911485973844764,
        0.300801773946666,
        -0.06851698625008457
      ],
      [
        -0.17294640941079983,
        0.1370064018135992,
        -0.3422924838974284,
        0.4012973834838711,
        -0.335480116508308,
        0.6830084711735439,
        0.28759118458007865,
        -0.2795510026193742,
        -0.5344616908292035,
        0.4701592886747835,
        0.28931432878574836,
        0.4919706660142347,
        0.1778450015825273,
        -0.5039075770311425,
        -0.07247369733604091,
        -0.2934315907719375
      ],
      [
        0.3390477083966863,
        0.18742665341639406,
        -0.15814747554297598,
        -0.3958335393594987,
        -0.1715145491255831,
        -0.13865384061324668,
        -0.0032585433566461467,
        0.17897984771309536,
        0.3255109533139932,
        -0.004623138101220672,
        -0.31998756709117987,
        0.2963347061074059,
        0.2446468540846323,
        0.043993048584205295,
        0.39306522449326414,
        0.011329180394365212
      ]
    ],
    [
      [
        0.5114493637524427,
        0.3897850303482552,
        -0.023723591344901627,
        -0.023822776571644184,
        0.5016827337422226,
        -0.5514877600547515,
        0.26189715018141274,
        0.12373090570598173
      ],
      [
        0.16890985751430299,
        0.3309077770445616,
        -0.44020733114360416,
        -0.30815141403210616,
        -0.28475822277117524,
        -0.03786201712169862,
        -0.07270081311656253,
        0.15687880704865528
      ],
      [
        -0.3139141998611674,
        0.14263459601708045,
        -0.18915003103073164,
        -5.314842794195977e-38,
        -0.1785835694821347,
        -2.2471753746723036e-09,
        0.2536039068964499,
        0.000637054320294589
      ],
      [
        0.12314750599234876,
        0.28374663145977774,
        -0.30779788028804284,
        0.0002445863191745601,
        0.5847364575192522,
        -0.19973474484802642,
        -0.1309788648535299,
        -0.03628625484539819
      ],
      [
        -0.1727233545071692,
        -0.4110944877687912,
        0.07496457565908017,
        -1.555330633690806e-05,
        -0.3069949360662698,
        -0.20721394426433468,
        0.3573817413792601,
        -0.17898025074087515
      ],
      [
        -0.10590822628544988,
        0.23436040539698466,
        0.30926668701581994,
        -0.020906687001309605,
        0.6245907341259042,
        -0.1255943355331185,
        -0.42840797385079743,
        0.45686874948593326
      ],
      [
        0.006561392756349832,
        0.26091767130568977,
        -0.017633315041482724,
        0.0013080238646825644,
        0.024433174094125164,
        0.0033227365306410794,
        -0.3341614636851578,
        -0.11976617263607768
      ],
      [
        -0.4887712542984067,
        0.0843114526641067,
        -0.011369543443032452,
        -0.008900326058667864,
        0.002779471599531761,
        -0.20016127925763458,
        0.04906317907466767,
        -0.38534648859496085
      ],
      [
        0.0634126089961291,
        -0.22999993395490162,
        0.415014423106264,
        -0.007633270459351404,
        -0.1187908749425128,
        -0.21101359449111004,
        0.4977074772449508,
        0.1979519568530293
      ],
      [
        -0.0785023522075394,
        0.3380663594734583,
        0.5248779907492025,
        -0.025155553182710975,
        0.26018096739180585,
        0.032045230509639346,
        -0.06179541408298531,
        0.4808844883577273
      ],
      [
        0.4420834441597965,
        0.17724055438596714,
        -0.21513853593935786,
        -0.04126580667567858,
        0.36889738270633965,
        0.2842791962991716,
        0.3713683871081115,
        0.30280350294123143
      ],
      [
        0.13206187070045436,
        -0.3461942497948728,
        -0.5245254359199243,
        0.22106434561878066,
        0.24567184258722954,
        -0.42973506803503464,
        -0.4847726964680368,
        0.10350804596726242
      ],
      [
        -0.638636236778305,
        -0.37111367298364095,
        -0.10640799309967268,
        0.025698326818672845,
        0.07267423444837279,
        0.0003064896483035736,
        0.05921187169109259,
        -0.4661292679416706
      ],
      [
        -0.26464664911101077,
        0.1483550210578769,
        0.2094983631922379,
        0.03313207627525145,
        0.1682907694773781,
        0.15918909509475443,
        -0.31104940179074764,
        -0.22096441231456815
      ],
      [
        -0.08444855601792423,
        -0.11057034972315713,
        0.4249114259300826,
        -0.027686777076158593,
        0.6676005178969484,
        -0.0009068877336862973,
        0.22435157394175242,
        0.11952076304762552
      ],
      [
        0.07380251885109744,
        -0.00914951009871219,
        -0.30598822597314546,
        0.01260673653919247,
        -0.1600925467894164,
        -0.41739111681807395,
        0.14460904971636895,
        -0.29734807529780266
      ]
    ],
    [
      [
        0.7852770927781724
      ],
      [
        0.6713589936651444
      ],
      [
        -0.318765789974302
      ],
      [
        -0.07425177605457416
      ],
      [
        1.0278680752526748
      ],
      [
        -0.15899918939686292
      ],
      [
        -0.5355570406572128
      ],
      [
        0.14622480336903948
      ]
    ]
  ],