{
  "trained_at": "2026-04-08T05:22:24.225199",
  "n_samples": 1654,
  "n_features": 6,
  "feature_names": [
    "log1p_days_since_last",
    "n_correct",
    "n_wrong",
    "accuracy",
    "log1p_n_reviews",
    "log1p_days_since_first"
  ],
  "scaler_mean": [
    1.3891634724419557,
    1.8137847642079807,
    0.8125755743651754,
    0.7004622946581831,
    1.2008127441350278,
    2.0238788004201647
  ],
  "scaler_std": [
    0.7801655082519761,
    1.2127511039993213,
    1.0501046265754899,
    0.34214950364157637,
    0.41035785122601365,
    0.9013698502975823
  ],
  "weights": [
    [
      [
        -0.2450302260051379,
        0.5390536527752843,
        0.19018152811540348,
        -0.1255542340206338,
        -0.2325739874743564,
        -0.3708492078582099,
        -0.3110993855141973,
        0.3585052027424824,
        0.17818524859529963,
        0.1275784418033832,
        -0.7335159075037297,
        0.3828583981387197,
        0.36042675635775084,
        -0.19573464760105658,
        -0.321486574031565,
        -0.3350367466790657
      ],
      [
        -0.01863902459066761,
        0.21766001002648072,
        -0.07938540301437096,
        -0.18368882512876414,
        0.1628359191892346,
        -0.40964498401724986,
        -0.3006585606182607,
        -0.18234743314648275,
        -0.11229192531455928,
        0.569447090158613,
        -0.07956901796454825,
        0.18104206635423903,
        -0.00444217422640926,
        -0.5959636350131255,
        0.1259923452765582,
        -0.2789248931490908
      ],
      [
        -0.6055419634521949,
        0.284324533933538,
        0.6040428887679565,
        0.19890755019053186,
        -0.12152213449161983,
        -0.3979312330654308,
        0.17227234449981021,
        0.007718056071658315,
        -0.2914325177096326,
        -0.16398956244425208,
        -0.5530060958538128,
        0.3660279735837982,
        -0.18064300289863283,
        0.049323024229481496,
        -0.15066110617217293,
        -0.05767253072869796
      ],
      [
        0.21259316039637846,
        -0.12526027100066442,
        0.41066063229987226,
        0.3876096153338635,
        0.37562382382687154,
        0.3907123047576257,
        0.11457339374926878,
        0.3565370594770379,
        -0.5825906460226744,
        -0.08464833787242794,
        -0.287361338706376,
        -0.047817454008557185,
        -0.16734290375613808,
        -0.21343137571704604,
        0.3054913217654375,
        -0.05262343057766365
      ],
      [
        -0.24109645977330568,
        0.11367651799578159,
        -0.30579427338422954,
        0.2864729829224898,
        -0.37918913494505335,
        0.5239277583559545,
        0.24141403280683543,
        -0.25234016495752454,
        -0.4569743805261949,
        0.4231333184419809,
        0.37466546408649365,
        0.4368245551190252,
        0.18436676153773499,
        -0.5837056331883574,
        -0.09112756057650793,
        -0.3952223823754751
      ],
      [
        0.3644757110829485,
        0.2464838295091037,
        -0.07295995518385495,
        -0.5835246767976233,
        -0.13490841289817698,
        -0.18947400250443616,
        0.3115755892061798,
        0.14090628120398094,
        0.39368900589841477,
        0.0013478552625217236,
        -0.400855556332823,
        0.2525700731597612,
        0.2725247370947596,
        -0.03740805877518858,
        0.2902370241006605,
        -0.003908267356903685
      ]
    ],
    [
      [
        0.5356670328185443,
        0.41755475448176493,
        0.03571839493963377,
        0.10486458470184129,
        0.522113658825466,
        -0.44864258955617087,
        0.30407405273156163,
        0.15796267428398544
      ],
      [
        0.15174598499100403,
        0.26538902226833233,
        -0.09200757196352745,
        -0.41598351464894484,
        -0.23066540952877143,
        -0.05221103097390785,
        0.5866472044931239,
        0.20250805018736562
      ],
      [
        -0.47936799454290135,
        0.07969500922735173,
        -0.10612242352892254,
        -0.25539040308237837,
        -0.2952982266309668,
        -0.04066579846790312,
        0.43190294397197676,
        -0.15887041513975847
      ],
      [
        0.13517017022765898,
        0.3191584492147688,
        -0.3753844370616444,
        0.46936838506627737,
        0.7529339365767368,
        -0.505189823554546,
        -0.23739670794560258,
        -0.05685642627255433
      ],
      [
        -0.14714523581174216,
        -0.3933880474299848,
        0.04695779150053099,
        -0.1294576732564581,
        -0.29315691979530945,
        -0.29168650860424283,
        0.34225500135475084,
        -0.17837011249005646
      ],
      [
        -0.19484277066258135,
        0.15476571840350825,
        0.3388937990052707,
        -0.3899945050091334,
        0.5578665660534268,
        0.10927738312272979,
        -0.39304117307526304,
        0.40832340206801726
      ],
      [
        -0.1205962781579849,
        0.14988393284600499,
        0.014806217155205402,
        0.09058168368619897,
        -0.1939253619815637,
        0.1959108457198301,
        -0.3447755304150866,
        -0.2899130832100186
      ],
      [
        -0.39834607193301047,
        0.15188975995532894,
        0.12187734540138873,
        -0.40689639359733304,
        0.08060284069214131,
        -0.2959590069965422,
        0.08773658950759848,
        -0.25716925156178033
      ],
      [
        0.11579986210850222,
        -0.19549896453082177,
        0.4922223316465026,
        -0.3334981911348092,
        -0.15873393460095533,
        -0.19284993955192403,
        0.5032979355149415,
        0.2805233657604539
      ],
      [
        -0.013353384746224991,
        0.43587675877417037,
        0.2256862327590825,
        -0.12482809722537547,
        0.3502662794864386,
        -0.2547279866078675,
        -0.30034052578620635,
        0.6081255655504822
      ],
      [
        0.4281499523063639,
        0.1628747241843833,
        -0.18715093545823439,
        -0.13581023564550912,
        0.3497622567367943,
        0.3549167443413355,
        0.40233434936098533,
        0.30310905931917587
      ],
      [
        0.09038497110559496,
        -0.43934888476730677,
        -0.3790664707436258,
        0.3150668691794681,
        0.2289493284197301,
        -0.49790733256306346,
        -0.25548244031585704,
        0.10515052596748087
      ],
      [
        -0.4671821267621146,
        -0.30003642457043866,
        0.04285080824850927,
        0.12824666104948051,
        0.14951316004620996,
        -0.24585856410173526,
        0.25591589355312866,
        -0.23532012852220313
      ],
      [
        -0.32872983770872316,
        0.08657607171098884,
        0.30476256930790874,
        0.35977012086735277,
        0.15975127278365778,
        0.18793480627408482,
        -0.23396198536356042,
        -0.29253485384489214
      ],
      [
        -0.11430166000255935,
        -0.13427626913232818,
        0.37565325813816564,
        -0.21082619133553526,
        0.6422850539781557,
        0.03386190348598657,
        0.2245130277325305,
        0.1254766805853608
      ],
      [
        0.037336159998055965,
        -0.048735894668110354,
        -0.26283609070139724,
        0.2340981779915558,
        -0.19738898633252078,
        -0.42500178757634477,
        0.19109149696778127,
        -0.3581165120034859
      ]
    ],
    [
      [
        0.7541836452958193
      ],
      [
        0.7027639650687177
      ],
      [
        -0.2824844976171096
      ],
      [
        -0.23006926867282648
      ],
      [
        0.9766151064004317
      ],
      [
        -0.16444212945101402
      ],
      [
        -0.5450905802724453
      ],
      [
        0.15279072867454568
      ]
    ]
  ],