{
  "trained_at": "2026-07-05T11:02:09.950541",
  "n_samples": 10283,
  "n_features": 6,
  "feature_names": [
    "log1p_days_since_last",
    "n_correct",
    "n_wrong",
    "accuracy",
    "log1p_n_reviews",
    "log1p_days_since_first"
  ],
  "scaler_mean": [
    1.7384511908193778,
    3.846348341923563,
    1.2010113780025284,
    0.7644062082763444,
    1.6372226506651941,
    2.754906218274305
  ],
  "scaler_std": [
    0.955119439185978,
    2.6278313225754015,
    1.2501681101259403,
    0.25061684906111165,
    0.5793079301786459,
    1.1841666583646313
  ],
  "weights": [
    [
      [
        -0.23614859705496075,
        0.2915789857432658,
        0.35999521583879723,
        -0.19087270571416598,
        -0.3331821726667985,
        -0.1648350814346336,
        -0.4862414479956238,
        0.49770804353281567,
        0.17649692696425598,
        -0.03303772821892395,
        -0.8327787519957371,
        0.38348522923906875,
        0.47124789799536343,
        -0.2919671007548786,
        -0.14520463294277358,
        -0.22300233215129425
      ],
      [
        -0.07040193259512796,
        0.14828535400865125,
        -0.07862804130676403,
        -0.17839453822680085,
        0.21861184955262386,
        -0.2361517853266724,
        -0.1607275705321368,
        -0.2934414064459886,
        -0.20677808684788046,
        0.4558859224318174,
        -0.11303613880012575,
        0.2223408814887271,
        -0.07774974589869543,
        -0.3746904520150175,
        0.2495264288896264,
        -0.3152678346994328
      ],
      [
        -0.6128328004950649,
        0.3992787646871175,
        0.4795595697355983,
        0.33238381037401254,
        -0.07623336023939822,
        -0.37364996056599187,
        0.13505979579771177,
        0.05835381296323615,
        -0.3285063272286264,
        -0.10577225867439351,
        -0.5435369386072325,
        0.24504209931557588,
        0.04309372918276725,
        -0.08610962627830618,
        -0.20617432344068276,
        0.1877507432999125
      ],
      [
        0.29332581459841034,
        -0.19382618909596155,
        0.48368308007240723,
        0.4500033736624045,
        0.33344803110040033,
        0.4386790397606658,
        0.23502292477175357,
        0.30046319052949266,
        -0.45843925208357966,
        -0.20945442414490528,
        -0.3584324164142804,
        0.03637133145318555,
        -0.2566277544986366,
        -0.08925768414149482,
        0.26666735704373,
        -0.06740857094381623
      ],
      [
        -0.17295212135137458,
        0.14184514235763865,
        -0.3397435480361304,
        0.4029770371194161,
        -0.3340104023050511,
        0.6729116923369143,
        0.31734621054367307,
        -0.2784086910878806,
        -0.5569200644633581,
        0.4676608550104669,
        0.3078943027470907,
        0.45506975743312766,
        0.18496088057116034,
        -0.47400053720233304,
        -0.06325743286315717,
        -0.2815296394812701
      ],
      [
        0.3205349947949539,
        0.14459393268199786,
        -0.16201529795932862,
        -0.3866315941657016,
        -0.18587586865865893,
        -0.14808693944396634,
        0.028551943432145357,
        0.17985730261011026,
        0.3253955688949275,
        -0.0031151055044514667,
        -0.31669248511419146,
        0.26432563101625434,
        0.255035177963907,
        0.06558977800297447,
        0.4264138381782988,
        0.019417679253604946
      ]
    ],
    [
      [
        0.5181483662576372,
        0.39469150047457024,
        0.04522005277372044,
        -0.019846733850452145,
        0.5011766925042488,
        -0.4478429573791192,
        0.2616261542766999,
        0.12730356355255373
      ],
      [
        0.1603353411169297,
        0.32221818799302454,
        -0.36152477698141217,
        -0.2745754236683379,
        -0.28966376266029786,
        -0.11124227663483709,
        -0.05213169921014006,
        0.14215251157007072
      ],
      [
        -0.3143499224116641,
        0.14533895189334425,
        -0.1905573531802835,
        -3.202568925849826e-09,
        -0.16669480157303593,
        -3.9568572890063985e-16,
        0.24584118382980158,
        -0.004575638309699754
      ],
      [
        0.12163560783649013,
        0.27877216543025934,
        -0.4018461828110456,
        0.000713320073784764,
        0.5823511952369493,
        -0.23619409810743863,
        -0.23252820563030896,
        -0.03158955672513387
      ],
      [
        -0.17570964739861225,
        -0.4135060797960832,
        0.07894008013612822,
        -9.473473502444035e-05,
        -0.30636079286852347,
        -0.19136523220964996,
        0.3592285802619005,
        -0.18096216670117649
      ],
      [
        -0.0817580997876029,
        0.25668353485956047,
        0.30888041413819334,
        -0.0245904003359741,
        0.6430774912667705,
        -0.07875059045924086,
        -0.43393580236330614,
        0.4728556503247887
      ],
      [
        0.005131130800266024,
        0.2589470017077723,
        -0.006432857366908444,
        0.001506729824004329,
        0.04817598540680827,
        0.04373954011060008,
        -0.427908526672108,
        -0.12048797818612235
      ],
      [
        -0.4818409365604195,
        0.08711699959680305,
        0.1081856480809774,
        -0.012557826276131693,
        0.018095067167316372,
        -0.22129405875850472,
        0.04294073679911968,
        -0.3865414592380134
      ],
      [
        0.05882361907930869,
        -0.23647643654816233,
        0.4485731072597305,
        -0.01809505970510697,
        -0.10911040081095928,
        -0.21323619008655936,
        0.5030135484736363,
        0.18573644510103182
      ],
      [
        -0.06450843894517197,
        0.3551076847873051,
        0.3167934197533347,
        -0.022181010182598004,
        0.2631338339291098,
        0.11316087441275301,
        -0.04543829358719803,
        0.49472912442485917
      ],
      [
        0.4391932216990138,
        0.17456481471182056,
        -0.20958027327037768,
        -0.040050677553219706,
        0.35972122601798434,
        0.28918858775788536,
        0.35854658481234103,
        0.29970583548007274
      ],
      [
        0.1386523892916492,
        -0.341281320005613,
        -0.45906777735311816,
        0.2061604480180952,
        0.2510881332551196,
        -0.3838797620865985,
        -0.5110944512626525,
        0.10202649344725127
      ],
      [
        -0.6490795408702186,
        -0.38279020827127436,
        0.07292327338545929,
        0.019677082425202694,
        0.06326025313854058,
        -0.0004930043896412461,
        0.062230380702318,
        -0.4877055536566548
      ],
      [
        -0.2617317604333388,
        0.1499490098686977,
        0.20985807767010767,
        0.03126033360375599,
        0.16059900798960125,
        0.14695713407992533,
        -0.3129610428081012,
        -0.21627334321883498
      ],
      [
        -0.03272290592462471,
        -0.05882342675883452,
        0.47716809988850145,
        -0.021014683772306732,
        0.7295468072008938,
        0.07110357791515486,
        0.170867907411046,
        0.16513851407927796
      ],
      [
        0.07536147779267015,
        -0.007280948722100182,
        -0.30435938803040186,
        0.013277523241730104,
        -0.17408615196124064,
        -0.41077147196434244,
        0.13703599377950176,
        -0.2909688257285195
      ]
    ],
    [
      [
        0.7843523575530393
      ],
      [
        0.6770615369606577
      ],
      [
        -0.3262487980416113
      ],
      [
        -0.0655767127063004
      ],
      [
        1.0381756516992244
      ],
      [
        -0.14115832819102483
      ],
      [
        -0.5428638152850314
      ],
      [
        0.15420886096345846
      ]
    ]
  ],