{
  "trained_at": "2026-06-22T10:55:57.212883",
  "n_samples": 8969,
  "n_features": 6,
  "feature_names": [
    "log1p_days_since_last",
    "n_correct",
    "n_wrong",
    "accuracy",
    "log1p_n_reviews",
    "log1p_days_since_first"
  ],
  "scaler_mean": [
    1.6850317696106898,
    3.6495707436726503,
    1.1933325900323335,
    0.755406493926722,
    1.6033055332337935,
    2.6839095240451067
  ],
  "scaler_std": [
    0.9380686062177929,
    2.539894657886244,
    1.2523480583964437,
    0.25854009314744764,
    0.575363784867441,
    1.1764902429330328
  ],
  "weights": [
    [
      [
        -0.19522988231831448,
        0.2579702269268394,
        0.6060702695131605,
        -0.18123981332543715,
        -0.3300716148075025,
        -0.21879962805820607,
        -0.475793269022049,
        0.4839833183663567,
        0.10374235206888212,
        0.04760452246892033,
        -0.8485030646569787,
        0.3904609084931205,
        0.4133807808157591,
        -0.31266037132008245,
        -0.21943294282903575,
        -0.20915376937763408
      ],
      [
        0.019927173231605446,
        0.13170216795787473,
        -0.04528762698769832,
        -0.16059213332789782,
        0.2111589264122177,
        -0.26845087565526365,
        -0.1754835954687707,
        -0.28547241230093456,
        -0.2007486995446102,
        0.42145461353228003,
        -0.10371732434557242,
        0.38626075424260964,
        -0.06760189351910241,
        -0.3873858656537239,
        0.10858370551665728,
        -0.3308263119895786
      ],
      [
        -0.5766023176906347,
        0.47863520951079436,
        0.5602037753383468,
        0.34344240536763293,
        -0.06523935228703442,
        -0.31064483173677,
        0.06980894018283129,
        0.037898730238046525,
        -0.28254407957294203,
        -0.05865340732502372,
        -0.5447938720601895,
        0.26645638560077994,
        -0.009761233110415839,
        -0.12629859231952162,
        -0.19038190502779406,
        0.17511250251587532
      ],
      [
        0.2444255646385321,
        -0.22459743915029487,
        0.3907656965555237,
        0.4626878622475183,
        0.3211504897717933,
        0.4374833984110422,
        0.2919156837831262,
        0.30854549380321655,
        -0.507822154960545,
        -0.2083542344524017,
        -0.3647919324635845,
        0.0950695245095767,
        -0.28179932168004523,
        -0.07708599826791847,
        0.28804807937363786,
        -0.0665550708448431
      ],
      [
        -0.11689860098389321,
        0.1687099850775898,
        -0.2709265758210088,
        0.39303840469262896,
        -0.3432300110621491,
        0.6748575072576812,
        0.25960741728281705,
        -0.2721961845459978,
        -0.5417792652363079,
        0.41842864462011164,
        0.3377462399171276,
        0.5503966263773367,
        0.20549237338970142,
        -0.49235914033404055,
        -0.08975950381831985,
        -0.29452886729293093
      ],
      [
        0.3495118164849027,
        0.12282928380295342,
        -0.11527843937674154,
        -0.4025080204368884,
        -0.17675743543688868,
        -0.20081769209809708,
        -0.041244766417984635,
        0.18618046859138523,
        0.3006282477961798,
        -0.08919643653593447,
        -0.3197169149524309,
        0.37942179171718493,
        0.2589160702994894,
        0.048846358042250376,
        0.2793300946204424,
        0.024635835113863642
      ]
    ],
    [
      [
        0.5146993521325516,
        0.39873016805842615,
        -0.005672021377667769,
        -0.05043588020651401,
        0.5070351601570537,
        -0.5637955700048571,
        0.2648530479088011,
        0.12351194721784454
      ],
      [
        0.22160237201053481,
        0.31093339644836354,
        -0.4266265188643519,
        -0.34141827285451753,
        -0.2931181537608368,
        0.02639189568392076,
        0.008598695898640787,
        0.16250172014283182
      ],
      [
        -0.5208025788988478,
        0.08879043800188055,
        -0.3081552958406073,
        0.05348060055766892,
        -0.470127179093688,
        -5.690623395366118e-15,
        0.18425250060740242,
        -0.38830036138920876
      ],
      [
        0.17759870834718094,
        0.33375288365931527,
        -0.2826405871772527,
        0.00018588699247003792,
        0.6553625972742867,
        -0.19614380730411216,
        -0.21714611446364032,
        0.00646169353697382
      ],
      [
        -0.18017080792770154,
        -0.41920313422323296,
        0.08342250380683632,
        -3.473937549727282e-05,
        -0.31918638683465994,
        -0.19149241367535175,
        0.36526572027370957,
        -0.18519693913221966
      ],
      [
        -0.11220965002782698,
        0.225520879169913,
        0.28224480813788744,
        -0.019888835010164755,
        0.6029643661385335,
        -0.18785905462432578,
        -0.44356777024707894,
        0.44720099991964457
      ],
      [
        0.010419865155821939,
        0.26549074697666575,
        -0.08629320961161116,
        0.00029450473649770073,
        0.030895131567231546,
        -0.04819286579800117,
        -0.36253140467768347,
        -0.11658179751512318
      ],
      [
        -0.47126562014467965,
        0.1183335383345699,
        0.010687015130867141,
        0.0210738382939356,
        0.01549427443897698,
        -0.2562245668956304,
        0.06330674959330392,
        -0.3927515007795331
      ],
      [
        0.07047318770653394,
        -0.22076464312895902,
        0.44080043606924846,
        0.003044152365309894,
        -0.08549112218014372,
        -0.21664984493200162,
        0.5027425268704786,
        0.1994633040675513
      ],
      [
        -0.05258440048026447,
        0.2666110430706415,
        0.2614455756350759,
        -0.0652845038227729,
        0.29261946327021376,
        -0.04424762499479779,
        -0.05002670895920681,
        0.4882216730531357
      ],
      [
        0.4497969338391998,
        0.1852962659223317,
        -0.22830996598445352,
        -0.04169075670869077,
        0.3810437708886591,
        0.26839991164464355,
        0.35331507155427305,
        0.310582805148175
      ],
      [
        0.16335975782709175,
        -0.38078156929642815,
        -0.551760508688029,
        0.19942918016313466,
        0.24817274890736502,
        -0.5116488674149595,
        -0.5611267401451386,
        0.09624530361569848
      ],
      [
        -0.565678421164695,
        -0.3957797587785613,
        -0.13697944702068304,
        0.016440481394866334,
        0.07528890958653696,
        -0.0018568174707170675,
        0.04808546572879782,
        -0.46103606129380476
      ],
      [
        -0.26369293790887155,
        0.1497454216935693,
        0.21442683278656843,
        0.035121617507876575,
        0.1597192030347603,
        0.15021354487473093,
        -0.3101405825225013,
        -0.21601973285853124
      ],
      [
        -0.1418886359261991,
        -0.15838236927522523,
        0.3547122841684673,
        -0.0019346208038122077,
        0.5122350030283431,
        -0.023374648222638947,
        0.07040951009539614,
        0.04838538966979999
      ],
      [
        0.06358118677092553,
        -0.01866352896770627,
        -0.2893832395359287,
        0.013503836677065123,
        -0.17928165412957503,
        -0.40232767733786173,
        0.15119020402621336,
        -0.30157362138517185
      ]
    ],
    [
      [
        0.7935902110697398
      ],
      [
        0.6730458221290954
      ],
      [
        -0.32501466637227233
      ],
      [
        -0.07061385202959018
      ],
      [
        1.0687438792564388
      ],
      [
        -0.1720547500844448
      ],
      [
        -0.5470933645383819
      ],
      [
        0.1515110822763145
      ]
    ]
  ],