{
  "trained_at": "2026-06-05T06:43:37.931416",
  "n_samples": 7124,
  "n_features": 6,
  "feature_names": [
    "log1p_days_since_last",
    "n_correct",
    "n_wrong",
    "accuracy",
    "log1p_n_reviews",
    "log1p_days_since_first"
  ],
  "scaler_mean": [
    1.639523638486471,
    3.3603312745648513,
    1.1697080291970803,
    0.7480884659381917,
    1.55673172990119,
    2.6176625051215057
  ],
  "scaler_std": [
    0.916200196640534,
    2.2967652233180758,
    1.2766982058864478,
    0.26831286377951685,
    0.5583026975487944,
    1.1397009083205931
  ],
  "weights": [
    [
      [
        -0.17744017336761608,
        0.4209077881766737,
        0.6105917494159195,
        -0.16933427298790826,
        -0.31480191982981814,
        -0.3879453640168532,
        -0.6719636660670202,
        0.41118120204804953,
        0.19493412233767354,
        -0.03508500392804841,
        -0.7172617098195025,
        0.42733384609258784,
        0.3539751130236777,
        -0.27702746583755444,
        -0.2334115851226312,
        -0.2807875052196399
      ],
      [
        -0.014311607796502177,
        0.1808324457055933,
        -0.1051500602006854,
        -0.1313634292722624,
        0.194710755068369,
        -0.21963128353884495,
        -0.22823098790228974,
        -0.17994215112755838,
        -0.1743959364910185,
        0.48302224642051683,
        -0.22466651741276167,
        0.3187500665924399,
        -0.05474715737445558,
        -0.5788765914434526,
        0.1387981536140343,
        -0.3532237190542324
      ],
      [
        -0.6297275838737566,
        0.39812072143869953,
        0.6324363231929017,
        0.2697200574868253,
        -0.07994545181110467,
        -0.32489123605940656,
        0.11031448132267703,
        0.07519516074860383,
        -0.2916810742743355,
        0.00549315951855432,
        -0.7297570572682479,
        0.24531920390910247,
        -0.041969506620508426,
        0.2553839746305771,
        -0.19023693000352665,
        0.20273564415022585
      ],
      [
        0.25817622537916973,
        -0.1470441782127465,
        0.3112210540018244,
        0.4122724956450812,
        0.3338537050665472,
        0.3927115444318399,
        0.015022331096976668,
        0.32015092540559353,
        -0.523404482307344,
        -0.14799975089923395,
        -0.26264254388152336,
        -0.005404894185048063,
        -0.2800872727442435,
        -0.2082264293926694,
        0.3096200651427533,
        -0.10671179944485285
      ],
      [
        -0.14649540318631574,
        0.1368873482297553,
        -0.2647122013871628,
        0.34773461804166467,
        -0.36016890450979144,
        0.6994449488368212,
        0.1341872908622709,
        -0.24860003709508413,
        -0.5567817406515791,
        0.4044206139909754,
        0.21895343356837912,
        0.496187258390455,
        0.21736058520294813,
        -0.4439767427208205,
        -0.09547660740626675,
        -0.32848629412924807
      ],
      [
        0.436380165418854,
        0.16959361558687827,
        -0.0648759197875959,
        -0.4534363460784462,
        -0.1601635337057712,
        -0.1954523139093287,
        -0.0003820372340429451,
        0.16631812442969796,
        0.30713532553611345,
        -0.12321453264043376,
        -0.3321962811187605,
        0.2704597354500721,
        0.240068571028888,
        -0.018286636877057286,
        0.24913416024497817,
        0.011764436051156377
      ]
    ],
    [
      [
        0.53738969428639,
        0.41769516026118514,
        0.004661498256779627,
        0.001290875812367253,
        0.5339698326143775,
        -0.5538528567270214,
        0.2636095151026957,
        0.15316105059437704
      ],
      [
        0.21611442306342227,
        0.3141731277755996,
        -0.28456246013190395,
        -0.41490325286130025,
        -0.24529324752760237,
        0.03741591999875888,
        0.49609442515073204,
        0.20682566196177254
      ],
      [
        -0.5673265779033309,
        0.006192468204156653,
        -0.18443042094342374,
        -0.05995892605803495,
        -0.46670928968069364,
        0.027719696429900298,
        0.4692076025767741,
        -0.339423018258072
      ],
      [
        0.06716453540601855,
        0.23676943074737167,
        -0.19337719931403138,
        0.44918115331315617,
        0.4743574471291232,
        -0.22707797671241203,
        -0.04783593882512127,
        -0.09882865376975099
      ],
      [
        -0.16494300209601673,
        -0.40929463770548713,
        0.06531586676726767,
        -0.024595502163727426,
        -0.31272326640219394,
        -0.34240791088922645,
        0.3566333462730753,
        -0.18707653486366901
      ],
      [
        -0.1505507186688722,
        0.19163331896725805,
        0.3385744963491475,
        -0.4625464000210523,
        0.5921913396081742,
        -0.08905349402102926,
        -0.4591783584506949,
        0.4301371849862857
      ],
      [
        0.15136702276111214,
        0.4167865221221165,
        -0.1655235378474014,
        0.11372852998941506,
        0.08082803061974274,
        0.02854972267520896,
        -0.5722145088851742,
        0.001590422243751792
      ],
      [
        -0.4131998294554392,
        0.1250360618711885,
        0.07914896735516361,
        -0.03970852333281954,
        0.08338234823266868,
        -0.16787838721039441,
        0.10880986284338608,
        -0.29507133698182325
      ],
      [
        0.10749526510625884,
        -0.20661585171701205,
        0.4477720687451227,
        -0.4082529843195428,
        -0.0882182578774727,
        -0.1986531146277768,
        0.5027045131470488,
        0.25614109866363477
      ],
      [
        -0.12665777468388179,
        0.30028433296614065,
        0.40280878552202165,
        -0.1413264666316436,
        0.2681601677431837,
        -0.2677380055857917,
        -0.4258565605703715,
        0.46281367834333736
      ],
      [
        0.40273094945316346,
        0.13758196721621468,
        -0.1963602424103403,
        -0.13321317795626386,
        0.3519141108208718,
        0.34014783913989893,
        0.39264681928041795,
        0.267904969804016
      ],
      [
        0.16030515824409416,
        -0.37997785196438505,
        -0.4655378760520343,
        0.26583211522916633,
        0.258241214996557,
        -0.5473388288255152,
        -0.3448138570044958,
        0.13379280283742595
      ],
      [
        -0.5078545073647743,
        -0.3525363327209736,
        -0.04705761896974093,
        0.0654073728788783,
        0.18906182190565743,
        -0.011740453351048804,
        0.25908285338493237,
        -0.3307192603665481
      ],
      [
        -0.3358086244240192,
        0.08081713111698917,
        0.24492746602863105,
        0.3942142956567108,
        0.0851205155131992,
        0.22131247769609827,
        -0.2762298347946953,
        -0.29630510347120864
      ],
      [
        -0.10564153880064431,
        -0.12651625250723703,
        0.34702694900834175,
        -0.031193950881573042,
        0.6212515584821313,
        -0.029587847460080186,
        0.07446630601912897,
        0.11101146867459144
      ],
      [
        0.01741630897103422,
        -0.0656294341034307,
        -0.2836952256897111,
        0.1398053736394347,
        -0.21638301161582782,
        -0.3788164419967407,
        0.18342447653467808,
        -0.3667979957867702
      ]
    ],
    [
      [
        0.800203474742594
      ],
      [
        0.6854946456509535
      ],
      [
        -0.29595561088648886
      ],
      [
        -0.4463025613847601
      ],
      [
        1.0296681481378487
      ],
      [
        -0.17283898706726308
      ],
      [
        -0.5897842892578927
      ],
      [
        0.15429373366772534
      ]
    ]
  ],