{
  "trained_at": "2026-07-15T10:45:16.852698",
  "n_samples": 10913,
  "n_features": 6,
  "feature_names": [
    "log1p_days_since_last",
    "n_correct",
    "n_wrong",
    "accuracy",
    "log1p_n_reviews",
    "log1p_days_since_first"
  ],
  "scaler_mean": [
    1.77713397261391,
    3.998992027856685,
    1.2321084944561531,
    0.7677876281846022,
    1.6611039982826685,
    2.802731622067369
  ],
  "scaler_std": [
    0.967961530010305,
    2.7631874170862836,
    1.2840458965796795,
    0.24671049611569715,
    0.5898514949676071,
    1.1969126588569166
  ],
  "weights": [
    [
      [
        -0.2475727631261393,
        0.29811020416596967,
        0.6253437435907864,
        -0.1788897821443502,
        -0.2396697848711509,
        -0.21587831304227695,
        -0.49361988129708095,
        0.4527478490801087,
        0.1007826006439898,
        0.06724017001282087,
        -0.8098007882357845,
        0.4542207918652769,
        0.4032283642512697,
        -0.04337434110660997,
        -0.15219504575744275,
        -0.16383549252596352
      ],
      [
        -0.0736815743399455,
        0.13301364564797322,
        -0.020436333929285358,
        -0.18424663942545325,
        0.19191668314442709,
        -0.26942813169449586,
        -0.16683204124608653,
        -0.2639146974819121,
        -0.1557424085743659,
        0.42715105156429956,
        -0.18623808268335085,
        0.2894400230336748,
        -0.0441999155885276,
        -0.500490561545435,
        0.24282255384171075,
        -0.4239125833827075
      ],
      [
        -0.6093573831040813,
        0.4863597930848861,
        0.619613112138611,
        0.37115274563445444,
        -0.09803592752698179,
        -0.37073685016345853,
        0.14571146699661666,
        0.03602722792663096,
        -0.3028793444107383,
        -0.08617314372482691,
        -0.6233110117521525,
        0.24429710184549475,
        -0.04076760373708884,
        -0.05615621733558861,
        -0.19913445205610764,
        0.14138581612760956
      ],
      [
        0.2866980932660422,
        -0.19663977991490783,
        0.251114294351356,
        0.4476981249833472,
        0.34958786800261604,
        0.4592563540687532,
        0.2052075895071071,
        0.30687862209981964,
        -0.4323575338292693,
        -0.164022773665266,
        -0.3480726576592384,
        0.045866500812272705,
        -0.29856883219422475,
        -0.06847900314658273,
        0.2696357910466839,
        -0.034638096389122706
      ],
      [
        -0.16090017685792063,
        0.14655642572248895,
        -0.28280096070200067,
        0.3885950859466582,
        -0.36745065256580645,
        0.6753795401315135,
        0.31102013747847856,
        -0.28573818828030206,
        -0.5421715744985567,
        0.4540571369386051,
        0.2794816037133747,
        0.5399906907476354,
        0.21227052795828902,
        -0.4784685531058993,
        -0.056776323249804986,
        -0.37404604385694185
      ],
      [
        0.317064624602359,
        0.07238402245012109,
        -0.1131303322559092,
        -0.392632705110115,
        -0.1800730354423259,
        -0.13635780221945812,
        0.06952487304406775,
        0.177495753224527,
        0.33371039299611166,
        -0.09926051721858689,
        -0.30803857410134056,
        0.3840267756040227,
        0.31310310897551874,
        0.03170821021406755,
        0.42717456560629197,
        -0.02029046678008855
      ]
    ],
    [
      [
        0.5055783395545896,
        0.402884376172876,
        0.017729803764230657,
        -0.0215826171417651,
        0.49168359178610754,
        -0.47040894951147033,
        0.27367492751181915,
        0.11901738186460922
      ],
      [
        0.22802052272442339,
        0.32577370883576107,
        -0.3676097211446958,
        -0.3387336380606607,
        -0.25801535143223087,
        -0.0493620305152524,
        0.06542985393571316,
        0.18734152793849207
      ],
      [
        -0.7154380416208157,
        0.09448544894811098,
        -0.1907236132081681,
        0.15307058857995218,
        -0.6511740443102803,
        -0.0005187247283015041,
        0.07838203313062515,
        -0.484702617573027
      ],
      [
        0.20467315489950047,
        0.3811143754673463,
        -0.27168565597987326,
        -0.010713832182128149,
        0.6021808051424606,
        -0.1839391538149969,
        -0.07575087651670545,
        0.04103239183575361
      ],
      [
        -0.15188378397668764,
        -0.39281267763007516,
        0.053322374095189286,
        -5.609157468619269e-05,
        -0.281456349000652,
        -0.2085342702043021,
        0.33850988028925,
        -0.16763213601654864
      ],
      [
        -0.11617252134127275,
        0.22680285482822463,
        0.32625515900626084,
        -0.03367095937331434,
        0.6308256417047859,
        -0.05654205525811215,
        -0.41626604406928086,
        0.45108423147431953
      ],
      [
        0.019327149055060538,
        0.26897422303921437,
        -0.03180929655553359,
        0.009437349700536998,
        -0.0002548945480828183,
        0.054771827950133446,
        -0.4284885120062979,
        -0.11059083052430847
      ],
      [
        -0.45909666902632335,
        0.14206629785427397,
        0.06102427010598497,
        0.054332100934926686,
        0.0283944010275754,
        -0.23413650766132546,
        0.04599573585561574,
        -0.3661972488971826
      ],
      [
        0.06060549210321765,
        -0.2039608477880975,
        0.41837835156471853,
        0.047221966636271547,
        -0.10781664755316168,
        -0.23039470653821342,
        0.4774236072658553,
        0.18184449258378108
      ],
      [
        -0.06528676375603566,
        0.2629153580704471,
        0.28260583463436145,
        -0.13787921673437328,
        0.28688464744124687,
        0.11147057169707611,
        -0.04612145105833023,
        0.4912634437586152
      ],
      [
        0.44065749013702477,
        0.17493575617492088,
        -0.21655352041603163,
        -0.03225614150991067,
        0.35617841810498246,
        0.30188327681657673,
        0.37192491412800316,
        0.30152440421471133
      ],
      [
        0.18291272097080558,
        -0.3733353892916819,
        -0.4899877077819583,
        0.23943487355922977,
        0.2807014878753388,
        -0.39726023167242214,
        -0.5632329394079453,
        0.12778414092317122
      ],
      [
        -0.5613255729389599,
        -0.4520077427101382,
        0.02295753666818871,
        0.08103939597927562,
        0.11832488246844214,
        -0.00029305824456743847,
        0.08312613759937237,
        -0.42968634443080594
      ],
      [
        -0.3047186119002363,
        0.10839714349144765,
        0.24970823877705056,
        0.01390445830406145,
        0.11223282528638631,
        0.17707813536086683,
        -0.2676457787580209,
        -0.26166933124419994
      ],
      [
        -0.08280713267898902,
        -0.2909324098859767,
        0.4317086715681065,
        -0.08755927420552895,
        0.6718807969197967,
        0.06711910543441853,
        0.21736467548954422,
        0.1296733268913026
      ],
      [
        0.026888848470949776,
        -0.056874591655666364,
        -0.27011436909488,
        0.008297462394418595,
        -0.200332640982876,
        -0.3693368485074301,
        0.1868381589035051,
        -0.35066573800075723
      ]
    ],
    [
      [
        0.8049214200544376
      ],
      [
        0.6624012346845406
      ],
      [
        -0.31570228793969735
      ],
      [
        -0.17406783678348514
      ],
      [
        1.1008475009999086
      ],
      [
        -0.1419708359866394
      ],
      [
        -0.5295981698748708
      ],
      [
        0.16108559825898372
      ]
    ]
  ],