{
  "trained_at": "2026-05-05T15:57:12.655097",
  "n_samples": 3659,
  "n_features": 6,
  "feature_names": [
    "log1p_days_since_last",
    "n_correct",
    "n_wrong",
    "accuracy",
    "log1p_n_reviews",
    "log1p_days_since_first"
  ],
  "scaler_mean": [
    1.6000380083724652,
    2.4607816343263185,
    0.9275758403935501,
    0.7359346745716756,
    1.3708540264781799,
    2.380371973979917
  ],
  "scaler_std": [
    0.9055751419061913,
    1.5447344342649483,
    1.1357452856345074,
    0.300079708614607,
    0.46584388781638436,
    1.01620116626988
  ],
  "weights": [
    [
      [
        -0.25647749058749963,
        0.3131567154362826,
        0.5185916960433438,
        -0.18367527919667376,
        -0.32262338200210094,
        -0.47504321714151454,
        -0.4275781790484679,
        0.38516317135890643,
        0.2663081346330718,
        0.2719247518961789,
        -0.7968531578134656,
        0.4752198090282159,
        0.39399248786986735,
        -0.4258530565363562,
        -0.3210358336640646,
        -0.3009156580906152
      ],
      [
        0.04351914305169494,
        0.32464055731693886,
        -0.01903226413604821,
        -0.18958148655199836,
        0.20735914001923084,
        -0.37259983375899697,
        0.09944403962418,
        -0.16705760495770006,
        -0.2126641235615099,
        0.24949132477917413,
        -0.06159711810813824,
        0.14856606481205445,
        -0.06012055919341509,
        -0.5536367751904283,
        0.26807296187922175,
        -0.21803721033403417
      ],
      [
        -0.6244510662639572,
        0.3384261871511923,
        0.6388491672890347,
        0.14248230862099678,
        -0.08645212298310438,
        -0.3850138802884001,
        0.16271541580082075,
        0.0006920931420772078,
        -0.31084999170970024,
        0.0390358183305362,
        -0.5862036118830917,
        0.4771004323244348,
        -0.09932355729831414,
        0.20075533534294995,
        -0.09954305076892477,
        -0.05510721775580163
      ],
      [
        0.2737941216264904,
        -0.07451461343881902,
        0.32661163070532157,
        0.3604750566160011,
        0.33916084687532594,
        0.3950608574671011,
        0.1771721777324038,
        0.35810112906133257,
        -0.5378274761979681,
        -0.31682234932470626,
        -0.3392190153036364,
        -0.12226825248592892,
        -0.26280554375920095,
        -0.1766423536964229,
        0.3274671128283422,
        -0.05495747947822446
      ],
      [
        -0.15212987547038215,
        0.1664385192906689,
        -0.22572427933423278,
        0.20716455308476941,
        -0.33955840305785073,
        0.4982092855076736,
        0.4410388961726649,
        -0.24550236563446767,
        -0.5320196057301121,
        0.35629323264358215,
        0.35863228271757164,
        0.5235188563862676,
        0.23888288859138654,
        -0.45306037663409277,
        -0.04126201494931183,
        -0.36538009594389564
      ],
      [
        0.4102696360783755,
        0.19933779600753446,
        0.003835892230024312,
        -0.5426377799755537,
        -0.14004089500761147,
        -0.2593792273407635,
        0.21040559655458374,
        0.14950774389083565,
        0.3376778299925156,
        0.051438759787656656,
        -0.337233693256488,
        0.2107970690287265,
        0.19725203206310415,
        0.0679214572001147,
        0.3107588822038748,
        0.06431248139295613
      ]
    ],
    [
      [
        0.5538283722139501,
        0.4321042387643113,
        0.0411829502500952,
        0.10831731056374065,
        0.5520981565049474,
        -0.47149480427810575,
        0.2828803409956386,
        0.16734224702477046
      ],
      [
        0.21192062355362723,
        0.3227357409859288,
        -0.20705045887653875,
        -0.1981142063518233,
        -0.26095452312495815,
        -0.14954951723948245,
        0.3290063107451909,
        0.18777546032013356
      ],
      [
        -0.5390838798984342,
        -0.027205388822847707,
        -0.13003573170362578,
        0.051164784919918806,
        -0.5663157524700518,
        -0.006905772220756348,
        0.3345099813565208,
        -0.3284939557181353
      ],
      [
        0.09282232406568547,
        0.2697303988137111,
        -0.276587145395685,
        0.45367473467428787,
        0.5983376398690774,
        -0.45265328286494083,
        -0.09605136453763376,
        -0.0901557727022915
      ],
      [
        -0.15330938735865912,
        -0.39813702422035613,
        0.054644019391039,
        -0.03095397389650418,
        -0.27700850133217425,
        -0.29705523082791413,
        0.34626530465344124,
        -0.17784819410914776
      ],
      [
        -0.18493501713798494,
        0.1587657958178057,
        0.3415896580983554,
        -0.4271653253975538,
        0.5222164672989738,
        0.06462455455242146,
        -0.4004654051459975,
        0.39242645134702697
      ],
      [
        0.062115259908148986,
        0.32638867209405864,
        0.04302896396766749,
        -0.06800134660566724,
        -0.06513045279119198,
        0.11619652098880405,
        -0.41326455466819895,
        -0.1018952047806081
      ],
      [
        -0.42706513252619993,
        0.11564389153470461,
        0.1152275769217475,
        -0.2917549779739943,
        0.06663667484130782,
        -0.18289459825532242,
        0.0951215792427443,
        -0.29722800889073503
      ],
      [
        0.06350633278728793,
        -0.2390540626869702,
        0.4884205163652199,
        -0.16832762515811672,
        -0.17898152035330833,
        -0.1393340872316127,
        0.53323536227116,
        0.23123916319942894
      ],
      [
        -0.22215376852138363,
        0.20768773881491628,
        0.23856120729770874,
        0.15236894894775135,
        0.09691518228984496,
        -0.2552480201658852,
        -0.4674801669089601,
        0.32318712971796487
      ],
      [
        0.43407633059405903,
        0.1687408252360471,
        -0.19039723552767643,
        -0.24216213704112932,
        0.3559628003805265,
        0.3507279171756392,
        0.39541537220185835,
        0.29991426114403025
      ],
      [
        0.1503230137664157,
        -0.37393394031789023,
        -0.47518565942930746,
        0.5349360160372304,
        0.2103042101123306,
        -0.7700073192981263,
        -0.44372893251646184,
        0.10742443988226655
      ],
      [
        -0.5115772943592715,
        -0.3348244217111455,
        -0.021388665028493643,
        0.36247247395039434,
        0.17572103658903576,
        -0.10983421174030618,
        0.1608774676517697,
        -0.3331397376667368
      ],
      [
        -0.3398662823070409,
        0.08124795085258492,
        0.261926378706106,
        0.4191093674096489,
        0.1396527251595879,
        0.20030615303878016,
        -0.2515356036788509,
        -0.2887062166753036
      ],
      [
        -0.04526717448544958,
        -0.06604722656772138,
        0.3921372416624708,
        -0.3610872785485871,
        0.7279798483778954,
        -0.05588933906573665,
        0.15160227132050824,
        0.17496727344026872
      ],
      [
        0.15020103161526147,
        0.07145175877046313,
        -0.3867713274040753,
        0.10970379518217459,
        -0.08498461716201097,
        -0.5096518633256919,
        0.06950057504743468,
        -0.23461355180849447
      ]
    ],
    [
      [
        0.8438577045973721
      ],
      [
        0.6947411758007643
      ],
      [
        -0.3111556589866364
      ],
      [
        -0.34266243136567826
      ],
      [
        1.00569098357809
      ],
      [
        -0.2684314741280645
      ],
      [
        -0.5493082323386009
      ],
      [
        0.12654526956942086
      ]
    ]
  ],