{
  "trained_at": "2026-06-04T16:00:41.739108",
  "n_samples": 7029,
  "n_features": 6,
  "feature_names": [
    "log1p_days_since_last",
    "n_correct",
    "n_wrong",
    "accuracy",
    "log1p_n_reviews",
    "log1p_days_since_first"
  ],
  "scaler_mean": [
    1.638495887660502,
    3.3495518565941103,
    1.1702944942381561,
    0.747742714236731,
    1.5552045070378193,
    2.615871692625873
  ],
  "scaler_std": [
    0.9142853537214933,
    2.2873697103499206,
    1.27893498796005,
    0.2685874864628501,
    0.5575875317055302,
    1.1362115913406103
  ],
  "weights": [
    [
      [
        -0.16586291298193434,
        0.4342690922252653,
        0.5754155237963203,
        -0.14871126644141994,
        -0.3316468984867941,
        -0.3778753000543641,
        -0.6906731078634271,
        0.4119122192549986,
        0.2093598648674598,
        -0.0428260873923849,
        -0.7232665175800659,
        0.389359654554068,
        0.3612259179533285,
        -0.32270770252396447,
        -0.17956629426446685,
        -0.27474827287796055
      ],
      [
        -0.019518686797512456,
        0.18570866074362233,
        -0.12273108720364831,
        -0.13414847787529238,
        0.20055202804523342,
        -0.22595327453989747,
        -0.20316532443208524,
        -0.19372123786865847,
        -0.18524595219084122,
        0.48761713214180985,
        -0.1994349755619888,
        0.21555137111296294,
        -0.058355426470951044,
        -0.5303367833784213,
        0.13766453294812278,
        -0.3410266403302648
      ],
      [
        -0.6175297922342183,
        0.3910765793002908,
        0.6287579078113276,
        0.26405968715312467,
        -0.07569457998289729,
        -0.35214474000816187,
        0.059333410383772545,
        0.07662463407344268,
        -0.27281975635844974,
        -0.014397813280350006,
        -0.7257658723848304,
        0.25887032134648996,
        -0.04561048171643489,
        0.21002835189876778,
        -0.1884338739215564,
        0.18456404499676327
      ],
      [
        0.2530211188207135,
        -0.13685819313859154,
        0.3157214428875783,
        0.4155551564857283,
        0.329436461343095,
        0.4120841922977398,
        0.031000571799687158,
        0.3193864370472011,
        -0.5438448152319656,
        -0.12278624001745579,
        -0.26769161064890334,
        -0.08409447718176231,
        -0.27201201976248157,
        -0.18674136942898362,
        0.3062597393366366,
        -0.09269588485088555
      ],
      [
        -0.14925280570676053,
        0.13859037839631838,
        -0.27652080787748545,
        0.35000539991569096,
        -0.35293493995436104,
        0.6889683561314313,
        0.14591777240672757,
        -0.24864146303796258,
        -0.5564788649908545,
        0.4088310078220011,
        0.24041647392793108,
        0.44979950254817574,
        0.21320111698085978,
        -0.4336847794196329,
        -0.11658962568304093,
        -0.3168183964661727
      ],
      [
        0.45486636710862005,
        0.16814643050140704,
        -0.05677403495234753,
        -0.4466503148586996,
        -0.15957212168467202,
        -0.2106612182985772,
        0.007565053065905106,
        0.16714891080030564,
        0.3151346713037864,
        -0.11360268958550845,
        -0.31851373595830074,
        0.23103624158176053,
        0.25332642036529246,
        -0.009601335709700566,
        0.27061478524506305,
        0.018849201546447866
      ]
    ],
    [
      [
        0.5306069316066218,
        0.40877826575987464,
        0.003798016518391158,
        0.00589316261207615,
        0.5307940965967191,
        -0.539114421579461,
        0.27243594182420416,
        0.1460267370005427
      ],
      [
        0.21193356585323436,
        0.3134869713176564,
        -0.2583966856493205,
        -0.40600927259965824,
        -0.23825026071141797,
        0.03450944967183491,
        0.5002698719814769,
        0.21388644217167915
      ],
      [
        -0.5909110888475967,
        -0.008247333588625956,
        -0.17279906071508638,
        0.00021921735533301294,
        -0.4856848521120988,
        -7.144539414324908e-07,
        0.4657978994964637,
        -0.3208633799825303
      ],
      [
        0.03808778227462798,
        0.20809264237400463,
        -0.14673227637490988,
        0.41686327671037976,
        0.4606943461143932,
        -0.15485593903073389,
        -0.0357744544202129,
        -0.10807545358701999
      ],
      [
        -0.1653244364666365,
        -0.4076573634382518,
        0.06552044971096255,
        -0.019557429622926684,
        -0.31845273204284635,
        -0.31483826599355125,
        0.3559977396385481,
        -0.18294660827674036
      ],
      [
        -0.1339858154244171,
        0.2085781409114519,
        0.3230344326139655,
        -0.4595091991648581,
        0.604559464487186,
        -0.10755568760442365,
        -0.485434371166692,
        0.44232221656670223
      ],
      [
        0.13975979935940697,
        0.4032637727038163,
        -0.13619365500881106,
        0.09602670480465983,
        0.05320540661872998,
        0.04765860628084746,
        -0.5745399363374586,
        -0.006765597064666856
      ],
      [
        -0.420750784373461,
        0.11006265037255324,
        0.07580435821591285,
        -0.01580038103257436,
        0.07301115701125258,
        -0.17208803194846337,
        0.1142275585202241,
        -0.2982922925583548
      ],
      [
        0.09902646876527196,
        -0.21830643290636198,
        0.4582127626635695,
        -0.364991030162445,
        -0.11767807343584771,
        -0.2330485788856778,
        0.5174254144988323,
        0.24734274688965413
      ],
      [
        -0.11437044255156407,
        0.31555687388569187,
        0.44336383587732486,
        -0.22985877332168603,
        0.2684097400746776,
        -0.18132990930010798,
        -0.42012536740117506,
        0.47282698742097296
      ],
      [
        0.4061794166211228,
        0.141277187407408,
        -0.18818516543285727,
        -0.11788138457833836,
        0.3655220690721067,
        0.33468258100394477,
        0.37635747713225864,
        0.27176755768811894
      ],
      [
        0.15565520626744955,
        -0.3814966442581747,
        -0.4695901205896731,
        0.27800768918487795,
        0.2520592925649606,
        -0.5706855051618515,
        -0.3265379486630412,
        0.13810584544640034
      ],
      [
        -0.5042202626350789,
        -0.3475504117222643,
        -0.05791184650086734,
        0.053594029949883056,
        0.20931490603273536,
        -0.010558612139339374,
        0.26983619815135507,
        -0.31076522381087013
      ],
      [
        -0.3258938882305717,
        0.09111187225689955,
        0.2414896500444762,
        0.3617804105286498,
        0.11370430136635756,
        0.20299432405132353,
        -0.28496591592292675,
        -0.2821234139838753
      ],
      [
        -0.10233539605025319,
        -0.1225289106287409,
        0.3348573190003386,
        -0.00958363097935667,
        0.6297378833394295,
        -0.011407441189105562,
        0.06077662419242554,
        0.10906402434488179
      ],
      [
        0.019905727788366374,
        -0.06314286184210151,
        -0.27763097489058214,
        0.10184737310843484,
        -0.1976974398534154,
        -0.38242870997469547,
        0.177936853939752,
        -0.3570971556858831
      ]
    ],
    [
      [
        0.7944219548167102
      ],
      [
        0.6834472910191413
      ],
      [
        -0.296846849709579
      ],
      [
        -0.45229264950987164
      ],
      [
        1.0017974660720939
      ],
      [
        -0.15360396326804696
      ],
      [
        -0.6025198813056247
      ],
      [
        0.15872633522047344
      ]
    ]
  ],