{
  "trained_at": "2026-06-28T10:01:28.478614",
  "n_samples": 9732,
  "n_features": 6,
  "feature_names": [
    "log1p_days_since_last",
    "n_correct",
    "n_wrong",
    "accuracy",
    "log1p_n_reviews",
    "log1p_days_since_first"
  ],
  "scaler_mean": [
    1.7128311941080971,
    3.7681874229346484,
    1.2004726674886972,
    0.7607989510821891,
    1.62295574767366,
    2.724664625604068
  ],
  "scaler_std": [
    0.9484422614679934,
    2.6077485558290907,
    1.2558076276035661,
    0.2540121552311937,
    0.5798167577919264,
    1.1836785090214705
  ],
  "weights": [
    [
      [
        -0.20702759568052567,
        0.318948114564311,
        0.39167507357997894,
        -0.16016285591798143,
        -0.2990761834431331,
        -0.2627735296837075,
        -0.5010125249946077,
        0.49086282631372574,
        0.09042777511023448,
        -0.03476982993906083,
        -0.8523309553833518,
        0.4151103906462125,
        0.47131438694428024,
        -0.28337356235003963,
        -0.28266437951218487,
        -0.2608017511821248
      ],
      [
        0.051553137772024256,
        0.1538529351156829,
        -0.10685133504764824,
        -0.16167070444444334,
        0.21526156917265474,
        -0.26945060436244805,
        -0.15201471208591377,
        -0.28910630398704806,
        -0.1694307350448997,
        0.4918406776258777,
        -0.17136113292128285,
        0.24752721478680623,
        -0.08429449422118261,
        -0.4062416345523671,
        0.13192041613205988,
        -0.3339481911934702
      ],
      [
        -0.546214487677961,
        0.4159880950477549,
        0.4937983265202557,
        0.32876038871197877,
        -0.07877668812684904,
        -0.3358201430717315,
        0.1479308275096409,
        0.0558281326684957,
        -0.2748989491216548,
        -0.06960560973833797,
        -0.5549079694356404,
        0.23510225930832443,
        -0.0007274203356733165,
        -0.07574121125983814,
        -0.16923375307453126,
        0.14960869907550356
      ],
      [
        0.25346453212513387,
        -0.16637141411574674,
        0.4580901608906783,
        0.4234868281567915,
        0.3287315514685966,
        0.458186227407574,
        0.21318994950371717,
        0.2889862101487271,
        -0.5250164319284677,
        -0.20481205148293885,
        -0.30925475533029145,
        0.02426914362870925,
        -0.26499947604278234,
        -0.07201454528206275,
        0.2859782551225738,
        -0.06784599504792543
      ],
      [
        -0.11098793565883644,
        0.13520160676604412,
        -0.3519812370537223,
        0.37018001781065674,
        -0.337419528966287,
        0.6439096416840878,
        0.31505362312678886,
        -0.2682758945885399,
        -0.5293899988476388,
        0.48412681860866075,
        0.26768278930239914,
        0.4786530988709116,
        0.18859196887261215,
        -0.4914695247948594,
        -0.10168601591966575,
        -0.31169493468415294
      ],
      [
        0.44797798367031166,
        0.18097463851250864,
        -0.16767831721519028,
        -0.43106984531578507,
        -0.14794528565873707,
        -0.17767009243661178,
        0.045723306724376175,
        0.16857289262340389,
        0.3080718141857642,
        -0.01592751313471521,
        -0.33058399163908225,
        0.294387215807922,
        0.25780054870374625,
        0.07533923777423353,
        0.256959656309248,
        0.0003947028986770473
      ]
    ],
    [
      [
        0.523535023976059,
        0.4041218664680673,
        -0.023551225831249595,
        -0.04976165533390472,
        0.519910568622401,
        -0.5210509967939806,
        0.26980815759595383,
        0.14070184560150795
      ],
      [
        0.17302845209103182,
        0.3318519415970194,
        -0.3970280645879396,
        -0.3597709046716751,
        -0.2941681493140119,
        -0.04096371753989762,
        0.024307700238058207,
        0.1818299152569731
      ],
      [
        -0.36545093038571413,
        0.1400647179446252,
        -0.18093550111355158,
        -2.756561428714376e-13,
        -0.20485477501909807,
        3.9291317235263144e-05,
        0.2803316630247195,
        -0.0548379208122756
      ],
      [
        0.0868284417850026,
        0.2484831981321009,
        -0.2868196848963949,
        0.006662251254911999,
        0.5806461208893257,
        -0.21590067541800856,
        -0.13822166751864282,
        -0.06718676591955684
      ],
      [
        -0.14814035451205207,
        -0.3900521338004871,
        0.05258382473065459,
        -0.0006157646580126983,
        -0.283519253571885,
        -0.2923493131194787,
        0.33812355081956535,
        -0.16301782888816593
      ],
      [
        -0.14093681468366417,
        0.20267291812625904,
        0.31038018023410274,
        -0.021563082406890016,
        0.5835304771745098,
        -0.08969122193423557,
        -0.4279238417977682,
        0.43825201954455756
      ],
      [
        0.033019288519372574,
        0.2928711597267163,
        -0.0029013858355153316,
        0.00013157043003373677,
        0.05503395227481792,
        0.04605819644903195,
        -0.342869870049347,
        -0.10208711915869233
      ],
      [
        -0.4748307405171076,
        0.09850371881511254,
        0.005025681044142452,
        -0.02978088694400884,
        0.031746809863356575,
        -0.1803517682150965,
        0.051890213675234276,
        -0.35349522217807217
      ],
      [
        0.07351486235790938,
        -0.22339669164217285,
        0.4239136993611389,
        -0.018567659122218097,
        -0.09914126853776406,
        -0.21023339691057072,
        0.4957389623504226,
        0.21980749965053908
      ],
      [
        -0.056571422148042075,
        0.36646118297478203,
        0.5199633594852191,
        -0.028759637175787698,
        0.2957695886408255,
        0.012281636239220529,
        -0.1429516676131575,
        0.5272064068169623
      ],
      [
        0.43298817233886217,
        0.1678251711325436,
        -0.20887630896593848,
        -0.06857773766831406,
        0.3458976893944578,
        0.3155336616192403,
        0.3784092849786557,
        0.29735014463431797
      ],
      [
        0.12070862571594747,
        -0.3566638204385098,
        -0.5466042018126749,
        0.2412788109897306,
        0.23493464123530472,
        -0.45993484217962505,
        -0.5098354183912773,
        0.11290432873420386
      ],
      [
        -0.6381239414138279,
        -0.3755448764656962,
        -0.09400227966162425,
        0.04230916776935402,
        0.05937841315048783,
        -0.01775943481973492,
        0.10291284647041563,
        -0.43688875878911426
      ],
      [
        -0.2631211666349395,
        0.1506651845735672,
        0.21373785989856792,
        0.07464805379843575,
        0.1501453138751097,
        0.17017110403857186,
        -0.3104080163702369,
        -0.2204890162203472
      ],
      [
        -0.14179809272265073,
        -0.16348221778077704,
        0.3801365638149479,
        -0.013541221171506707,
        0.5463341430229697,
        -0.031197936437320984,
        0.12459648441687513,
        0.06950266826622513
      ],
      [
        0.07087107622638493,
        -0.012540466477775711,
        -0.3073898500465631,
        0.03289485556328794,
        -0.174538586184982,
        -0.40885089928533797,
        0.14945422591476532,
        -0.3073527986471017
      ]
    ],
    [
      [
        0.7782405138714783
      ],
      [
        0.6753424297943463
      ],
      [
        -0.31211295580052356
      ],
      [
        -0.10105315807963763
      ],
      [
        1.0165327067120784
      ],
      [
        -0.14316557826312873
      ],
      [
        -0.538440645758788
      ],
      [
        0.1404022635148435
      ]
    ]
  ],