{
  "trained_at": "2026-03-26T04:04:39.967995",
  "n_samples": 707,
  "n_features": 6,
  "feature_names": [
    "log1p_days_since_last",
    "n_correct",
    "n_wrong",
    "accuracy",
    "log1p_n_reviews",
    "log1p_days_since_first"
  ],
  "scaler_mean": [
    1.4453797570343898,
    1.5742574257425743,
    0.7029702970297029,
    0.6942277901259513,
    1.1200332906267614,
    1.921811551074056
  ],
  "scaler_std": [
    0.7188416913140204,
    1.093151812067768,
    0.9007491478798522,
    0.37258683214283383,
    0.36322795848503964,
    0.8089339421546805
  ],
  "weights": [
    [
      [
        -0.28485409965319897,
        0.4967443676053666,
        0.24624875187782744,
        -0.10638801539152395,
        -0.25320171369821226,
        -0.3111296020059376,
        -0.2982819551803384,
        0.4439913947937719,
        0.11340410938789178,
        0.14887439790775742,
        -0.7045840583061351,
        0.4594591751466934,
        0.4076354388888602,
        -0.2090796557851669,
        -0.2337350337796935,
        -0.3105399804337975
      ],
      [
        -0.06951216679961665,
        0.19849990761801295,
        -0.07111378883594435,
        -0.019114475545264985,
        0.15206724897631277,
        -0.4428213367296975,
        -0.3383448442589893,
        -0.25757790531962926,
        0.021147426363789947,
        0.5229846433703671,
        -0.058074083741798656,
        0.12373668785883318,
        -0.036765712198363026,
        -0.6738911493382364,
        0.009214806819454116,
        -0.310243019583758
      ],
      [
        -0.6072532007337462,
        0.32491019256232934,
        0.5414731676840487,
        0.3448618939401411,
        -0.10828256769293612,
        -0.3032358794756743,
        0.3609630468983528,
        0.04200268065022577,
        -0.3330151247255303,
        -0.11611055913710991,
        -0.5116434100394567,
        0.40154148486898467,
        -0.20731818094888543,
        0.2489557825508949,
        -0.16095902525610015,
        -0.055262316759439815
      ],
      [
        0.20143526293307532,
        -0.15812519178933165,
        0.4525114006144764,
        0.4122255574593122,
        0.36572621427192725,
        0.3685303333370374,
        -0.09388427256225339,
        0.32465534505062227,
        -0.5118681060077599,
        -0.1222015095111299,
        -0.2962982764484682,
        -0.11735843510424881,
        -0.20173886679791062,
        -0.34542313491397725,
        0.29369652166466964,
        -0.1382142313702538
      ],
      [
        -0.2963420343693678,
        0.1607391896028673,
        -0.342302990704091,
        0.5494264952921512,
        -0.36809650157158263,
        0.6042640335077277,
        0.29420532092676654,
        -0.23974772329672356,
        -0.4378536123800108,
        0.47207774900924476,
        0.506030581885806,
        0.421129358963089,
        0.13142595771018975,
        -0.5756417368254756,
        -0.13574874114362523,
        -0.43919331921015203
      ],
      [
        0.3082440781337195,
        0.19048904862252627,
        -0.060574571353223854,
        -0.5442741988662724,
        -0.12107648132524422,
        -0.1215784790972609,
        0.31753812866650843,
        0.27610857274693623,
        0.431224818751134,
        -0.1340953118374343,
        -0.48581136345198567,
        0.20359622057103632,
        0.2705602589240846,
        -0.028007287866506338,
        0.29247164838875084,
        -0.04809621246224375
      ]
    ],
    [
      [
        0.5491084512176556,
        0.4311914935867757,
        0.024956710112501914,
        0.3185577605574843,
        0.5623249291553633,
        -0.3611965113490895,
        0.2877144734598894,
        0.1787247368560935
      ],
      [
        0.15139860738169794,
        0.25016198782379734,
        -0.11555136724670377,
        -0.29479619647182187,
        -0.27166142620336237,
        -0.16348288081342158,
        0.5370517539363626,
        0.1685039889584787
      ],
      [
        -0.40632858796914,
        0.0822991872571059,
        -0.0600483504733864,
        -0.5057002756462348,
        -0.16075332732502515,
        -4.141675069248637e-05,
        0.436733610661212,
        -0.05531491224535364
      ],
      [
        0.34867527973110424,
        0.5403696397942191,
        -0.4909529930406311,
        0.17083177939190694,
        0.8893210265554184,
        -0.6278756559538589,
        -0.2109280679400126,
        0.15408115330731934
      ],
      [
        -0.14572557724272192,
        -0.3921321722361405,
        0.044556546113479936,
        0.029996046150653228,
        -0.32243461509817967,
        -0.26989918488044407,
        0.34042309262222015,
        -0.180255906462029
      ],
      [
        -0.21046901724715364,
        0.13586009586870154,
        0.37034184256432273,
        -0.5334936494243887,
        0.5065317319601338,
        0.17247100348195252,
        -0.3503406056856613,
        0.3896409413551051
      ],
      [
        -0.23760909994924811,
        0.020019481959875296,
        0.1602282213306755,
        0.17177861032493064,
        -0.3062159554855943,
        0.2890830850482561,
        -0.0991883774924528,
        -0.49384225724401987
      ],
      [
        -0.4216650384904728,
        0.14018808129458865,
        0.14250562716503345,
        -0.5919289024891216,
        0.08007297279020882,
        -0.32254730524483255,
        0.10725598978204715,
        -0.28904886983512895
      ],
      [
        0.14819051242570205,
        -0.14012806143880066,
        0.4621738624070913,
        -0.25471240668300704,
        -0.1432245022571091,
        -0.2724327194877406,
        0.4173925236583055,
        0.3432351995491626
      ],
      [
        -0.015255259930682271,
        0.39682283735663654,
        0.21704495838363166,
        -0.1081516388012799,
        0.32779113864914167,
        -0.37283025275064324,
        -0.45120403402342113,
        0.6123542719790181
      ],
      [
        0.4237218449219955,
        0.1580275190410676,
        -0.1641655429142823,
        -0.07148281691989546,
        0.3500179669997518,
        0.4256700804310862,
        0.44368687923284444,
        0.31365346582833303
      ],
      [
        0.07197023692935396,
        -0.471007121690104,
        -0.3528912313440413,
        0.4289559608362035,
        0.20885343536451642,
        -0.5422316072264762,
        -0.2536056111179951,
        0.09212068414621104
      ],
      [
        -0.481133453799361,
        -0.3031057972311491,
        0.053416872323040446,
        0.13147192669253263,
        0.20672133009007648,
        -0.2766691309580907,
        0.25599615169748274,
        -0.2556031799564428
      ],
      [
        -0.309361522945491,
        0.10938113877213644,
        0.2880250479043427,
        0.49904659181322325,
        0.14594727133656898,
        0.19350170268408662,
        -0.317867945087904,
        -0.24435640027706534
      ],
      [
        -0.11820000128230031,
        -0.14120952029918246,
        0.3750012057570978,
        -0.007403950973370235,
        0.6407350777968186,
        0.08206297049405277,
        0.19659047390017836,
        0.13048069027427342
      ],
      [
        -0.022003288764062216,
        -0.1084520481647522,
        -0.21420926606568455,
        0.3623990721993981,
        -0.26490955779083536,
        -0.3521364504686419,
        0.22394255731637722,
        -0.411237309790419
      ]
    ],
    [
      [
        0.8336465823751796
      ],
      [
        0.7505597010176582
      ],
      [
        -0.27539220960146216
      ],
      [
        -0.3372481023712628
      ],
      [
        1.0584062709148416
      ],
      [
        -0.2504291665889859
      ],
      [
        -0.5211221293781618
      ],
      [
        0.21426483919259512
      ]
    ]
  ],