{
  "trained_at": "2026-05-22T14:53:24.742156",
  "n_samples": 5589,
  "n_features": 6,
  "feature_names": [
    "log1p_days_since_last",
    "n_correct",
    "n_wrong",
    "accuracy",
    "log1p_n_reviews",
    "log1p_days_since_first"
  ],
  "scaler_mean": [
    1.601134520970294,
    3.066380390051888,
    1.1434961531579888,
    0.7397649649948549,
    1.5059155305265248,
    2.5476194481007934
  ],
  "scaler_std": [
    0.8972110743504379,
    2.0598650423549794,
    1.2922353749604232,
    0.27754752813305167,
    0.5391852485802193,
    1.0948501368557342
  ],
  "weights": [
    [
      [
        -0.165191511531843,
        0.3576430295223263,
        0.6074640425832651,
        -0.17432539990441773,
        -0.3218266133800093,
        -0.36493148922509805,
        -0.6102809891267614,
        0.3978433836406562,
        0.13997605049927497,
        0.06260451695501444,
        -0.8071886941137352,
        0.45823218454296605,
        0.3521296694924189,
        -0.24606058263746558,
        -0.3514121942040233,
        -0.33442331939283243
      ],
      [
        -0.04142305611172889,
        0.20555008120927215,
        -0.045638624283637914,
        -0.15319035535880363,
        0.1906316060234677,
        -0.1562002714339088,
        -0.15896973409656506,
        -0.13274001475469974,
        -0.22429151505193787,
        0.5773376303110299,
        -0.07075852360292446,
        0.23248176527031755,
        -0.05346831731510022,
        -0.6086437768802968,
        0.09840777433314361,
        -0.3603607200029413
      ],
      [
        -0.6827019452718278,
        0.36342628036345587,
        0.6156898164740088,
        0.25092496797646147,
        -0.09207230536521235,
        -0.294587668658283,
        0.14809932201556963,
        0.08025256794646762,
        -0.2833392211809162,
        -0.06493990930547035,
        -0.7001505476121284,
        0.3491822400561415,
        -0.037872447392331934,
        0.33042993118760333,
        -0.14885209633994698,
        0.24441213475702073
      ],
      [
        0.30164394159884605,
        -0.13130223704401137,
        0.3974992312840955,
        0.3973223725841149,
        0.3452352383403385,
        0.3901296097626273,
        -0.02840831425083235,
        0.31351680259678977,
        -0.5194690615085428,
        0.09771217966414146,
        -0.30603978818038285,
        -0.13871032254621057,
        -0.299443930257888,
        -0.2652222265321023,
        0.3328471520455588,
        -0.09584713770183864
      ],
      [
        -0.20468552726143832,
        0.14719695187716061,
        -0.2632550978245745,
        0.36391458208892896,
        -0.358361327638323,
        0.6930573006263037,
        0.09521712516423217,
        -0.2115523850229868,
        -0.5266963146064697,
        0.4644498663535536,
        0.3107027318732239,
        0.5383715186766351,
        0.2245791541642479,
        -0.4171170687928619,
        -0.1268812017833524,
        -0.2735149307455539
      ],
      [
        0.36457220691611236,
        0.11212187035107117,
        0.07606472020476604,
        -0.48717279136794656,
        -0.16145255560366664,
        -0.26545615869914707,
        -0.0460658277176278,
        0.183968242826549,
        0.29793343542848766,
        -0.0984129792348449,
        -0.35475801307837496,
        0.0862602666338318,
        0.2775048360991952,
        -0.028752573834167638,
        0.24185527230135398,
        0.015365166646754065
      ]
    ],
    [
      [
        0.5451514069057117,
        0.4157934405975799,
        0.021357528355744122,
        0.030437660638989613,
        0.5316686064718372,
        -0.44096877893966524,
        0.33181957234430093,
        0.15233969825921923
      ],
      [
        0.2091401959218626,
        0.29959696580071116,
        -0.21800636283642957,
        -0.3696258890154567,
        -0.2742260052117256,
        -0.07845112228099306,
        -0.05310900120042708,
        0.11703836342349229
      ],
      [
        -0.5397824557540168,
        -0.09229039476621245,
        -0.2287310162043256,
        -0.08344880416727346,
        -0.46170444157980045,
        -3.038732512846221e-05,
        0.3068970293744822,
        -0.5235974298747363
      ],
      [
        0.04544057008645873,
        0.21630544548445968,
        -0.11316156172671159,
        0.5614752320530302,
        0.4076061440385357,
        -0.22137695900317697,
        0.12634769486598355,
        -0.08878251117273654
      ],
      [
        -0.1636308425313138,
        -0.40763146521079413,
        0.06630100306146643,
        -0.022291103943120484,
        -0.3072577072564036,
        -0.28301103198430716,
        0.35445320951366566,
        -0.1852839923401091
      ],
      [
        -0.12888662615845373,
        0.21006988557059525,
        0.31531871412583146,
        -0.5952049053375804,
        0.60902077674443,
        -0.010188548167459677,
        -0.33669157667712457,
        0.45070936848425985
      ],
      [
        0.13618236983254653,
        0.40030306822668743,
        -0.18442234694621773,
        0.19365613930554332,
        0.03989965042291774,
        0.01788511994901946,
        -0.44460803749439,
        0.032308495540945864
      ],
      [
        -0.3903923588108113,
        0.10786045869537407,
        0.0940698928923068,
        -0.02485480691101298,
        0.06219914187253113,
        -0.16560655250774275,
        0.10933354326204851,
        -0.32504678073450777
      ],
      [
        0.11371090223557062,
        -0.1962978572356802,
        0.4876287106682111,
        -0.5429176553049764,
        -0.056001423457119656,
        -0.19243996827263143,
        0.48435902685213533,
        0.25913136480051124
      ],
      [
        -0.07472231060337174,
        0.31429889626199436,
        0.09110589190103557,
        -0.19768595660927554,
        0.28846692633440274,
        -0.15091946708118015,
        -0.576240446193221,
        0.4177236139801142
      ],
      [
        0.44387644320079206,
        0.17901129353113565,
        -0.21545342139862939,
        -0.10482725139324972,
        0.37929435726226157,
        0.3311195156992506,
        0.41950045258920865,
        0.3086946179989318
      ],
      [
        0.18888342797620114,
        -0.3616502835951576,
        -0.48767190453786674,
        0.3325450566723458,
        0.23424757565506002,
        -0.74531765982512,
        -0.5979682352299711,
        0.07111392993892887
      ],
      [
        -0.4972225167086545,
        -0.39959600039475296,
        -0.09409120087960686,
        0.07954907796275038,
        0.13224592448396363,
        0.02093645653851269,
        0.08788478535836361,
        -0.45447220749703887
      ],
      [
        -0.36257464016398544,
        0.0546603812188755,
        0.26826169992862625,
        0.38566812194404243,
        0.09301130616881341,
        0.23089098650806048,
        -0.23557488996375667,
        -0.312188036691093
      ],
      [
        -0.05152174160388907,
        -0.07294971632592895,
        0.3181521510309031,
        -0.017055849671293092,
        0.7176661622692064,
        -0.04830462530726081,
        0.10123398435636305,
        0.16105439831289814
      ],
      [
        0.03409757673571162,
        -0.049346485667913866,
        -0.3007727481885157,
        0.14982283019643344,
        -0.19385759815359563,
        -0.37908751160452775,
        0.19542019223824003,
        -0.33317290922469084
      ]
    ],
    [
      [
        0.8312177676347067
      ],
      [
        0.6947689385140675
      ],
      [
        -0.3208900808370268
      ],
      [
        -0.5823720589241765
      ],
      [
        1.0545302636486995
      ],
      [
        -0.18957106009353075
      ],
      [
        -0.567662804993234
      ],
      [
        0.17668654939813466
      ]
    ]
  ],