{
  "trained_at": "2026-04-12T03:25:56.506370",
  "n_samples": 1921,
  "n_features": 6,
  "feature_names": [
    "log1p_days_since_last",
    "n_correct",
    "n_wrong",
    "accuracy",
    "log1p_n_reviews",
    "log1p_days_since_first"
  ],
  "scaler_mean": [
    1.4109610853705326,
    1.8672566371681416,
    0.8115564809994794,
    0.703971327995275,
    1.2144976044605602,
    2.048904194531966
  ],
  "scaler_std": [
    0.7944409424191263,
    1.2457424510239217,
    1.03599543505178,
    0.33824768562529656,
    0.4134480684275914,
    0.9168124995738963
  ],
  "weights": [
    [
      [
        -0.27869456847105895,
        0.5560213295105076,
        0.21005172784835294,
        -0.12933095826331995,
        -0.25757207662722875,
        -0.3726178987988627,
        -0.4457689954238928,
        0.3589503285624202,
        0.17196500281732618,
        0.00435404992527327,
        -0.7508171713611724,
        0.33858940048419667,
        0.3460978646848947,
        -0.10634736286606723,
        -0.3159532761573595,
        -0.3447116785669215
      ],
      [
        -0.06896056730491364,
        0.22549499264664527,
        -0.0719031938874943,
        -0.15186771730630377,
        0.1550638903159586,
        -0.4516805155279863,
        -0.28428209560507445,
        -0.24192327123285196,
        -0.152407554248521,
        0.6482686713766436,
        -0.02307104948789132,
        0.19512307634652704,
        -0.013309909939105719,
        -0.6149615184042011,
        0.1510770250963188,
        -0.26190145480312604
      ],
      [
        -0.6039375078517466,
        0.2748765412434869,
        0.660574803084088,
        0.23002257359205822,
        -0.12858193679045712,
        -0.4078099218406274,
        0.1307159680553255,
        0.00179977774463308,
        -0.2565362887209447,
        -0.1773143199193617,
        -0.5919531479692748,
        0.3832855295357133,
        -0.16555834789224674,
        0.11949051407983181,
        -0.15392185038351283,
        -0.06631193489570748
      ],
      [
        0.1952516001129374,
        -0.12216398414523742,
        0.39752219055910215,
        0.38106751260939853,
        0.3824976460747624,
        0.40632855271754525,
        0.14302863117004405,
        0.3495129885871675,
        -0.59813146532401,
        -0.04581163436654048,
        -0.26853690989866924,
        -0.02263566905065558,
        -0.15118371247402462,
        -0.22493513262988396,
        0.3148686085101141,
        -0.024584619571188977
      ],
      [
        -0.27722343885464307,
        0.1163940492963228,
        -0.2653080876247222,
        0.29304881524887005,
        -0.38792752917958817,
        0.47643096532132984,
        0.1679736075508057,
        -0.271957091334649,
        -0.47217434813998943,
        0.43140741952362355,
        0.4203235883374569,
        0.4814650232483917,
        0.1752972793645269,
        -0.5379821552469115,
        -0.09250151328642081,
        -0.3808275543177989
      ],
      [
        0.3223423793152507,
        0.267901198675303,
        -0.03287373372472469,
        -0.543257461984536,
        -0.16081599182788817,
        -0.17467158589119744,
        0.1666891015177295,
        0.08956958170466509,
        0.3479748487319857,
        0.0005105265279143095,
        -0.35407688057421527,
        0.23794302574141624,
        0.28413444948586625,
        -0.03861413255071755,
        0.268918804207727,
        0.005950126496549827
      ]
    ],
    [
      [
        0.5270508421522426,
        0.40785122234397947,
        0.0440073470584457,
        0.08944244875177368,
        0.5144892545221357,
        -0.45103329215329735,
        0.314313351415922,
        0.14730559494239578
      ],
      [
        0.1433706109726029,
        0.2475317286278719,
        -0.10404950661653796,
        -0.43326667084073434,
        -0.1974523187352111,
        -0.10017132302801901,
        0.6118440334671487,
        0.185119341897651
      ],
      [
        -0.5127633400303641,
        0.022672133799386908,
        -0.11119789091764017,
        -0.18388636607176967,
        -0.38339202538104156,
        -0.03668379788882508,
        0.3623682306611728,
        -0.19642113651155
      ],
      [
        0.0956493647670671,
        0.2841030483414532,
        -0.33708695874595207,
        0.5390998432182673,
        0.6176146881225076,
        -0.4741257573670726,
        -0.18970183701786864,
        -0.09636743722974654
      ],
      [
        -0.1562640230227727,
        -0.40361195447794385,
        0.05569415909848414,
        -0.15410193389558988,
        -0.3116021242363226,
        -0.29698874547221704,
        0.3514364686838185,
        -0.18980090780986603
      ],
      [
        -0.18560696587267106,
        0.16438893521460982,
        0.33150037570208263,
        -0.3652706010478664,
        0.5651640784553558,
        0.09288711151922822,
        -0.39651875356183575,
        0.41622286465398056
      ],
      [
        -0.06838733648795871,
        0.22266873916180485,
        -0.024737310665793218,
        0.09431969534312046,
        -0.17030827837313395,
        0.17194643570654672,
        -0.44434922992182996,
        -0.23230043482148577
      ],
      [
        -0.4011627444836946,
        0.14786309906033715,
        0.12860184938437727,
        -0.3876713999282981,
        0.08822435249566314,
        -0.3004398651028377,
        0.09228211532553529,
        -0.2599358673871069
      ],
      [
        0.1317596273704527,
        -0.1722840996670295,
        0.48269388791874474,
        -0.35009452697311677,
        -0.12714401489198876,
        -0.17853208563110698,
        0.5101832959537167,
        0.29815644529570356
      ],
      [
        0.0723531311338956,
        0.5256184250097214,
        0.3048388258758854,
        -0.18347935660659834,
        0.48556917404634825,
        -0.20929888063577465,
        -0.31769234305396093,
        0.6897218202365731
      ],
      [
        0.44475321446229554,
        0.18106365823523485,
        -0.2027190193727256,
        -0.10334100030253913,
        0.35420049289841987,
        0.3446076000095794,
        0.4079476474796497,
        0.32040076669743717
      ],
      [
        0.08095579135801527,
        -0.45185021645912143,
        -0.4228426777896787,
        0.3235418069816694,
        0.249945372561719,
        -0.5206462387107992,
        -0.2272244692570963,
        0.09461425760033992
      ],
      [
        -0.4420509274137325,
        -0.2587512326903746,
        0.057743058665367476,
        0.124351981394057,
        0.1968514632885252,
        -0.21492922302623288,
        0.2530206555127497,
        -0.21034158070682776
      ],
      [
        -0.32697468156690834,
        0.08934549826631116,
        0.3034247835284379,
        0.3734280821169581,
        0.14415859729684405,
        0.19437356608688952,
        -0.21732604636363037,
        -0.29047610170704524
      ],
      [
        -0.11507577623650907,
        -0.13561950440307308,
        0.3775641350361071,
        -0.19362071340523498,
        0.6448917268579748,
        0.03207504624516023,
        0.21908134868664705,
        0.12068083553312668
      ],
      [
        0.07260782045177691,
        -0.011177014269125459,
        -0.3018500586033388,
        0.24748456537769448,
        -0.1838895984903671,
        -0.4574126241172038,
        0.15812648039963725,
        -0.31804795373219225
      ]
    ],
    [
      [
        0.7538403713024329
      ],
      [
        0.7087843936301498
      ],
      [
        -0.29386132651943847
      ],
      [
        -0.2754661046541719
      ],
      [
        1.0153101282222514
      ],
      [
        -0.19671632197332642
      ],
      [
        -0.5495772174039292
      ],
      [
        0.16583038248977583
      ]
    ]
  ],