{
  "trained_at": "2026-05-10T04:44:24.121573",
  "n_samples": 4235,
  "n_features": 6,
  "feature_names": [
    "log1p_days_since_last",
    "n_correct",
    "n_wrong",
    "accuracy",
    "log1p_n_reviews",
    "log1p_days_since_first"
  ],
  "scaler_mean": [
    1.5721300502758633,
    2.670365997638725,
    1.0469893742621015,
    0.7317949123212444,
    1.426403938199394,
    2.4367243376982852
  ],
  "scaler_std": [
    0.8924689209299586,
    1.721852804318974,
    1.2260117730493778,
    0.29153309846241077,
    0.4999757910507359,
    1.0438825230948712
  ],
  "weights": [
    [
      [
        -0.18270563718031263,
        0.2952181614380117,
        0.5775297144759031,
        -0.2710114802735802,
        -0.2568998225471648,
        -0.5305490335172034,
        -0.4214103262528028,
        0.37470075107087986,
        0.18600276861140103,
        0.1377014232048622,
        -0.8338548222570987,
        0.4630137436864799,
        0.38150431463830214,
        -0.395113414441177,
        -0.3334612789689371,
        -0.3439112469834744
      ],
      [
        0.05663235837343558,
        0.24431174615651818,
        0.04049448617425139,
        -0.12358180846405228,
        0.19717030740424663,
        -0.3385620216431339,
        -0.11302281064527271,
        -0.15676547346613465,
        -0.21302406079051744,
        0.43198548782803775,
        -0.055862373988185644,
        0.14132772218810916,
        -0.0800881759231258,
        -0.5528382007650178,
        0.2800772766842468,
        -0.34268305689052636
      ],
      [
        -0.63078971374286,
        0.34169161418988536,
        0.5622756007815621,
        0.21770738535728051,
        -0.08294856542362948,
        -0.432087843580884,
        0.2048367349072666,
        0.019359422685529162,
        -0.25389463042282573,
        -0.04570124340370109,
        -0.6282779292481226,
        0.44033199297901243,
        -0.06918751329064911,
        0.17238102122446086,
        -0.10344402290141595,
        0.1823268676610678
      ],
      [
        0.2873482045365865,
        -0.12505184695048965,
        0.47454745358399497,
        0.323482806809485,
        0.3348623006491509,
        0.39422096155413144,
        0.06816987921561825,
        0.3565149163210245,
        -0.5512087689016969,
        -0.16811514925426327,
        -0.31391543351303464,
        -0.14670938475579276,
        -0.3045289750376564,
        -0.16853959243924488,
        0.3296894133057676,
        -0.08372204821226797
      ],
      [
        -0.16642190603490967,
        0.15693025497617588,
        -0.2626072850512435,
        0.28038717036470295,
        -0.3483095901887676,
        0.4715253092036731,
        0.3774143414871767,
        -0.24949403331703568,
        -0.5053224437378346,
        0.44702833631481825,
        0.315962401807169,
        0.4851244403220547,
        0.19488272671475876,
        -0.46834179039775514,
        -0.0023838827882191214,
        -0.28336978983223743
      ],
      [
        0.4373760837898845,
        0.17870593606055082,
        0.011744170476054014,
        -0.5301841207868357,
        -0.13106095237468873,
        -0.23553813179284364,
        0.2113458715108986,
        0.13001977531235404,
        0.324751739113469,
        0.006246959836786677,
        -0.3072828646448816,
        0.23956719244157373,
        0.1988108995097998,
        0.028542286899992626,
        0.32972001896650127,
        -0.012124111661485984
      ]
    ],
    [
      [
        0.5499592109217988,
        0.4237617197043419,
        -0.008007605892573131,
        0.020644610587985175,
        0.5416184616899781,
        -0.4749650655281365,
        0.3098113413491039,
        0.1588730664432272
      ],
      [
        0.19451532480184944,
        0.2872892255322889,
        -0.1545247021431118,
        -0.2153437133382787,
        -0.280827747465031,
        -0.13479985296817668,
        0.15338698690750946,
        0.1928466657461958
      ],
      [
        -0.5889501752560062,
        -0.10256645989094514,
        -0.26743406169778644,
        0.12602573027845224,
        -0.5955865802732604,
        -0.0006799059118162842,
        0.27151728152246113,
        -0.33922375963708484
      ],
      [
        0.030888108436816424,
        0.20447513900884995,
        -0.24726371385229998,
        0.6159105467652866,
        0.43699898989079333,
        -0.2700871270306855,
        -0.08151180821926964,
        -0.14262858390637126
      ],
      [
        -0.1435146777228675,
        -0.3869799368336105,
        0.0477640065143866,
        -0.05876122272879222,
        -0.25887753151823145,
        -0.2759728432131247,
        0.3357783478818027,
        -0.16406274072386534
      ],
      [
        -0.1747370007848074,
        0.16630533838023942,
        0.3358732255712419,
        -0.4916818925577669,
        0.5175336952110137,
        0.059550265325170965,
        -0.4249379516299421,
        0.40030280066155216
      ],
      [
        0.026846614776637474,
        0.2865469224633366,
        -0.08352670114893454,
        0.02084360298453441,
        -0.061097917582618747,
        0.08296507357328686,
        -0.4524522872600213,
        -0.11373000012549168
      ],
      [
        -0.42484214396165715,
        0.10085946339482459,
        0.09155408744847013,
        -0.30120093031737843,
        0.06575051416528475,
        -0.15747631411541513,
        0.10523744087557103,
        -0.30748652152205785
      ],
      [
        0.09295410090468374,
        -0.21468235869572583,
        0.5037115686775814,
        -0.298521816899066,
        -0.06186294903991399,
        -0.16217295393684245,
        0.49312465729677124,
        0.24687846700117694
      ],
      [
        -0.15561782187056816,
        0.24267829380158185,
        0.08901891493756948,
        0.04008286158985031,
        0.1758792526040582,
        -0.25224509896417024,
        -0.523361015135726,
        0.40227893109345336
      ],
      [
        0.4429846880283015,
        0.17826995213676355,
        -0.22449071103956725,
        -0.1654852393431936,
        0.37562614814058254,
        0.3580432758238966,
        0.3556524761968596,
        0.3110650893370595
      ],
      [
        0.14864734267421031,
        -0.3927224917386998,
        -0.38022887738196515,
        0.5020628175176591,
        0.20642697805343904,
        -0.6413800675554671,
        -0.48860443188693614,
        0.11603686686622951
      ],
      [
        -0.5092281844977959,
        -0.37043910044100165,
        -0.08737869580604829,
        0.3631245279684087,
        0.16511485754742897,
        -0.013223083939804522,
        0.12528332997118638,
        -0.3409226063589933
      ],
      [
        -0.3440517937842175,
        0.07161371382005162,
        0.2594571905884944,
        0.37062184344573734,
        0.11046530657502465,
        0.2441460479568971,
        -0.2529232803324219,
        -0.2959558501340155
      ],
      [
        -0.04478354789292182,
        -0.06511345097593929,
        0.3066358197487161,
        -0.4762176647563705,
        0.7327521912613456,
        -0.08446436689270477,
        0.1623993378085842,
        0.1764660606372399
      ],
      [
        0.0320850370878976,
        -0.05206435934834873,
        -0.30273203285740513,
        0.18434584109804222,
        -0.18921514657886898,
        -0.38134410596682167,
        0.16667591219316535,
        -0.34701421566574414
      ]
    ],
    [
      [
        0.8265754165855346
      ],
      [
        0.6758541777964452
      ],
      [
        -0.3137251549789218
      ],
      [
        -0.34363096490909645
      ],
      [
        0.9715472750954341
      ],
      [
        -0.22024099900257862
      ],
      [
        -0.5372919922856909
      ],
      [
        0.1621948787091293
      ]
    ]
  ],