{
  "trained_at": "2026-06-19T10:32:52.505433",
  "n_samples": 8628,
  "n_features": 6,
  "feature_names": [
    "log1p_days_since_last",
    "n_correct",
    "n_wrong",
    "accuracy",
    "log1p_n_reviews",
    "log1p_days_since_first"
  ],
  "scaler_mean": [
    1.681384873800026,
    3.599095966620306,
    1.1885720908669448,
    0.7533575931847367,
    1.595717353966094,
    2.676022596131454
  ],
  "scaler_std": [
    0.9412792051959288,
    2.495667849381111,
    1.2600174958937076,
    0.2616081589135152,
    0.5715764317825458,
    1.174044197899288
  ],
  "weights": [
    [
      [
        -0.21543755758397867,
        0.23650664232767601,
        0.5924060079176188,
        -0.17140761391201526,
        -0.3176306087762661,
        -0.23544815497212948,
        -0.43561145108683386,
        0.4686709800839273,
        0.15289975610168588,
        0.04838418594200513,
        -0.8683128422183881,
        0.432927978821639,
        0.41965895810881426,
        -0.38292269785478106,
        -0.27531679146571025,
        -0.18126998485081708
      ],
      [
        0.01915068324705338,
        0.13685095878959144,
        -0.06717944329938923,
        -0.159186351913098,
        0.2059579111079991,
        -0.25331884930722925,
        -0.1302493764642497,
        -0.20822902086426812,
        -0.20346509449768274,
        0.40992328115174964,
        -0.11553972732963703,
        0.34338579016554927,
        -0.08237832817247878,
        -0.39676859472168347,
        0.10095629096846914,
        -0.33167555690628353
      ],
      [
        -0.5879022172371356,
        0.4481329120207488,
        0.5872365272517757,
        0.3103098555897556,
        -0.07276691734167427,
        -0.3332122503464504,
        0.20053590058204956,
        0.040976088238702336,
        -0.26597015905474747,
        -0.053090371104911833,
        -0.5499248294530458,
        0.2934097452468472,
        -0.012053134813369054,
        -0.12044172680888897,
        -0.18677359628660148,
        0.18836523234730435
      ],
      [
        0.2523049421657469,
        -0.21227564437325794,
        0.37213645630836,
        0.4530719459068661,
        0.32734948768775135,
        0.4253754521380099,
        0.1494291338918597,
        0.3296407168114502,
        -0.5225280288624511,
        -0.19744722677901852,
        -0.3576643326422806,
        0.06975956974746213,
        -0.2879496187631131,
        -0.0725580841645891,
        0.274042930732401,
        -0.08483801648591208
      ],
      [
        -0.12948023539015935,
        0.14170669094849128,
        -0.2759245897578221,
        0.3832933617654093,
        -0.34643251699913147,
        0.6779662653616859,
        0.3943710408368565,
        -0.23921928561974845,
        -0.5373185335733756,
        0.40064288714815544,
        0.3212984203998999,
        0.5168114001719385,
        0.19727184866185904,
        -0.498200699867011,
        -0.10783136139619227,
        -0.29241425865223303
      ],
      [
        0.3800903917161039,
        0.13147603828439952,
        -0.07679530092370457,
        -0.4402106804281887,
        -0.17055489354583736,
        -0.18906201822290142,
        0.09562900661189573,
        0.20488287182558448,
        0.2971883115106517,
        -0.08516647350584702,
        -0.3002781341998742,
        0.3887338527123537,
        0.26056709733749445,
        0.027960550268572238,
        0.23376808798600116,
        0.05146637383219347
      ]
    ],
    [
      [
        0.5177756811280434,
        0.4074352045732582,
        -0.0014563617673645749,
        -0.059449059125960886,
        0.5002542100645547,
        -0.510137163040868,
        0.27620931479304106,
        0.1265677137865712
      ],
      [
        0.23039997869048137,
        0.30732155606060163,
        -0.38230378382257785,
        -0.3260965373743561,
        -0.2640490384983404,
        -0.0365284072234946,
        0.05668522825981131,
        0.16308255743709324
      ],
      [
        -0.5372327039255295,
        0.022033322355212062,
        -0.28405760111084893,
        0.0068543373709831976,
        -0.44975181845679013,
        -5.6880128457529505e-11,
        0.1842780715331949,
        -0.4153483296949586
      ],
      [
        0.20246664861622646,
        0.35528501758039743,
        -0.29988245042489464,
        0.0007853837022035348,
        0.6592717424842056,
        -0.23060174251841,
        -0.3154501207351811,
        0.025520671353858437
      ],
      [
        -0.16760718395865376,
        -0.40484137688620103,
        0.06984841596048572,
        -1.0651524316860505e-07,
        -0.30053450827012373,
        -0.23435107495905974,
        0.3504797315654435,
        -0.16979388003123463
      ],
      [
        -0.10103696275493289,
        0.23910961431587965,
        0.2641603984339746,
        -0.027903103063806174,
        0.6123420495097877,
        -0.13619014074964456,
        -0.43824606326040283,
        0.454094974738537
      ],
      [
        -0.01090732444208848,
        0.25043306254370545,
        -0.004613426969183947,
        -0.00011506756550388425,
        0.011164337631918386,
        0.04448776401627167,
        -0.40320711738036324,
        -0.14387670768308297
      ],
      [
        -0.4528224127643568,
        0.12166942000720445,
        0.0296434265621592,
        -0.030699970989833285,
        0.03784424374020265,
        -0.15029959809838297,
        0.07144874404942153,
        -0.37505419543641244
      ],
      [
        0.07114324582846779,
        -0.2188108866908022,
        0.44900519742964234,
        -0.007459749039940737,
        -0.09582532024685617,
        -0.20064845642962015,
        0.5186652957936264,
        0.1997607527603173
      ],
      [
        -0.0705730179548619,
        0.2749374086549049,
        0.23868737388894948,
        -0.03941190636740863,
        0.26363559119613106,
        0.09648758485596204,
        -0.0764069177853632,
        0.45810091921627655
      ],
      [
        0.44890310894253393,
        0.1845091282371383,
        -0.22779318164601964,
        -0.03441504468922151,
        0.37930355235167235,
        0.289080612137902,
        0.34227361726105465,
        0.3088111416117401
      ],
      [
        0.1634572261731889,
        -0.3799740056979622,
        -0.5498968631837969,
        0.19684565474839572,
        0.2566535912951914,
        -0.40129672726206883,
        -0.5090429393559347,
        0.08424376366939867
      ],
      [
        -0.5656965904134924,
        -0.41627856812214564,
        -0.09828641390843286,
        0.010884016657441558,
        0.10015291846503606,
        -0.005125662269144407,
        0.08903514966667402,
        -0.47067719392336793
      ],
      [
        -0.2643304073989259,
        0.14902503088054223,
        0.20877988976619447,
        0.02543968511081222,
        0.16295068637462842,
        0.14752463315701644,
        -0.31496147713993083,
        -0.21670642178136337
      ],
      [
        -0.13967935309062227,
        -0.15909063519869868,
        0.3466728306735226,
        -0.006046333312304264,
        0.5203936922051299,
        -0.028908199077701754,
        0.0676190553269213,
        0.043438192481447264
      ],
      [
        0.057067923575504,
        -0.02529225398485299,
        -0.28164127264101757,
        0.008351400759613815,
        -0.18111371935669582,
        -0.3913275344829439,
        0.144754601458019,
        -0.305888181146689
      ]
    ],
    [
      [
        0.7931624763098283
      ],
      [
        0.6794838491729744
      ],
      [
        -0.3182183575023482
      ],
      [
        -0.05453724217064811
      ],
      [
        1.057264831906616
      ],
      [
        -0.14362497939242266
      ],
      [
        -0.5512538541056701
      ],
      [
        0.1513591642968306
      ]
    ]
  ],