{
  "trained_at": "2026-03-31T11:32:37.265881",
  "n_samples": 1111,
  "n_features": 6,
  "feature_names": [
    "log1p_days_since_last",
    "n_correct",
    "n_wrong",
    "accuracy",
    "log1p_n_reviews",
    "log1p_days_since_first"
  ],
  "scaler_mean": [
    1.399926071796026,
    1.7281728172817281,
    0.8604860486048604,
    0.6832122073346194,
    1.1875566595619529,
    2.0143811379802123
  ],
  "scaler_std": [
    0.7739294739785039,
    1.1727126234618976,
    1.1158684151871956,
    0.3517334323203271,
    0.4150084521136516,
    0.8833777961856076
  ],
  "weights": [
    [
      [
        -0.27999259343449734,
        0.4850233372240719,
        0.226485616122587,
        -0.11578582669904883,
        -0.3035800901173652,
        -0.3308191090087726,
        -0.22626279282436212,
        0.3468575006767179,
        0.11346360175166412,
        0.1223782216791091,
        -0.6786732686826694,
        0.4222401223539424,
        0.42599340413953424,
        -0.15293979730474117,
        -0.3168164661477612,
        -0.30793778988379505
      ],
      [
        -0.06391025673995306,
        0.22722540449880047,
        -0.05116094079054443,
        -0.157713758499238,
        0.1296885958199651,
        -0.537640552735324,
        -0.3910555666621149,
        -0.1727256953428983,
        -0.12929176275407353,
        0.614623428358573,
        -0.009872743560375256,
        0.16939367934462918,
        0.010276899595526115,
        -0.5487035906548877,
        0.05205743908321614,
        -0.3088024417196744
      ],
      [
        -0.5985124699089603,
        0.282149975707457,
        0.5895909519299252,
        0.22902815734534374,
        -0.13105895424956543,
        -0.37443084394674336,
        0.32311512695311245,
        -0.006530916162833071,
        -0.30428963207239346,
        -0.19167447656588033,
        -0.6030448289145913,
        0.41613420091867526,
        -0.19672879263080836,
        0.028256377225907237,
        -0.14119764644638777,
        -0.047838814265629484
      ],
      [
        0.1901353615774834,
        -0.13883305472107427,
        0.408175427789513,
        0.3770807367044564,
        0.3847598892607858,
        0.3498887659400285,
        -0.019453417019410793,
        0.36898307247150874,
        -0.5798040183092785,
        -0.10791343226254384,
        -0.31937492998981215,
        -0.053528907282772466,
        -0.1641231576014307,
        -0.20867412855840559,
        0.29349765949290674,
        -0.08365291686367496
      ],
      [
        -0.29089012343333787,
        0.1371246556891017,
        -0.2936347828625072,
        0.34958878772245117,
        -0.3987110348875903,
        0.46139709376329685,
        0.31842837087817655,
        -0.2540947285384609,
        -0.48002105239796766,
        0.4472278408315142,
        0.43484427668010245,
        0.4741816963759278,
        0.17460479579087212,
        -0.5987403121682245,
        -0.10218650041107197,
        -0.4196590784233913
      ],
      [
        0.3099689987682623,
        0.2296844378016179,
        -0.058293071644347834,
        -0.585565741864616,
        -0.2012137016632042,
        -0.20451849933434893,
        0.42776164962767005,
        0.13791063159838923,
        0.3753480808802667,
        -0.057075305004938875,
        -0.40308437157062615,
        0.2604788145834666,
        0.26526584708389456,
        0.013474207144515707,
        0.2971960387070363,
        -0.07458034151312326
      ]
    ],
    [
      [
        0.5323286193382747,
        0.4144476601972748,
        0.028642756549288866,
        0.1811252644157366,
        0.5225687446053862,
        -0.4484321527647943,
        0.3132520595550857,
        0.15584157874329668
      ],
      [
        0.13711734610375725,
        0.2594353240938573,
        -0.17634018092734635,
        -0.2813695148516088,
        -0.17106376807074172,
        -0.08153250012308537,
        0.5221231277286718,
        0.17896561591591537
      ],
      [
        -0.37136653790885127,
        0.20492719750718724,
        -0.10245403626980913,
        -0.34744702975793135,
        -0.19877244172266836,
        -0.032891318501446755,
        0.39955837682827966,
        -0.020724543849016046
      ],
      [
        0.1472242094305797,
        0.3279307513375926,
        -0.36267181343936894,
        0.5650595368237691,
        0.7503850314352911,
        -0.5303053565919182,
        -0.21754099208707908,
        -0.024195496420060948
      ],
      [
        -0.1735258000771925,
        -0.4241146748399678,
        0.06933279055627069,
        -0.03662000157335836,
        -0.3937243190435315,
        -0.29913407140779597,
        0.3684209089030395,
        -0.22055949045634923
      ],
      [
        -0.20201138967999033,
        0.14883334361930997,
        0.34857102102144055,
        -0.3834506172297143,
        0.5056100833200855,
        0.1044961389034534,
        -0.39283929609078116,
        0.40754247996753273
      ],
      [
        -0.2393697887629722,
        0.05270144111835856,
        0.09266888427157811,
        0.1622862487360685,
        -0.25439385422530353,
        0.21592485267909178,
        -0.19842006651473576,
        -0.3899002781746391
      ],
      [
        -0.3946655611653307,
        0.1565578071135696,
        0.11597919443617184,
        -0.45509517473468625,
        0.08945782845072396,
        -0.28900853977262053,
        0.08272463775285897,
        -0.2512483280827234
      ],
      [
        0.10239431707369723,
        -0.2127110867883819,
        0.49415632313755825,
        -0.3262389683419563,
        -0.12991952595076584,
        -0.19292185184462532,
        0.5198520426951714,
        0.25940313828086625
      ],
      [
        0.03817152618929111,
        0.5016442728474968,
        0.12114700354000386,
        -0.16425699740135885,
        0.4078474174591303,
        -0.39098349987949105,
        -0.37793349564455264,
        0.6786842886380132
      ],
      [
        0.4319392143905375,
        0.16803559672857626,
        -0.18779772685930482,
        -0.24925305976147738,
        0.3720551481485641,
        0.3604206402893358,
        0.3913684171646659,
        0.31176980262914034
      ],
      [
        0.08165602673423353,
        -0.4386525734484233,
        -0.42050516367583657,
        0.4292906344851315,
        0.21869316883457177,
        -0.5196507767270679,
        -0.2593936855914362,
        0.10783663674458009
      ],
      [
        -0.5096248011596156,
        -0.35157952380764124,
        0.015122676677802552,
        0.22415826073437511,
        0.08567768062413228,
        -0.24647846988607852,
        0.22454684660325308,
        -0.2916663086362009
      ],
      [
        -0.33401770299077155,
        0.07979128146180338,
        0.3046137468191168,
        0.14740611117132202,
        0.16028197063050437,
        0.19970420204063538,
        -0.2250170843520515,
        -0.30556581237523045
      ],
      [
        -0.11045925797157853,
        -0.12727097129489182,
        0.36833952427602346,
        -0.17510811206849422,
        0.6949473723957582,
        0.03795915627628553,
        0.20115533456643897,
        0.13825216546060254
      ],
      [
        -0.013399897611504157,
        -0.10235625838381292,
        -0.2158769596997327,
        0.12888964042483544,
        -0.21707692336789888,
        -0.39469923557230596,
        0.2436233055384067,
        -0.4174511140304255
      ]
    ],
    [
      [
        0.7797414283706733
      ],
      [
        0.7440637008485411
      ],
      [
        -0.2813739206458536
      ],
      [
        -0.32187902215180203
      ],
      [
        0.9623057224167976
      ],
      [
        -0.16667729954324068
      ],
      [
        -0.5394316530492869
      ],
      [
        0.20565885752757826
      ]
    ]
  ],