{
  "trained_at": "2026-05-29T09:57:22.154197",
  "n_samples": 6384,
  "n_features": 6,
  "feature_names": [
    "log1p_days_since_last",
    "n_correct",
    "n_wrong",
    "accuracy",
    "log1p_n_reviews",
    "log1p_days_since_first"
  ],
  "scaler_mean": [
    1.6218196538420526,
    3.224937343358396,
    1.1549185463659148,
    0.7440715763931322,
    1.5335256647724773,
    2.588368328359361
  ],
  "scaler_std": [
    0.908225504105786,
    2.1892376726963154,
    1.2825819797263358,
    0.27364583836377715,
    0.5490253636441148,
    1.1220670124037233
  ],
  "weights": [
    [
      [
        -0.21554595209883043,
        0.37380529049154654,
        0.5629402150320154,
        -0.12878125507439558,
        -0.2877391845760997,
        -0.37746039375298507,
        -0.6098779404989132,
        0.44963015951526714,
        0.13654934614757333,
        -0.03415641151847656,
        -0.7683145282948014,
        0.4403242226665605,
        0.36374517470954726,
        -0.2791994054103696,
        -0.278390383581582,
        -0.3020291267467037
      ],
      [
        -0.08546334535632007,
        0.25768309788937077,
        -0.12549611843727504,
        -0.13951385025073673,
        0.1974573372521015,
        -0.20928902317830045,
        -0.24935370444533436,
        -0.19461528388758914,
        -0.1946811606836916,
        0.5033968928653595,
        -0.13632270920223094,
        0.20865165044072784,
        -0.0905730762959551,
        -0.6212329656298823,
        0.13597765443362952,
        -0.3369459112472256
      ],
      [
        -0.6653644768154673,
        0.34505121618831897,
        0.6540149365900548,
        0.29133793539497194,
        -0.08609112064524853,
        -0.3225140214885829,
        0.010201956245898583,
        0.07598458583120164,
        -0.3016790202005236,
        -0.0319657642942523,
        -0.6505056245784564,
        0.3052076692129418,
        -0.022415519124195225,
        0.264746206493549,
        -0.19074850659138423,
        0.10334682653286355
      ],
      [
        0.2449004284872266,
        -0.02230387733400349,
        0.3566818393758278,
        0.32938452650047056,
        0.33838558351261316,
        0.38570137613876737,
        0.018438334045229793,
        0.31545261227264415,
        -0.5153608599421882,
        -0.12987672620109048,
        -0.3047900122721033,
        -0.13954315383746757,
        -0.2896598795256199,
        -0.2559533010542613,
        0.30770650163167373,
        -0.06063849036596843
      ],
      [
        -0.2089237601853194,
        0.1455478172874513,
        -0.2928054971992289,
        0.3686108981247771,
        -0.3552303659565958,
        0.6870997627017833,
        0.09880072903408525,
        -0.24331516591303096,
        -0.5588900471798139,
        0.4280887242706125,
        0.30148701538765493,
        0.51140132698251,
        0.20833336384039516,
        -0.4532233954703325,
        -0.0931290235877591,
        -0.3343789936521153
      ],
      [
        0.3850492261846691,
        0.16964922973748955,
        -0.019836371958855376,
        -0.4976386053376756,
        -0.1471859367246623,
        -0.18499730242329873,
        0.004792892127086356,
        0.1714432348009737,
        0.2789544170554646,
        -0.16924584880675114,
        -0.3212364985546121,
        0.18355673338880138,
        0.2526243203635208,
        -0.02334027861847525,
        0.24429312000015177,
        0.019821652880911027
      ]
    ],
    [
      [
        0.553014277911592,
        0.4300910151839578,
        -0.00450959915941491,
        0.009539462551657841,
        0.5474454642623845,
        -0.5257287965926675,
        0.29407801413928425,
        0.16880228797220312
      ],
      [
        0.21029347239751184,
        0.33197370218256406,
        -0.2024847373645239,
        -0.45500962109084525,
        -0.2764148865837436,
        0.019010236021762522,
        0.0860905151040281,
        0.15638976070994987
      ],
      [
        -0.6130133772073643,
        -0.019665892507717046,
        -0.15632233163671608,
        -0.14186192691103616,
        -0.4760596688159244,
        -0.0010486574233283122,
        0.3018680191479897,
        -0.49607276070425393
      ],
      [
        0.016885759191731558,
        0.19214057607313947,
        -0.17534401822534973,
        0.5336567370457845,
        0.43282727447020497,
        -0.14566193450709375,
        0.10077153267358481,
        -0.158675826277142
      ],
      [
        -0.1515669858305991,
        -0.3983547030857778,
        0.05522258023286577,
        -0.02012214281339328,
        -0.2776730393980289,
        -0.3141916684072941,
        0.34627681945446814,
        -0.1781330098362805
      ],
      [
        -0.1545735556645764,
        0.18640737471108884,
        0.3402306971947892,
        -0.618640621154984,
        0.6014858683036215,
        -0.019245619436315472,
        -0.38461451490659715,
        0.43158766051052183
      ],
      [
        0.12231359431476367,
        0.3880576892379298,
        -0.14327307958397598,
        0.13211840561524513,
        0.05783698761993871,
        0.08150226488100752,
        -0.5180371606110779,
        -0.028676979429576296
      ],
      [
        -0.42817306992621784,
        0.11581129720325255,
        0.08863870071531861,
        -0.04317141928856747,
        0.0618697462280409,
        -0.23349019244682484,
        0.08825751895925106,
        -0.34138001885681746
      ],
      [
        0.0915972208542541,
        -0.21430949461071738,
        0.4749532909866773,
        -0.4698750399466987,
        -0.09587810395850356,
        -0.22394456807324709,
        0.47736228846029605,
        0.24252910668247757
      ],
      [
        -0.08824175874722946,
        0.344766041350525,
        0.40843325758263843,
        -0.20000057828856074,
        0.2793813985717359,
        -0.3930909595237815,
        -0.2819466477549418,
        0.49166022103499446
      ],
      [
        0.4097734218216682,
        0.14468956595860819,
        -0.1982984238616642,
        -0.09298618393570618,
        0.3570106506167779,
        0.34948524192256253,
        0.39900613453038064,
        0.27584240406324223
      ],
      [
        0.16915306887822387,
        -0.3474070365994631,
        -0.45619535006069994,
        0.2776415820818166,
        0.25093511954011716,
        -0.5856105398423318,
        -0.6056412740426668,
        0.09532705802532762
      ],
      [
        -0.5389595166390325,
        -0.35767167492306823,
        -0.04710838947862594,
        -0.010223314028599193,
        0.16132093158005534,
        -0.03892017978796031,
        0.10151680651597927,
        -0.43268202541668443
      ],
      [
        -0.33955345194890557,
        0.07844839438096127,
        0.251088952022196,
        0.3821595103664818,
        0.12929877309189866,
        0.22868216234848054,
        -0.2682281856338273,
        -0.29937004474353174
      ],
      [
        -0.0795545968506065,
        -0.1004156800188292,
        0.32926784420322286,
        -0.044576162149827736,
        0.6771635872089103,
        -0.031437962979240335,
        0.10818469344729296,
        0.14613070837723652
      ],
      [
        0.03236737095204178,
        -0.04758496125088344,
        -0.29494839871308887,
        0.13937816646435602,
        -0.1700340887051824,
        -0.3925065441822083,
        0.17232168966400294,
        -0.35316580797521335
      ]
    ],
    [
      [
        0.8180161596042974
      ],
      [
        0.6839605532722525
      ],
      [
        -0.30869219093911987
      ],
      [
        -0.5176193824946156
      ],
      [
        1.0396224077967309
      ],
      [
        -0.18904064832655426
      ],
      [
        -0.5627997790768395
      ],
      [
        0.16120717603645027
      ]
    ]
  ],