{
  "trained_at": "2026-06-23T10:17:56.432059",
  "n_samples": 9069,
  "n_features": 6,
  "feature_names": [
    "log1p_days_since_last",
    "n_correct",
    "n_wrong",
    "accuracy",
    "log1p_n_reviews",
    "log1p_days_since_first"
  ],
  "scaler_mean": [
    1.6861446682552166,
    3.658176204653214,
    1.193626640202889,
    0.7557350104944022,
    1.604477672596468,
    2.685048888659926
  ],
  "scaler_std": [
    0.9385702906494825,
    2.547689290853222,
    1.2526294593109228,
    0.2584007463760128,
    0.5760990778827916,
    1.1779146396768427
  ],
  "weights": [
    [
      [
        -0.16883009065672133,
        0.2544285579557612,
        0.5687359091652565,
        -0.1638820240945518,
        -0.32230713374999337,
        -0.20216307629768923,
        -0.4626618914033544,
        0.48587077587096994,
        0.16487508193935302,
        -0.02243465742950983,
        -0.8476659230656207,
        0.3898725593538335,
        0.4393899872779884,
        -0.37228604152050687,
        -0.22928257501106056,
        -0.18947331934627115
      ],
      [
        0.03744165006675603,
        0.14354451719468442,
        -0.0394207456159414,
        -0.178173437943516,
        0.21669322367287278,
        -0.26789466563790676,
        -0.1886935919345054,
        -0.22263264949982933,
        -0.21180619788576008,
        0.47059752967594104,
        -0.1267661862872114,
        0.3103950233448182,
        -0.08051269980788872,
        -0.36329915148850483,
        0.11289981199767622,
        -0.3271553745294449
      ],
      [
        -0.5715824438229824,
        0.4758368715184724,
        0.5651748903773038,
        0.33002450446964715,
        -0.059866481332529836,
        -0.31788158711656145,
        0.05774824487397619,
        0.045378342759871265,
        -0.25630816086132147,
        -0.03402923646585849,
        -0.5220058544055102,
        0.24816069814080424,
        0.011069033494071697,
        -0.18201689844488675,
        -0.20000361777601244,
        0.21200343595981982
      ],
      [
        0.2437937274497218,
        -0.23784084969325575,
        0.38969158636283413,
        0.4414380570574143,
        0.3184371836298905,
        0.4403523888330653,
        0.2884830917822987,
        0.3371625446963716,
        -0.5043456878954857,
        -0.20900636492992125,
        -0.39836874690868274,
        0.06821225380339516,
        -0.2688509787392844,
        -0.059674140912273056,
        0.27518496800046033,
        -0.08703443407650918
      ],
      [
        -0.1180180398394401,
        0.17509033153666523,
        -0.2679987524799425,
        0.40317060189715803,
        -0.3353152462668844,
        0.6695394612969254,
        0.2686368237115481,
        -0.2324490238031265,
        -0.5290099427221914,
        0.4502333140931335,
        0.3285572944448825,
        0.5218006764104491,
        0.20336330025706192,
        -0.4993594799587367,
        -0.0857551083930427,
        -0.2726877970897443
      ],
      [
        0.33090033785144424,
        0.12694350774771362,
        -0.15615561920441376,
        -0.41316702531836313,
        -0.18403780284579777,
        -0.22405923104274655,
        -0.06583927671234624,
        0.21235008331084446,
        0.29056317458824377,
        -0.04299664236477902,
        -0.3120426211051765,
        0.31613471449039265,
        0.24773967410093156,
        0.06899525891644996,
        0.2617015752260161,
        0.016654321273664174
      ]
    ],
    [
      [
        0.5171023398496871,
        0.40172860738835264,
        -0.008183564911251879,
        -0.05713423494059072,
        0.5145976166041207,
        -0.5503596141976261,
        0.25950737731259305,
        0.12572451550072097
      ],
      [
        0.20750012853424146,
        0.3378383211036658,
        -0.43915637878231717,
        -0.2479565480982673,
        -0.2863936142038037,
        -0.04934830041395616,
        -0.03936500318358602,
        0.13919522539308252
      ],
      [
        -0.4164140040861258,
        0.0818743537255163,
        -0.30965941780783335,
        0.1081756691013987,
        -0.40973683087682217,
        1.2534216395414092e-35,
        0.14126578601302706,
        -0.28082225678724965
      ],
      [
        0.18117422922187354,
        0.32969247363500565,
        -0.33126038348833325,
        1.6212572704705925e-06,
        0.6404258406073843,
        -0.20318952666030754,
        -0.21886964501457934,
        0.01494580864784855
      ],
      [
        -0.1858204640137597,
        -0.4176396598219216,
        0.08719877415299442,
        -9.480794557023076e-08,
        -0.3264844505651605,
        -0.11974041738572327,
        0.36272248409480823,
        -0.17331915040633913
      ],
      [
        -0.09803078526261146,
        0.24128962644381996,
        0.26581158750592027,
        -0.04070197926311514,
        0.6081803157838171,
        -0.2236145621622179,
        -0.43202815000550776,
        0.4448105214199289
      ],
      [
        0.024477499976180147,
        0.27476548751873414,
        -0.11087217710150572,
        9.009670409709116e-05,
        0.09394370328970793,
        -0.12145002591470773,
        -0.37769064803432884,
        -0.09052179658417137
      ],
      [
        -0.4697890904368046,
        0.08448650863290483,
        -0.004398182340825483,
        0.024636499172571803,
        0.018041971305282872,
        -0.15078768895537686,
        0.05562396718039243,
        -0.39257392687014364
      ],
      [
        0.06991192277411092,
        -0.2330209217154131,
        0.42474121615686455,
        0.04288598437060793,
        -0.10536074621605171,
        -0.20328195152535927,
        0.4966715048825415,
        0.18305612469835167
      ],
      [
        -0.0706235167236741,
        0.3477593916722034,
        0.3317023824410903,
        -0.07609367745642122,
        0.2752622700187552,
        -0.16375755474340853,
        0.00021354173208044824,
        0.46355022959611614
      ],
      [
        0.4534244560081998,
        0.1899891600747148,
        -0.2349098893866034,
        -0.015352950479550985,
        0.39338460680863735,
        0.24681682832648438,
        0.36076634567053145,
        0.3069056952866988
      ],
      [
        0.1511248358268672,
        -0.3486813180824055,
        -0.5637997857661069,
        0.19779942119052749,
        0.2339275872228652,
        -0.4681534205579788,
        -0.5872529525921583,
        0.07704413292682133
      ],
      [
        -0.5815598287785405,
        -0.3726969318761138,
        -0.18147365019767236,
        0.05539905555545508,
        0.028650732338579975,
        -0.01112898450723249,
        -0.002696517204043497,
        -0.47388053355391274
      ],
      [
        -0.24899749191133644,
        0.16170017284711002,
        0.19049510318426607,
        0.0071710381515553145,
        0.19922701295912257,
        0.14727009224227297,
        -0.3223514319041671,
        -0.20047199805951094
      ],
      [
        -0.1543522040569917,
        -0.1723925560243525,
        0.34631129285920303,
        -0.014976135388051922,
        0.4808905470286954,
        -0.0370978933172582,
        -0.006583443862914708,
        0.019625693059443755
      ],
      [
        0.061919900131448644,
        -0.01995956564685792,
        -0.2858479773719859,
        0.0019268753938953284,
        -0.18327205867553753,
        -0.3781982513415552,
        0.15332059654462274,
        -0.29371993553995723
      ]
    ],
    [
      [
        0.7817155986084645
      ],
      [
        0.6755286374091409
      ],
      [
        -0.3300490065999222
      ],
      [
        -0.07400377624628589
      ],
      [
        1.0703623592997293
      ],
      [
        -0.17700001084609715
      ],
      [
        -0.5477550521818872
      ],
      [
        0.14555887244835625
      ]
    ]
  ],