{
  "trained_at": "2026-07-21T11:04:17.238735",
  "n_samples": 11422,
  "n_features": 6,
  "feature_names": [
    "log1p_days_since_last",
    "n_correct",
    "n_wrong",
    "accuracy",
    "log1p_n_reviews",
    "log1p_days_since_first"
  ],
  "scaler_mean": [
    1.8159256167791173,
    4.125196988268255,
    1.2455787077569602,
    0.7719492338385684,
    1.6813526052784897,
    2.853818512654891
  ],
  "scaler_std": [
    0.9871437524408234,
    2.8407965518047984,
    1.3055433086765913,
    0.24321069747461999,
    0.5938788546504069,
    1.2052793880204855
  ],
  "weights": [
    [
      [
        -0.2870407270150636,
        0.25568210325767204,
        0.5758562025408507,
        -0.1477078532241607,
        -0.1764591084345639,
        -0.251983582840269,
        -0.5081765993376433,
        0.4594688102634019,
        0.12697870507108497,
        0.10437783769226198,
        -0.7972177146345084,
        0.418772590421159,
        0.4149277353816408,
        -0.20594867360782193,
        -0.1598845555738264,
        -0.19684742441315597
      ],
      [
        -0.0899992969705698,
        0.1992482336254535,
        -0.009651392776832498,
        -0.19067828576535142,
        0.1639666167886707,
        -0.2606117573425706,
        -0.19195871729331235,
        -0.25011342491938776,
        -0.12885512659016257,
        0.4277439740215872,
        -0.2045048568919933,
        0.25086157444656293,
        -0.04593239394787062,
        -0.4456995206884711,
        0.24861154615794614,
        -0.42271581706840405
      ],
      [
        -0.6154525824691426,
        0.44532062740557876,
        0.6319079790822566,
        0.3566755782174354,
        -0.12537978210235104,
        -0.38479249532516285,
        0.1522409287330188,
        0.046037434066138916,
        -0.3212726389055671,
        -0.09151941902492026,
        -0.6025665184889768,
        0.2542836854266808,
        -0.036820626605143215,
        0.0018880461806850492,
        -0.20897512395366397,
        0.024987258588548816
      ],
      [
        0.26313681393658384,
        -0.1578282067613926,
        0.3002471766774605,
        0.42072002272668996,
        0.37625724041557473,
        0.45847519585827495,
        0.18596749184440306,
        0.30468190191716865,
        -0.4661995522531586,
        -0.14648337941122608,
        -0.3155293643550419,
        0.03294430034863488,
        -0.27887760084062296,
        -0.11431003946585669,
        0.29866564810751434,
        0.02623547687195404
      ],
      [
        -0.18445181662427243,
        0.17398186563102339,
        -0.3029766200650313,
        0.38915262273392326,
        -0.39289014194327876,
        0.6498427291703404,
        0.3276949641428896,
        -0.2809519708626677,
        -0.5352310603427834,
        0.448169863683945,
        0.26481016859427986,
        0.4800765629464375,
        0.20273060437970636,
        -0.4692427009069972,
        -0.0492425893547785,
        -0.40554032277436064
      ],
      [
        0.36673326860701194,
        0.14709544186212242,
        -0.09242310475625343,
        -0.4036011494627346,
        -0.15756518111225604,
        -0.11233565601512126,
        0.10410694940764899,
        0.1488777595375882,
        0.3457611686311172,
        -0.03473412275861692,
        -0.33677084224112774,
        0.30910724135137685,
        0.276118528629559,
        0.05412375356963622,
        0.421158549371639,
        -0.0037516870869819495
      ]
    ],
    [
      [
        0.5223380694360786,
        0.40987395031477936,
        0.03977674976678222,
        0.01791035056550708,
        0.5094841048963753,
        -0.453607457729346,
        0.2636517109305111,
        0.13975024073793868
      ],
      [
        0.23500499810409156,
        0.3416802897457355,
        -0.1814644231457499,
        -0.3980593166151283,
        -0.24003690564985689,
        -0.10453764762915509,
        0.09980924153727372,
        0.2441188788288254
      ],
      [
        -0.722296913072918,
        -0.1306687088549004,
        0.07642798246449237,
        0.039001312583872884,
        -0.6069835898395641,
        -3.121947796263285e-06,
        0.2615792734972001,
        -0.42113312838268463
      ],
      [
        0.18025329744985066,
        0.3466278950920971,
        -0.3281057831608421,
        0.015342086052140193,
        0.572932493974069,
        -0.23780639559482883,
        -0.13424599325316508,
        0.017791410132578532
      ],
      [
        -0.1455111723828907,
        -0.38910890380790486,
        0.048445788804640705,
        -0.006321372571750627,
        -0.27597429477607244,
        -0.2793979104975284,
        0.3366907817525292,
        -0.16665382441203394
      ],
      [
        -0.13846953701522227,
        0.2043445444149939,
        0.3115088070342266,
        -0.030269090159826716,
        0.5980973409961375,
        -0.005396327900976489,
        -0.42453514349822435,
        0.44495789843600625
      ],
      [
        0.04908011042269351,
        0.30899393462435965,
        -0.0596085882933975,
        0.0020410626483542073,
        0.023896435287647733,
        0.10078910526905194,
        -0.4186747447774025,
        -0.08542915550066621
      ],
      [
        -0.4503912192739856,
        0.12256749763022524,
        0.14874567491182605,
        0.018017422403407375,
        0.051019778757528035,
        -0.2176901211773893,
        0.047364180571079204,
        -0.33084374937844885
      ],
      [
        0.06994660663371073,
        -0.21136018601119616,
        0.4803964619439324,
        -0.008633958711632576,
        -0.10482350967467524,
        -0.23340079074246076,
        0.4580733987259948,
        0.20732142854051466
      ],
      [
        -0.09113395941215525,
        0.2840541311828189,
        0.18636018980935995,
        -0.06749311135022948,
        0.2706268834935163,
        0.05424038185951606,
        -0.18661807070984643,
        0.4910179832583111
      ],
      [
        0.427589015041259,
        0.16204709961330602,
        -0.20374514778326208,
        -0.07385741457675743,
        0.3413694416036944,
        0.3400830536740746,
        0.38228134344081816,
        0.29363896017065017
      ],
      [
        0.17389166018602895,
        -0.3547245019387373,
        -0.36504484035535106,
        0.24476172520028638,
        0.28900276444670037,
        -0.4717603725605528,
        -0.5273027690490245,
        0.1635551720553425
      ],
      [
        -0.5351364292052861,
        -0.35203646079680684,
        0.15217008863176051,
        0.06592319560403025,
        0.17392672126301992,
        -0.012648838438592611,
        0.11963826966753599,
        -0.3410003000148458
      ],
      [
        -0.2845724503048647,
        0.13408429317924261,
        0.2290495159175035,
        0.06897346453995219,
        0.13188181515023245,
        0.16782123241877264,
        -0.29318801157945706,
        -0.23904052067300713
      ],
      [
        -0.05300637755853225,
        -0.11996841331564262,
        0.3901313849855533,
        -0.045623128879410946,
        0.7432166309112309,
        0.04296479623439239,
        0.17834728690383445,
        0.1762140045904421
      ],
      [
        0.021519855265229374,
        -0.06233246451621488,
        -0.26018450171865704,
        0.025184496571981768,
        -0.2071996364906967,
        -0.3726495480643056,
        0.1936508421561179,
        -0.3615473797745958
      ]
    ],
    [
      [
        0.8043109810035928
      ],
      [
        0.6604397447026362
      ],
      [
        -0.3013303769310948
      ],
      [
        -0.12050913517357673
      ],
      [
        1.077364335811101
      ],
      [
        -0.14641291029696307
      ],
      [
        -0.5324819721844725
      ],
      [
        0.16170810477854747
      ]
    ]
  ],