{
  "trained_at": "2026-06-06T07:38:00.355476",
  "n_samples": 7217,
  "n_features": 6,
  "feature_names": [
    "log1p_days_since_last",
    "n_correct",
    "n_wrong",
    "accuracy",
    "log1p_n_reviews",
    "log1p_days_since_first"
  ],
  "scaler_mean": [
    1.6418737858558554,
    3.3746709158930304,
    1.1723707911874741,
    0.7483167508315007,
    1.559501730515017,
    2.620480415307421
  ],
  "scaler_std": [
    0.9166575179266551,
    2.3059853034996496,
    1.2787673944146318,
    0.2677486123120433,
    0.5589437172550908,
    1.1410845116264798
  ],
  "weights": [
    [
      [
        -0.17467010394518281,
        0.3500874219210587,
        0.6055417135599637,
        -0.1144814772142754,
        -0.3282981648413767,
        -0.36415918311819784,
        -0.6747075140642926,
        0.43792816710541566,
        0.1524791142636468,
        -0.03190089804506907,
        -0.7134997888692572,
        0.4207550818405979,
        0.390235546268473,
        -0.2189068337758285,
        -0.24619480294714696,
        -0.27484121040147685
      ],
      [
        -0.004054648482771258,
        0.230173605009894,
        -0.12104219715894421,
        -0.0832411986682423,
        0.1925900232601968,
        -0.2247609754872625,
        -0.19961597301074693,
        -0.22648351412766637,
        -0.17478606485971285,
        0.519030052684288,
        -0.2222079489841388,
        0.1727109659887207,
        -0.08247214084399065,
        -0.5929618745765849,
        0.14550169859207282,
        -0.36589640666836376
      ],
      [
        -0.6310609723881674,
        0.3439610783332401,
        0.6242805065222186,
        0.28517553976360255,
        -0.0768674688168213,
        -0.3026044164707674,
        0.1083504351135763,
        0.07568146355270088,
        -0.283264546828479,
        -0.018988353062172055,
        -0.7538355597350419,
        0.31168886155960934,
        -0.01912108609320519,
        0.23536613272875634,
        -0.1807353170338455,
        0.2263860260130168
      ],
      [
        0.2729700920881451,
        -0.03391801674936067,
        0.3128814376306395,
        0.4482829252091929,
        0.3317049337111088,
        0.3923600676193401,
        0.009025811635071188,
        0.2924101978620498,
        -0.5065831822873355,
        -0.08291894694934755,
        -0.2535315521187015,
        -0.1324671457707992,
        -0.24724153587594705,
        -0.21251124999697285,
        0.3070026569680654,
        -0.11138520078582777
      ],
      [
        -0.15622238085900206,
        0.1292464504749494,
        -0.2597615408667592,
        0.2743549546483216,
        -0.3603108922338077,
        0.6879528348962365,
        0.12178255636121581,
        -0.2510011167773303,
        -0.5419438704043136,
        0.42212997818486836,
        0.2088770480611577,
        0.4833108311236584,
        0.20158016841229076,
        -0.43966311668191677,
        -0.09347273288512907,
        -0.30673177205785507
      ],
      [
        0.410072494257739,
        0.15159638289529484,
        -0.06829216898277057,
        -0.4704356621721225,
        -0.16998196195420504,
        -0.1875873731774616,
        -0.008576516397884126,
        0.14822853793259752,
        0.2714999623556237,
        -0.09758303626327709,
        -0.32006913530937225,
        0.13013369056031548,
        0.25238738682502737,
        -0.0263136108181691,
        0.2283442545059267,
        -0.024679291183009242
      ]
    ],
    [
      [
        0.5328201255421817,
        0.4121466444359679,
        -0.009901583211300377,
        0.008909604761984819,
        0.5220910161703053,
        -0.47593595441994907,
        0.278747433245431,
        0.1430646106442964
      ],
      [
        0.2198993567576111,
        0.31198012590514185,
        -0.21067705631953554,
        -0.3717655929926182,
        -0.2637067997371634,
        -0.0026043550594992,
        0.08835458239092968,
        0.152290323218579
      ],
      [
        -0.5995591276782166,
        -0.10015367629428244,
        -0.20272298707151715,
        -0.01017926906086569,
        -0.5272199314106454,
        -6.446715182383963e-09,
        0.15925724751158762,
        -0.4548249482716677
      ],
      [
        0.3060219480023047,
        0.44476852742369516,
        -0.2755811967167373,
        0.06295246664605042,
        0.7052543144342186,
        -0.20191875335378204,
        -0.2529444267057601,
        0.13698569779349784
      ],
      [
        -0.1740890944023235,
        -0.4151307637916739,
        0.07584319674560311,
        -0.00029577358017677597,
        -0.3220331490810449,
        -0.2971564583145311,
        0.3604411626963514,
        -0.18543323482517315
      ],
      [
        -0.13140030069034928,
        0.20422047193294465,
        0.3204666114511343,
        -0.27183264083119735,
        0.5582888398773468,
        -0.09037880680760198,
        -0.3932613796469094,
        0.426492741790099
      ],
      [
        0.19427058792409324,
        0.45871608035426625,
        -0.18622217416803907,
        0.15385557328287292,
        0.10454657145930331,
        -0.001346305634630753,
        -0.5302888934964137,
        0.05122961442943071
      ],
      [
        -0.43692271870548643,
        0.10365863309399563,
        0.0537675014560858,
        -0.007665452386345024,
        0.062139545477586405,
        -0.12848545420219815,
        0.06675135357746258,
        -0.346251813153044
      ],
      [
        0.08864781681826885,
        -0.20515136634701964,
        0.4493403077385974,
        -0.4359731610140136,
        -0.1019391803322107,
        -0.21255526354374638,
        0.46117832157393446,
        0.23163171440187877
      ],
      [
        -0.06625974367164489,
        0.34343366450506857,
        0.4617768657440448,
        -0.1367723550921052,
        0.30832995034729116,
        -0.09310960943441607,
        -0.15495047627485486,
        0.4867131650758922
      ],
      [
        0.41267783182388534,
        0.1492892327206025,
        -0.20135054013771428,
        -0.08313847499791839,
        0.3647696333284977,
        0.3108034952149845,
        0.39872281831845485,
        0.2761493528861491
      ],
      [
        0.1714612038854487,
        -0.36703051314263535,
        -0.47527975858988575,
        0.27571294020467935,
        0.23905750163357128,
        -0.5958619866058817,
        -0.5987102582323571,
        0.08869463108571486
      ],
      [
        -0.5374622573958842,
        -0.3899226204118088,
        -0.05397338616592823,
        -0.024133951424778352,
        0.1498248408250972,
        -0.0009073841744487112,
        0.08023471015453762,
        -0.4305133515725276
      ],
      [
        -0.34684236020240305,
        0.07072013864587241,
        0.24781643223776917,
        0.3046809114093783,
        0.09972049550104052,
        0.2203888077659822,
        -0.2535353226458363,
        -0.2983340258944751
      ],
      [
        -0.11789237926514519,
        -0.13800749617222294,
        0.33511274348986647,
        -0.0020733584648497563,
        0.5665349441766958,
        -0.04467346767336265,
        0.061046709121149796,
        0.07164837088108968
      ],
      [
        0.010869333785643838,
        -0.0714494157287264,
        -0.28194299618612634,
        0.13961080876355736,
        -0.20869819593309208,
        -0.36502041690045833,
        0.20116210014675565,
        -0.35702999552916476
      ]
    ],
    [
      [
        0.823026547761701
      ],
      [
        0.7000368043301108
      ],
      [
        -0.313225920920674
      ],
      [
        -0.423654473951276
      ],
      [
        1.01882857245918
      ],
      [
        -0.17998563107585472
      ],
      [
        -0.5650090158622698
      ],
      [
        0.16966950528583358
      ]
    ]
  ],