{
  "trained_at": "2026-07-23T11:06:07.668721",
  "n_samples": 11500,
  "n_features": 6,
  "feature_names": [
    "log1p_days_since_last",
    "n_correct",
    "n_wrong",
    "accuracy",
    "log1p_n_reviews",
    "log1p_days_since_first"
  ],
  "scaler_mean": [
    1.8197035592088229,
    4.130695652173913,
    1.2432173913043478,
    0.7726860767491183,
    1.6822242896118798,
    2.858148355511261
  ],
  "scaler_std": [
    0.9876961691503716,
    2.838409910569027,
    1.3038645220541976,
    0.24273942057294193,
    0.5933412889173449,
    1.2041578862584572
  ],
  "weights": [
    [
      [
        -0.25367004085609723,
        0.2602663151912528,
        0.6169841919409162,
        -0.1336485774838942,
        -0.1092279779212739,
        -0.20987590849282328,
        -0.6659536396316342,
        0.4837585705005774,
        0.08953235176505785,
        0.08218036424061058,
        -0.7236432013230982,
        0.41339485028383177,
        0.43041226358696005,
        -0.16741829782769305,
        -0.10588921572489657,
        -0.17806711894415325
      ],
      [
        -0.10482556681332128,
        0.18139034346285296,
        0.0017557951396329008,
        -0.22269418035937427,
        0.17555148252158354,
        -0.2762543518849324,
        -0.1470343986471557,
        -0.2902481883225387,
        -0.13458664769115727,
        0.43607205251407105,
        -0.19578619071252237,
        0.24845924867461228,
        -0.038511940933221016,
        -0.5038146927357603,
        0.25697803416524306,
        -0.45787470147137493
      ],
      [
        -0.6032954175827733,
        0.47086917827019587,
        0.6226689750609979,
        0.36355833261817005,
        -0.14607872132694716,
        -0.37178366342227875,
        -0.038987304525090076,
        0.02703752514523134,
        -0.2769219778195931,
        -0.10448671349174495,
        -0.632370415089391,
        0.2524007387392587,
        -0.019207508164264468,
        -0.04405201020902065,
        -0.237391142444743,
        0.05560700176459231
      ],
      [
        0.3031324166003365,
        -0.19435147147343865,
        0.28084619802252686,
        0.4289845077918696,
        0.3956914257317796,
        0.4731087940410546,
        -0.030893091360367476,
        0.30883548347365475,
        -0.45448802111174635,
        -0.14313912210959198,
        -0.32116764159041167,
        0.028286996272035216,
        -0.28072402463105184,
        -0.038449035194867504,
        0.27154985195212444,
        0.023438561144800262
      ],
      [
        -0.1976988596236941,
        0.19292141226193688,
        -0.305995136008435,
        0.4007837516555212,
        -0.3707104245182085,
        0.6578065162818084,
        0.15348360442421136,
        -0.2771608087775931,
        -0.5025282863261574,
        0.46866715291892097,
        0.2359617713278383,
        0.5077673019849344,
        0.20631517104403976,
        -0.47695164087219893,
        -0.04927660957117175,
        -0.4020994914050638
      ],
      [
        0.3265886707256148,
        0.12794384389185665,
        -0.13746176800658594,
        -0.3960098009271096,
        -0.14603375681107406,
        -0.13609840340538384,
        0.018119659063528724,
        0.17237647182066607,
        0.3281994101808449,
        -0.01969453638553235,
        -0.31730548135687636,
        0.30311308269567466,
        0.2940787422240888,
        0.009533865740310963,
        0.43251845900650554,
        -0.004395811779818694
      ]
    ],
    [
      [
        0.5028464285314046,
        0.40103009065891243,
        0.04274056410344989,
        -0.026868247334495464,
        0.488033763439808,
        -0.4339918316416114,
        0.2721160174804302,
        0.06295276352521796
      ],
      [
        0.22843464467917973,
        0.3336156930661032,
        -0.32100333223241717,
        -0.3140795223032165,
        -0.25244445904828144,
        -0.09124681716673504,
        -0.04613765077636203,
        0.18440333105088724
      ],
      [
        -0.7310790278973124,
        -0.09948524373579123,
        0.07848681783064387,
        0.25656989121893736,
        -0.7229482204889313,
        7.11853473427597e-32,
        0.1683921119811183,
        -0.4846924305274044
      ],
      [
        0.23590477180440922,
        0.3918099436330899,
        -0.24569362181161114,
        -0.12578613497106741,
        0.6022064888321861,
        -0.1633256299559319,
        -0.11130418630351882,
        0.07213137732011188
      ],
      [
        -0.10844652446355361,
        -0.3465318251372869,
        0.012513508968881659,
        -0.017129496721197145,
        -0.2364070464849328,
        -0.17934510102368056,
        0.29255201422746757,
        -0.17585179222429684
      ],
      [
        -0.10219335056610943,
        0.23654058302040398,
        0.3189613158920028,
        -0.05597800936382705,
        0.6284891141176978,
        -0.10730013817855984,
        -0.44938335339422053,
        0.43093771589522956
      ],
      [
        0.16231102781826406,
        0.41770420415962856,
        -0.11620973473545108,
        -0.0017494287126879479,
        0.07211296798309777,
        0.006992819206566825,
        -0.533652386594583,
        0.025642259152563462
      ],
      [
        -0.4662585091397801,
        0.11159641241587423,
        0.13361219607712213,
        0.11276389573966697,
        0.012605854803673749,
        -0.22688373525249464,
        0.05282607297927823,
        -0.43890157733280505
      ],
      [
        0.08776927077453207,
        -0.18672855777999156,
        0.4155402677073697,
        0.1333625320401659,
        -0.07709456055010246,
        -0.2690260668874825,
        0.44615095846922587,
        0.16625797921225824
      ],
      [
        -0.058615259329309194,
        0.2919686928334685,
        0.2634878973726035,
        -0.16935478417515235,
        0.2700502604903522,
        0.20896507707743464,
        -0.027180445820944296,
        0.4840202863253053
      ],
      [
        0.403308090767177,
        0.13806498133622847,
        -0.17745432722496846,
        -0.022521963718633724,
        0.3163762532120387,
        0.3385831554416637,
        0.3907716082977726,
        0.258539917775784
      ],
      [
        0.18136264712833744,
        -0.3501546684402093,
        -0.4101108499435856,
        0.28271765143006095,
        0.28488459829015317,
        -0.3618089041828338,
        -0.5154524435752453,
        0.11824380847108334
      ],
      [
        -0.5417280271499583,
        -0.37928734001225356,
        0.1689959544853525,
        0.17468614581553626,
        0.13363804113753733,
        -3.965587487322632e-05,
        0.09193638994736031,
        -0.4186482256329078
      ],
      [
        -0.3096343507774921,
        0.10170347204246644,
        0.2497236559471118,
        -0.02743503007985297,
        0.10177090136311541,
        0.2014974981989265,
        -0.2637171996068106,
        -0.3023653696859146
      ],
      [
        -0.025871268791022018,
        -0.1334983913599794,
        0.46971187945193454,
        -0.18395545633065846,
        0.7394609699516229,
        0.12480802359755724,
        0.23926645496023852,
        0.17312354191157558
      ],
      [
        -0.0017561526750618098,
        -0.08564644866161587,
        -0.24012791707039932,
        -0.029693158630744055,
        -0.21133930658228264,
        -0.31621856640568624,
        0.2088153730810567,
        -0.4180392721325993
      ]
    ],
    [
      [
        0.7968810155104358
      ],
      [
        0.6575805896506065
      ],
      [
        -0.2902030886623521
      ],
      [
        -0.2891803832583548
      ],
      [
        1.0821359251198508
      ],
      [
        -0.15858691650967782
      ],
      [
        -0.5509413786277358
      ],
      [
        0.1710952244411369
      ]
    ]
  ],