{
  "trained_at": "2026-05-08T03:53:01.502305",
  "n_samples": 4019,
  "n_features": 6,
  "feature_names": [
    "log1p_days_since_last",
    "n_correct",
    "n_wrong",
    "accuracy",
    "log1p_n_reviews",
    "log1p_days_since_first"
  ],
  "scaler_mean": [
    1.5810421947186017,
    2.602886290121921,
    1.0159243592933564,
    0.7316412541208134,
    1.4104383780895449,
    2.4242492060594394
  ],
  "scaler_std": [
    0.8942503388435187,
    1.6599587885412137,
    1.1974698424758272,
    0.2945381753909974,
    0.49022434164810974,
    1.0387409667618088
  ],
  "weights": [
    [
      [
        -0.2397649833162424,
        0.28766231630222755,
        0.5927362048120739,
        -0.28801896108510017,
        -0.2504601178137476,
        -0.5312695376391939,
        -0.4228638766588491,
        0.36106336176112824,
        0.13217628942414444,
        0.3261036235022171,
        -0.847835130856332,
        0.4543293902615878,
        0.4079765609572989,
        -0.35172495101328544,
        -0.3485409315528539,
        -0.37640140096381064
      ],
      [
        0.08112335929578249,
        0.2859844564977457,
        0.0146211222802488,
        -0.12587422014431407,
        0.19926895067873396,
        -0.4000251107800287,
        -0.21983268351956584,
        -0.1738692938598641,
        -0.21909304445389108,
        0.2096808238476655,
        -0.03751603446989175,
        0.13720597967530032,
        -0.085273070711882,
        -0.5966562172736041,
        0.295891469093731,
        -0.2678174211833899
      ],
      [
        -0.6190870074585483,
        0.38061537027975795,
        0.5681765161839359,
        0.2019255300884149,
        -0.08336492718770601,
        -0.4045870737288477,
        0.09546118316600204,
        0.0075018694935816265,
        -0.2702428804860761,
        0.01833130388218485,
        -0.6060413821275479,
        0.4202969478786658,
        -0.10182090762598861,
        0.3153752161818709,
        -0.1149389117157342,
        0.14321302788559684
      ],
      [
        0.27624038482442365,
        -0.10975159908581117,
        0.4412512307512336,
        0.3462061482994574,
        0.3354432825203164,
        0.30825481512795766,
        0.19082278983396433,
        0.3542112552620797,
        -0.5644063107664544,
        -0.3046306481535067,
        -0.2939286841328327,
        -0.1364223463912234,
        -0.29563761113708087,
        -0.26938076207907125,
        0.31947781291931265,
        -0.05618409743106183
      ],
      [
        -0.13655760693428065,
        0.17968377156388265,
        -0.25685050929117004,
        0.28599738979707473,
        -0.34641214002018894,
        0.45598024969014134,
        0.20077440362089927,
        -0.2594179711325812,
        -0.5248305689457131,
        0.3135012053419063,
        0.3467595217289396,
        0.4802784813214493,
        0.21264920799783293,
        -0.3879553231844812,
        -0.005671923339278308,
        -0.2845554342137286
      ],
      [
        0.4376674683228377,
        0.24399008295559702,
        0.0172253619020319,
        -0.525784818093787,
        -0.11967714884933828,
        -0.27610561105655207,
        0.13623524376867743,
        0.13978894562358696,
        0.305276303101732,
        -0.006092330668879733,
        -0.29607526693778535,
        0.18407454409235305,
        0.16947486397862044,
        0.0003588881148274441,
        0.34749607091410034,
        0.0213387088703297
      ]
    ],
    [
      [
        0.5570441475620298,
        0.42975520638884845,
        0.018315499708448656,
        0.12697179838336586,
        0.5502506671684382,
        -0.5063011621455504,
        0.2860729415841656,
        0.16617176788495486
      ],
      [
        0.2158747761391565,
        0.3316837824058078,
        -0.15256392792397935,
        -0.2117674934658541,
        -0.26564358820141354,
        -0.19141749336242828,
        0.3199961892137469,
        0.18644867413112
      ],
      [
        -0.5875248871295559,
        -0.0625596776431642,
        -0.173027461415045,
        0.1534481857041241,
        -0.6043016204089412,
        -0.0014073060781775776,
        0.3326718830997886,
        -0.3790283282071122
      ],
      [
        0.09681760162234196,
        0.27196923488647057,
        -0.27521862402573777,
        0.5388570352171018,
        0.48112548946291056,
        -0.32191218200865174,
        -0.05859074142976545,
        -0.0879845294092198
      ],
      [
        -0.13677495357419342,
        -0.38463151433596393,
        0.044125990417796475,
        -0.0625023748896267,
        -0.25037011935431164,
        -0.28938487077260067,
        0.33364711949624876,
        -0.1627788823147097
      ],
      [
        -0.17910542719337416,
        0.15969793826281717,
        0.3357326529955694,
        -0.423259973606769,
        0.5266835503241649,
        0.06521966006832806,
        -0.39661172975311937,
        0.39653704113585886
      ],
      [
        0.06132245899570027,
        0.3234116667938515,
        -0.048066434937899284,
        -0.03345149478747052,
        -0.09200924594238123,
        0.1068870073956787,
        -0.2545745548914535,
        -0.0908725807990893
      ],
      [
        -0.4235019295776749,
        0.11448425292073787,
        0.11321656222394336,
        -0.3039976368497881,
        0.07433559602233855,
        -0.18386256453174385,
        0.08911964676383868,
        -0.30144096438310586
      ],
      [
        0.0853785477684291,
        -0.21605760638711316,
        0.5007977701414807,
        -0.26981517403926425,
        -0.0652725694020944,
        -0.14909187861858034,
        0.5060062300981043,
        0.2506521039154415
      ],
      [
        -0.22091728069033248,
        0.20452742412411584,
        0.2620703959768452,
        0.14310530702313667,
        0.10772632693934231,
        -0.12923459012568872,
        -0.4159904161660275,
        0.3093670563252369
      ],
      [
        0.4387808702341785,
        0.17282584332212686,
        -0.21296440316339615,
        -0.15965955718778302,
        0.35154200018943615,
        0.35893642396498104,
        0.39953366955260194,
        0.30417304601762074
      ],
      [
        0.16412947847674234,
        -0.35870855746979363,
        -0.4088941007510774,
        0.517390079926486,
        0.2195738954348397,
        -0.6999150047086747,
        -0.44558289263004686,
        0.10989628079632163
      ],
      [
        -0.511764656633948,
        -0.34044060525808223,
        -0.021355904409997677,
        0.37806644170317144,
        0.1540808767122777,
        -0.035552160688514606,
        0.16838815988964295,
        -0.355314893561471
      ],
      [
        -0.35058866148974005,
        0.07181826267653725,
        0.2665392207168233,
        0.41369609449895195,
        0.09196085064773458,
        0.2510859181416041,
        -0.24015232215022225,
        -0.2998176115091389
      ],
      [
        -0.015287956703545358,
        -0.04045720455737924,
        0.33536760545317656,
        -0.4190371772420038,
        0.7502592522793059,
        -0.06595601874781358,
        0.18997547067569467,
        0.20568215961082698
      ],
      [
        0.07144151981584704,
        -0.011068438022139806,
        -0.3259993586098798,
        0.1585124748964237,
        -0.16759842629281904,
        -0.42278697699480144,
        0.14196050760067913,
        -0.3104957724272378
      ]
    ],
    [
      [
        0.8501986834958248
      ],
      [
        0.6793083552639742
      ],
      [
        -0.3109149248864911
      ],
      [
        -0.33916530941669054
      ],
      [
        0.9466630318701589
      ],
      [
        -0.2434393189016536
      ],
      [
        -0.5270456733677223
      ],
      [
        0.14425002749401425
      ]
    ]
  ],