{
  "trained_at": "2026-07-14T10:41:44.859156",
  "n_samples": 10852,
  "n_features": 6,
  "feature_names": [
    "log1p_days_since_last",
    "n_correct",
    "n_wrong",
    "accuracy",
    "log1p_n_reviews",
    "log1p_days_since_first"
  ],
  "scaler_mean": [
    1.7741544549444435,
    3.999539255436786,
    1.2357169185403611,
    0.7668500019282004,
    1.661775627402035,
    2.8010215446656286
  ],
  "scaler_std": [
    0.9675387772980738,
    2.7639836089181533,
    1.2829166213558632,
    0.24689729650465733,
    0.5900496509618193,
    1.1979205277338079
  ],
  "weights": [
    [
      [
        -0.22993403275587296,
        0.3350765087712406,
        0.6445110269148231,
        -0.18288273334088367,
        -0.29654770591248314,
        -0.17436669285652795,
        -0.4756670359274567,
        0.45002738886719257,
        0.1519367784742743,
        0.021185433807705812,
        -0.8248101387014162,
        0.4658675424870451,
        0.40639804627648357,
        0.04568722096700312,
        -0.12193107764779047,
        -0.16143681971984447
      ],
      [
        -0.08719666143684048,
        0.09407234077936653,
        -0.031188580499211683,
        -0.19376704698106456,
        0.22106569343945678,
        -0.3008652608086887,
        -0.15963877213416455,
        -0.2716291772533022,
        -0.2072777191056187,
        0.44205956594315254,
        -0.15700054074040654,
        0.27670157111163296,
        -0.0477398363764602,
        -0.5039736475295444,
        0.2503060492889027,
        -0.3806934967319716
      ],
      [
        -0.6006135263366348,
        0.5062747391081065,
        0.6093353643452293,
        0.382432369958089,
        -0.06466139137190564,
        -0.3696269414388213,
        0.14429361950708375,
        0.02927460303988139,
        -0.28963045287893546,
        -0.07096747156383014,
        -0.6312771450072937,
        0.23128069643618676,
        -0.027206468089303455,
        -0.07160323016866278,
        -0.2022604857706905,
        0.2173351115835128
      ],
      [
        0.3023436437684329,
        -0.1895468182862791,
        0.23222531655955175,
        0.45383133314775903,
        0.3193181310259805,
        0.454258646037145,
        0.2089773091123261,
        0.3211828175048387,
        -0.41183469120381194,
        -0.19530666284171933,
        -0.38209412040982454,
        0.06357858587499077,
        -0.28733323969711283,
        -0.04386108439891894,
        0.27329573476816926,
        -0.04125203129892048
      ],
      [
        -0.1581088267014016,
        0.15199366138111908,
        -0.2790968314430798,
        0.3882034533265316,
        -0.33478192101421106,
        0.6750108794629749,
        0.2966867184904153,
        -0.2829249372875522,
        -0.558997794479731,
        0.48400670777184773,
        0.29490212891544154,
        0.550609740589692,
        0.19616510848294844,
        -0.4440548442824092,
        -0.06775136696354746,
        -0.3144949816195481
      ],
      [
        0.30590411849512356,
        0.05374267989653122,
        -0.1313611341387261,
        -0.37326929660246505,
        -0.19388009590157154,
        -0.15145674621244196,
        0.03456373389594822,
        0.19260717298309288,
        0.29190594048884755,
        -0.08161366837825491,
        -0.269875210394114,
        0.3736155308822415,
        0.33232468372372714,
        0.008107326156545813,
        0.4188581142476512,
        -0.06941962686995691
      ]
    ],
    [
      [
        0.48433157071307315,
        0.39100860047856834,
        0.012012051799842568,
        -0.028721938841022126,
        0.4660240690113176,
        -0.4281603515707063,
        0.2763021164478239,
        0.09526302291786957
      ],
      [
        0.23686214505177045,
        0.31632500289249943,
        -0.37639286593114313,
        -0.2236258183339248,
        -0.28773782577544926,
        -0.01196014003971711,
        -0.0009882387526330776,
        0.16778164234736923
      ],
      [
        -0.6709645623496303,
        0.07990011909241573,
        -0.18052053897991338,
        0.2552022819729004,
        -0.7309342787583327,
        0.002342209060089168,
        -0.03198910219599404,
        -0.4536590688565143
      ],
      [
        0.23350848928214454,
        0.393773597173841,
        -0.2141056023683377,
        -0.1285001314319253,
        0.6365185963090723,
        -0.06662834276647792,
        -0.018943496527828268,
        0.07884953549482138
      ],
      [
        -0.16284691377684893,
        -0.3954379260296239,
        0.06444489519968441,
        -0.00043514531161948587,
        -0.2953757073500557,
        -0.08439054653755106,
        0.3401730676138563,
        -0.16228377163716484
      ],
      [
        -0.08199841116112054,
        0.2596379355685454,
        0.3134843049210789,
        -0.05509516401049756,
        0.647406685780299,
        -0.11901387468166509,
        -0.42725631177198,
        0.45673652621103666
      ],
      [
        -0.01932963039101044,
        0.223028626736062,
        -0.016017448537307008,
        -0.01925065045787226,
        -0.032332420242229855,
        -0.009373072245470819,
        -0.43062252519150745,
        -0.13638322259609809
      ],
      [
        -0.46784300387171135,
        0.13131025869276705,
        0.031335966417062384,
        0.12120787161252877,
        0.01346626036943507,
        -0.2291236911126354,
        0.04836308392335267,
        -0.38848722778296074
      ],
      [
        0.05424814007411473,
        -0.20577570875838858,
        0.3961894290725465,
        0.12926254173848137,
        -0.1099496817910604,
        -0.2558114989592304,
        0.47648224494281266,
        0.15593052964907558
      ],
      [
        -0.04235733825913645,
        0.2667540199337706,
        0.4156128415943911,
        -0.21469826500848596,
        0.2853953903857227,
        0.14872652624890442,
        -0.003567020097091454,
        0.487346266544243
      ],
      [
        0.45500536860965907,
        0.19089129782804773,
        -0.22037761554215568,
        -0.03532079003647682,
        0.3793011206463414,
        0.2513721910454161,
        0.35186884377511696,
        0.31182684317916276
      ],
      [
        0.19752515834148082,
        -0.3727724051182489,
        -0.48844164672691387,
        0.23048617528849502,
        0.2879594906620592,
        -0.3022656434535457,
        -0.5725226568749476,
        0.11370816236175826
      ],
      [
        -0.5490806083282965,
        -0.4751269985793444,
        0.0005566935104324142,
        0.15429864588689043,
        0.0915343268844009,
        -0.018778570861489857,
        0.023156353089753265,
        -0.44649660799490354
      ],
      [
        -0.3153848977322339,
        0.09384767803370264,
        0.26107579841070805,
        -0.07011160304408504,
        0.10717592615580034,
        0.16242551558221827,
        -0.2532821482639904,
        -0.26477439542837805
      ],
      [
        -0.06303154483726185,
        -0.2868771859684676,
        0.4695466924540514,
        -0.13003758864493792,
        0.6692140816414391,
        0.07704630837920279,
        0.26968465589379753,
        0.1262089006335391
      ],
      [
        0.03521142913926313,
        -0.04712677524581251,
        -0.26784973937068557,
        -0.01358717744301273,
        -0.2169330393417552,
        -0.37388571464340126,
        0.17605844912384971,
        -0.32101548997392526
      ]
    ],
    [
      [
        0.8041335913889249
      ],
      [
        0.6609889636011393
      ],
      [
        -0.32508507950201354
      ],
      [
        -0.2712377162667591
      ],
      [
        1.1138477635312867
      ],
      [
        -0.13617659998140735
      ],
      [
        -0.5298085960025019
      ],
      [
        0.1755373913309218
      ]
    ]
  ],