{
  "trained_at": "2026-07-09T11:53:43.771470",
  "n_samples": 10461,
  "n_features": 6,
  "feature_names": [
    "log1p_days_since_last",
    "n_correct",
    "n_wrong",
    "accuracy",
    "log1p_n_reviews",
    "log1p_days_since_first"
  ],
  "scaler_mean": [
    1.743933751283174,
    3.8604339929261067,
    1.2033266418124462,
    0.7651767546708454,
    1.6395537194447038,
    2.7589500289472304
  ],
  "scaler_std": [
    0.9555105607475914,
    2.635565098196905,
    1.2544738496316854,
    0.2498836417791994,
    0.5801076249751302,
    1.1851041338631327
  ],
  "weights": [
    [
      [
        -0.24719185053486634,
        0.31433706383809806,
        0.3828668756529522,
        -0.1879708006937333,
        -0.3018478451259283,
        -0.21581143381241932,
        -0.5041838252551275,
        0.49151725516912936,
        0.09108760793831107,
        -0.02611818015611194,
        -0.8030795508988986,
        0.39711280667106996,
        0.4611781172047135,
        -0.23873825822138525,
        -0.15699966215683953,
        -0.2491381669719325
      ],
      [
        -0.0593459547104638,
        0.16789448032072965,
        -0.09469584710474063,
        -0.1773288933713554,
        0.21784569937576556,
        -0.21934115678439126,
        -0.16401015031778018,
        -0.28485826683732607,
        -0.17031694447818524,
        0.45585125922435815,
        -0.14179934212493334,
        0.2367936764409157,
        -0.06605639382485208,
        -0.41124087597513936,
        0.24476689654436037,
        -0.32199570326820237
      ],
      [
        -0.6075433243022734,
        0.386171774134943,
        0.5052750144293611,
        0.32387196050574074,
        -0.07686176759416148,
        -0.31760323652411465,
        0.14386378582263626,
        0.05226741368804697,
        -0.30894856578764096,
        -0.10776436475218366,
        -0.5734633914298575,
        0.24064887560466128,
        0.01999408353164026,
        -0.0197155529040678,
        -0.20699517255500804,
        0.14272392124333916
      ],
      [
        0.27632432791615,
        -0.1297025444130129,
        0.46068363711617155,
        0.43236724593326503,
        0.3296262746798931,
        0.4419504472600782,
        0.22797734894794233,
        0.29155662295102225,
        -0.472280020472308,
        -0.19433607508070347,
        -0.33187255695854584,
        0.03312147178861018,
        -0.27518951010137227,
        -0.10702102371203241,
        0.3288374099461331,
        -0.04681808914552019
      ],
      [
        -0.17535765875036965,
        0.1419610486934622,
        -0.35183466156069465,
        0.38521227003339475,
        -0.33636666575287977,
        0.69331121969447,
        0.31865570915798197,
        -0.2789799007807102,
        -0.5358215966970002,
        0.47056971451423685,
        0.30387386495291385,
        0.4612617560244325,
        0.19602928991214075,
        -0.4658942609134929,
        -0.08893698797679915,
        -0.3040105142718266
      ],
      [
        0.3361255162498833,
        0.16384611460861082,
        -0.16771501618712675,
        -0.39506558455404645,
        -0.16497507994519015,
        -0.13625969973287638,
        0.05028837441226482,
        0.17771648832294354,
        0.3348738767923834,
        -0.026806895573257127,
        -0.3254964833147771,
        0.3089481632678399,
        0.26658492610536166,
        0.07136075390782134,
        0.40199354569603574,
        0.011254116598782957
      ]
    ],
    [
      [
        0.5164927389334055,
        0.3952403139355239,
        0.023633677964891145,
        -0.021967507821088125,
        0.4964093825723182,
        -0.5558043423688854,
        0.2659665599883417,
        0.130005871422639
      ],
      [
        0.16567952468202932,
        0.32309640003240836,
        -0.34086788240930543,
        -0.33478020458536567,
        -0.2867243851853077,
        -0.03582093007888503,
        -0.0029099626789550245,
        0.17108002157692517
      ],
      [
        -0.3384479507168157,
        0.17010382243620698,
        -0.1926193613325681,
        -2.0140891029889184e-19,
        -0.16727928613783447,
        -1.4646370866157133e-08,
        0.25682183481073667,
        -0.0342032082967065
      ],
      [
        0.128197215936323,
        0.28820274014073666,
        -0.34154123098194855,
        0.0062410463962283835,
        0.5767534780211465,
        -0.21156903227747492,
        -0.18504172825931614,
        -0.03012379025649739
      ],
      [
        -0.15390459874923426,
        -0.39876857848076686,
        0.06084907878974236,
        -0.0005169516223596291,
        -0.2858965588308881,
        -0.2500782163681702,
        0.34604491847470864,
        -0.17239330657481483
      ],
      [
        -0.1080027721307335,
        0.23165308741095672,
        0.31086939738621383,
        -0.02397245429717007,
        0.6318686727974792,
        -0.11081580921316178,
        -0.42207110269315096,
        0.46520098097420953
      ],
      [
        0.019199351051821793,
        0.2769621341976382,
        -0.015796242868776837,
        0.0014447322432365123,
        0.0440777999227766,
        0.011828698920214514,
        -0.44161244812189177,
        -0.1129188279052445
      ],
      [
        -0.4801722715444166,
        0.09787268001451872,
        0.06914955229243741,
        -0.01796236410691095,
        0.02727927082674783,
        -0.18621956698686845,
        0.045283915336195656,
        -0.3628698419562816
      ],
      [
        0.0667077468339953,
        -0.224861712308773,
        0.43173763596364784,
        -0.0215148169443773,
        -0.10698800587660862,
        -0.21114895818541668,
        0.4876454907255084,
        0.2105276447123577
      ],
      [
        -0.06286252327760129,
        0.3541258500791398,
        0.34375842666683415,
        -0.022944518436214884,
        0.2648816214826108,
        -0.007151855029714021,
        -0.11513869220778276,
        0.514406620645464
      ],
      [
        0.4322037069707341,
        0.16753069139515075,
        -0.2072735499963646,
        -0.07381439663433627,
        0.3451697696417393,
        0.30325006318460046,
        0.36883814451788954,
        0.2969126680850785
      ],
      [
        0.13325215217232222,
        -0.3475298409731678,
        -0.48583879301180394,
        0.23737440387441722,
        0.24185849410325483,
        -0.46602226757575976,
        -0.520626493943018,
        0.12225902957917104
      ],
      [
        -0.6512319896521919,
        -0.3852340169189843,
        0.009392536273821485,
        0.03471621629720133,
        0.06794284993392345,
        -0.004345563553820515,
        0.0911462194595146,
        -0.45473397835578183
      ],
      [
        -0.27468548758922856,
        0.14669477870862693,
        0.21935939983048525,
        0.09074537829021832,
        0.1451197942074878,
        0.17470257511352355,
        -0.3079910100487654,
        -0.22378931497551607
      ],
      [
        -0.05307750251709056,
        -0.07167455199849353,
        0.4414308345600245,
        -0.029803372095454538,
        0.7173510649246816,
        -0.010175402560586536,
        0.18187868072401694,
        0.1662791123610087
      ],
      [
        0.0791271599878251,
        -0.0024916190648491834,
        -0.3128799199906679,
        0.0427089465850471,
        -0.1679061549909231,
        -0.41616391723222945,
        0.1359345789175991,
        -0.29491964595530723
      ]
    ],
    [
      [
        0.7826224366742692
      ],
      [
        0.6697519209177335
      ],
      [
        -0.30668479145166144
      ],
      [
        -0.09205722621846785
      ],
      [
        1.0082557138624595
      ],
      [
        -0.16909066233223086
      ],
      [
        -0.5333321944048265
      ],
      [
        0.1509422343955384
      ]
    ]
  ],