{
  "trained_at": "2026-04-02T15:59:31.508241",
  "n_samples": 1302,
  "n_features": 6,
  "feature_names": [
    "log1p_days_since_last",
    "n_correct",
    "n_wrong",
    "accuracy",
    "log1p_n_reviews",
    "log1p_days_since_first"
  ],
  "scaler_mean": [
    1.394039076968095,
    1.7596006144393241,
    0.8394777265745008,
    0.6926696660567623,
    1.1896973412154446,
    2.014537053989573
  ],
  "scaler_std": [
    0.7641487131598236,
    1.191287816091345,
    1.0993123268906915,
    0.3472029345983293,
    0.4169618997382585,
    0.8939842885817352
  ],
  "weights": [
    [
      [
        -0.2410750788697174,
        0.5058414800311255,
        0.21599226825131623,
        -0.1261963620686863,
        -0.30838035291903937,
        -0.34421928888315595,
        -0.29561890522520645,
        0.335990660213361,
        0.12147346338462568,
        0.12365474100390862,
        -0.7086544955510421,
        0.39996780314936836,
        0.41362065138861687,
        -0.07723517904963598,
        -0.3126589954834151,
        -0.29886600419154247
      ],
      [
        0.03096947732900537,
        0.2926513011988302,
        -0.04272903434969882,
        -0.15847264639442757,
        0.14249237463824882,
        -0.5376647035143072,
        -0.46382220272397556,
        -0.17485024680147912,
        -0.09665514813012557,
        0.5911028602090331,
        -0.049770810413642605,
        0.12645626189220688,
        -0.0033926442138343432,
        -0.6238465198981341,
        0.0729935788438584,
        -0.2645269739551683
      ],
      [
        -0.6067907659585298,
        0.27072338173533694,
        0.6020646301715096,
        0.24712071834572208,
        -0.1267993756306174,
        -0.3716109732639079,
        0.298868266141333,
        -0.004044309073632238,
        -0.2831649752091473,
        -0.17427797796569938,
        -0.5819144527880744,
        0.41835254785583154,
        -0.17049998895202692,
        0.034646567396387336,
        -0.14054814576869198,
        -0.07472262042291372
      ],
      [
        0.2142083164183353,
        -0.10913315174729023,
        0.41648561180140314,
        0.3731916135650323,
        0.38023426070121275,
        0.3661599527418673,
        0.001403361058094347,
        0.3599404131057639,
        -0.5968605098925518,
        -0.08678509898249853,
        -0.29817748288995033,
        -0.028847435911807367,
        -0.18145859985310078,
        -0.24265301037548898,
        0.2935258844698887,
        -0.04602262046439042
      ],
      [
        -0.23825813722573935,
        0.16936363627349205,
        -0.2979138879988555,
        0.34209709087201345,
        -0.3916246496835745,
        0.46254930009084577,
        0.31454524330798495,
        -0.2559134259523416,
        -0.45698764620463644,
        0.4281359945964204,
        0.38958910716962575,
        0.4344050991291821,
        0.18349856901091469,
        -0.6108774176163947,
        -0.10046918325406202,
        -0.41505117313668555
      ],
      [
        0.33047091475723506,
        0.3171011771797843,
        -0.07381380947099357,
        -0.554257090967785,
        -0.1907725151616032,
        -0.2125352830852173,
        0.3549883216445975,
        0.14794087992586072,
        0.39206881498621166,
        -0.02756657466752805,
        -0.4108579668436344,
        0.24146495824247577,
        0.26245295427071197,
        -0.015128383787892715,
        0.27706378915183805,
        -0.042008590531472136
      ]
    ],
    [
      [
        0.5301946967337405,
        0.41178502862041616,
        0.02051448557965151,
        0.1135008861233431,
        0.5294794809395449,
        -0.42677643255416386,
        0.31544720608059174,
        0.15135564977294177
      ],
      [
        0.16148419839767567,
        0.2702392981166979,
        -0.17024106725122007,
        -0.4350306924779083,
        -0.28557221615014255,
        -0.10498387990432186,
        0.592235695828147,
        0.21216994593996122
      ],
      [
        -0.4359128005313309,
        0.12023813958304753,
        -0.09962632867377073,
        -0.5342319279091969,
        0.1612666646484209,
        -0.017485711327869777,
        0.4393518090062832,
        -0.07012073702329184
      ],
      [
        0.11495282441636864,
        0.3063665933080315,
        -0.34717020806553583,
        0.5842929567914273,
        0.7537011809539372,
        -0.5231873686097381,
        -0.21761721734028164,
        -0.040279688103472995
      ],
      [
        -0.17042756783859778,
        -0.42049689245593974,
        0.06660841267404823,
        -0.010796763165682373,
        -0.3815172226862112,
        -0.28983296034967615,
        0.3653741630242107,
        -0.21476676875575318
      ],
      [
        -0.17964540039119758,
        0.1725752377747839,
        0.3262970762856763,
        -0.2245390214366951,
        0.5444551819729608,
        0.0851417049912443,
        -0.40867263997816555,
        0.4332885234331648
      ],
      [
        -0.2662912518667145,
        0.017452273302643675,
        0.07394675958620722,
        0.14104033783011724,
        -0.14067915171812428,
        0.19585687600805438,
        -0.2139068130104907,
        -0.40508128742504085
      ],
      [
        -0.38945051418962706,
        0.16183813782123502,
        0.10438770737573895,
        -0.36077267450860284,
        0.09100861309300073,
        -0.2762965477708139,
        0.07752005257855896,
        -0.2441152405653752
      ],
      [
        0.10407221413125585,
        -0.2134866103643693,
        0.48140556818487323,
        -0.4534046755687279,
        -0.1599857396160714,
        -0.18392719071114594,
        0.5135013608541854,
        0.26103073676923705
      ],
      [
        0.06290096038242689,
        0.5153042651281279,
        0.11913032587639763,
        -0.24542655978103775,
        0.2959444418172183,
        -0.39353989671872647,
        -0.2890850020120888,
        0.703044627487469
      ],
      [
        0.4218983480708819,
        0.15724933051088452,
        -0.18318593846725,
        -0.1958257423932724,
        0.34199265108362137,
        0.3704219814348576,
        0.4026575443957635,
        0.2991780388568063
      ],
      [
        0.07654047797042379,
        -0.45650072038222556,
        -0.4239084902565311,
        0.33161368335291636,
        0.14545062085068966,
        -0.5473057749141057,
        -0.21821297995316177,
        0.10581052932366507
      ],
      [
        -0.49517304762312564,
        -0.33856235466501705,
        0.00855297080902826,
        0.1199792416582375,
        0.04409449780960077,
        -0.2158301261437972,
        0.2709689367545468,
        -0.2701485230294878
      ],
      [
        -0.3502444719762191,
        0.06375053658582762,
        0.3244194261850808,
        0.1876996258303793,
        0.1554248383369994,
        0.22580761892278498,
        -0.19855098236227822,
        -0.320487281738832
      ],
      [
        -0.11561829114199344,
        -0.13251372566775793,
        0.37159547242088964,
        -0.16398682078072782,
        0.6687760754104496,
        0.035215587661700444,
        0.21242160540764307,
        0.1254104120945524
      ],
      [
        0.010241136540496456,
        -0.07736485401189225,
        -0.23737233985346834,
        0.135158335535523,
        -0.23811803747201815,
        -0.3894528124637843,
        0.2196799609311575,
        -0.38761368204023494
      ]
    ],
    [
      [
        0.7825689368397591
      ],
      [
        0.7495858330598285
      ],
      [
        -0.2727132675084801
      ],
      [
        -0.39598738030724917
      ],
      [
        0.9574637526339185
      ],
      [
        -0.16349047257189211
      ],
      [
        -0.5461476229179709
      ],
      [
        0.21053946324465864
      ]
    ]
  ],