{
  "trained_at": "2026-04-13T03:00:21.418102",
  "n_samples": 1948,
  "n_features": 6,
  "feature_names": [
    "log1p_days_since_last",
    "n_correct",
    "n_wrong",
    "accuracy",
    "log1p_n_reviews",
    "log1p_days_since_first"
  ],
  "scaler_mean": [
    1.4086503970809807,
    1.8660164271047228,
    0.8172484599589322,
    0.7027516787912076,
    1.2154502524145245,
    2.047162341495011
  ],
  "scaler_std": [
    0.7945356526820995,
    1.243469653838659,
    1.0434454782059077,
    0.33872136280779297,
    0.41382805881358076,
    0.917054590127165
  ],
  "weights": [
    [
      [
        -0.25939771484734975,
        0.5433233535811316,
        0.2215750061278271,
        -0.13601244229232357,
        -0.2547691343943784,
        -0.38226461056840205,
        -0.41105402378971395,
        0.3565833241051325,
        0.1780999594829684,
        0.008117063647519206,
        -0.7496428463913406,
        0.35019721172246565,
        0.3516051305870219,
        -0.15215554787132862,
        -0.3236784259787308,
        -0.3335427880589926
      ],
      [
        -0.01790978032678148,
        0.22488228633103038,
        -0.07921300487574802,
        -0.16167163560240352,
        0.16339675734265302,
        -0.4472516538177509,
        -0.3052661355885467,
        -0.22297655039996944,
        -0.14684750778346706,
        0.6302705592846162,
        -0.037354652435316715,
        0.19156029356978826,
        -0.014554305723482926,
        -0.5702634865390535,
        0.14927474321798495,
        -0.25429891908967134
      ],
      [
        -0.5978719833846227,
        0.2630291637470614,
        0.6585896547915358,
        0.2252127230807715,
        -0.12308908941803319,
        -0.40893318122070776,
        0.1256250148349935,
        0.0005136272185316267,
        -0.2827430024695569,
        -0.1766920860264438,
        -0.5858703081637097,
        0.38188951558761675,
        -0.1742272624105703,
        0.03204402159591393,
        -0.15222434340359536,
        -0.06676209501205736
      ],
      [
        0.2035523515926683,
        -0.1162978782742689,
        0.3940338442617723,
        0.3862355188932186,
        0.37704630831811303,
        0.41301024045195966,
        0.14130737064660914,
        0.3538979791965204,
        -0.5905666810252073,
        -0.0665550598046313,
        -0.2656620713612122,
        -0.029867769183621527,
        -0.14744281972158174,
        -0.18686632524517036,
        0.312467979148255,
        -0.02045253020425292
      ],
      [
        -0.23557466922701048,
        0.11112782797651123,
        -0.2715887791560296,
        0.2847233633391932,
        -0.3806946647076376,
        0.4752822281776409,
        0.16179558100462502,
        -0.2692034156192454,
        -0.4747023012186013,
        0.4297698673582262,
        0.40997629067203045,
        0.47411934346350526,
        0.17645185157920418,
        -0.568471094036928,
        -0.09581630575783304,
        -0.37408980179806944
      ],
      [
        0.3480438614986078,
        0.2717762316773559,
        -0.03527229178928383,
        -0.5449201998065502,
        -0.14772465536889265,
        -0.18610806976324,
        0.17071697070169,
        0.10559225129446148,
        0.3667093024002772,
        -0.006703486455913624,
        -0.3533070586172571,
        0.24016439306403298,
        0.2861934745699282,
        -0.038648587140453855,
        0.2749550485713208,
        0.011280751897222262
      ]
    ],
    [
      [
        0.5238994291011057,
        0.4042679039397004,
        0.048802522595455,
        0.13174090020127718,
        0.5066674708527246,
        -0.451111572167564,
        0.3170037126024685,
        0.143704267554041
      ],
      [
        0.13944338886431779,
        0.24178606107183476,
        -0.0745990119400088,
        -0.31916944134592967,
        -0.2194061480973465,
        -0.06678784581711839,
        0.5958694771025592,
        0.18332859581859343
      ],
      [
        -0.4894384104248422,
        0.057415149780575984,
        -0.10412167262450367,
        -0.23821026555387392,
        -0.3689414368348264,
        -0.04317088090588425,
        0.38121484521154897,
        -0.17143514927731934
      ],
      [
        0.1070675746892901,
        0.2887811306414428,
        -0.3318141071132158,
        0.5110797657486139,
        0.6527345581859407,
        -0.4643844356093723,
        -0.1970170798166316,
        -0.08504017742241576
      ],
      [
        -0.15141256750453164,
        -0.3982177847750658,
        0.05130723752520393,
        -0.1768316474543216,
        -0.28723098195953717,
        -0.29320190929876405,
        0.34693034421610314,
        -0.18347067464457928
      ],
      [
        -0.1834747028733136,
        0.16740047852953388,
        0.33175135157227065,
        -0.38507884834183487,
        0.5765394635540761,
        0.09770098077685845,
        -0.4023467926416287,
        0.4210075967736865
      ],
      [
        -0.06316135893670476,
        0.21549354533869416,
        -0.002041321539909648,
        0.08308370263928921,
        -0.16393005644904285,
        0.17407511905464654,
        -0.44503605032429716,
        -0.22762241921763138
      ],
      [
        -0.4008812407680217,
        0.14767449607439542,
        0.1284877442255274,
        -0.4055487423155104,
        0.08325339973988978,
        -0.295188204850332,
        0.09259328936586891,
        -0.2600742382209168
      ],
      [
        0.12499619590036107,
        -0.18500954564633856,
        0.4920737740220694,
        -0.3429300169100525,
        -0.1245247967378687,
        -0.16769480863363903,
        0.5149961316413345,
        0.2887529964318126
      ],
      [
        0.05550982575984964,
        0.5118909033932558,
        0.30268625694869195,
        -0.21649269548984112,
        0.47519826286817823,
        -0.22516682483377554,
        -0.3156407663035575,
        0.6741869347661137
      ],
      [
        0.4362824249448239,
        0.1722254899495541,
        -0.18925174154465652,
        -0.12453458802464822,
        0.35084732109357525,
        0.35160763799114214,
        0.4046841755343306,
        0.312146675794333
      ],
      [
        0.08854980330758956,
        -0.4430389503817471,
        -0.3935258401418819,
        0.41924085357797375,
        0.245937797902295,
        -0.5198724014811043,
        -0.2378729322229015,
        0.10331025929880618
      ],
      [
        -0.44223793407418094,
        -0.2653094795048786,
        0.06663218435194919,
        0.14642278256526955,
        0.20247546134469208,
        -0.22607427498751068,
        0.25903582117901514,
        -0.21091506829872617
      ],
      [
        -0.3174986408709598,
        0.09703181899631755,
        0.2958044555080313,
        0.36538069164316384,
        0.14201738199131958,
        0.18722376768030116,
        -0.2421216083989459,
        -0.2826302369025683
      ],
      [
        -0.11984097309799326,
        -0.14100630446507445,
        0.3831211027546667,
        -0.2196571724902188,
        0.6287931350350207,
        0.033162950259663926,
        0.22500665211278506,
        0.11596977866475963
      ],
      [
        0.06935323827441786,
        -0.014826780109686384,
        -0.29898099575017445,
        0.23332641227275813,
        -0.18506806199059536,
        -0.4546419984094793,
        0.1581043036919112,
        -0.3241211691997916
      ]
    ],
    [
      [
        0.7438002649902823
      ],
      [
        0.7008910379262013
      ],
      [
        -0.2908310439868178
      ],
      [
        -0.3029876115877568
      ],
      [
        1.010230296144987
      ],
      [
        -0.192477723437304
      ],
      [
        -0.5582013349180754
      ],
      [
        0.16274027261500404
      ]
    ]
  ],