{
  "trained_at": "2026-03-22T03:57:34.202988",
  "n_samples": 564,
  "n_features": 6,
  "feature_names": [
    "log1p_days_since_last",
    "n_correct",
    "n_wrong",
    "accuracy",
    "log1p_n_reviews",
    "log1p_days_since_first"
  ],
  "scaler_mean": [
    1.395517201506936,
    1.4804964539007093,
    0.6595744680851063,
    0.7013635596082402,
    1.0763751089863784,
    1.7959891650697108
  ],
  "scaler_std": [
    0.6171780543295255,
    1.0774818464457065,
    0.8677008605859511,
    0.3720266297698375,
    0.36235090513826834,
    0.7152280906293093
  ],
  "weights": [
    [
      [
        -0.38731880485054954,
        0.504698687986847,
        0.2710719464701331,
        -0.15624455469835596,
        -0.25378493352410525,
        -0.34417419179153375,
        -0.1713038103569085,
        0.42627351109362566,
        0.1801352889002354,
        0.0757565927094033,
        -0.7338674151309907,
        0.4131109814156402,
        0.38549277574303176,
        -0.22955893984387382,
        -0.2768215374023993,
        -0.4085620636666721
      ],
      [
        -0.11202841446647586,
        0.1896944313704197,
        -0.049476629040929906,
        0.017554644666151205,
        0.12657914549343918,
        -0.42359570219921044,
        -0.45426123910214017,
        -0.22333776650978457,
        0.1285569820645673,
        0.49408542092908186,
        -0.026536191472860463,
        0.1624792946579839,
        0.002564761757964881,
        -0.6255584746926934,
        -0.02031307381574308,
        -0.31001446515233133
      ],
      [
        -0.5670957045340977,
        0.33326025484015703,
        0.4298835176644242,
        0.34212976870070705,
        -0.12321500838925621,
        -0.29805470065266865,
        0.44809748657885484,
        0.02503260101965087,
        -0.36103688142045903,
        -0.20376347078426357,
        -0.5084382493939477,
        0.37425641349260524,
        -0.23544943413792552,
        0.2809067267503126,
        -0.14919880119661005,
        -0.016435266374125027
      ],
      [
        0.1794841635758674,
        -0.15461363090942956,
        0.487489621569281,
        0.41329035131788033,
        0.37969346010398974,
        0.3610583553185814,
        -0.1634570904672157,
        0.339548582837811,
        -0.45027852551793873,
        0.002520403264602255,
        -0.3157275326957917,
        -0.09410590564351254,
        -0.18890648578322164,
        -0.3525585315689991,
        0.2958110693483334,
        -0.19004580084134073
      ],
      [
        -0.31070259435523473,
        0.16970405750372874,
        -0.382171580979512,
        0.5555989908357171,
        -0.3819490106694751,
        0.6479193314365407,
        0.19049797349151962,
        -0.23091219845211886,
        -0.39756983597555445,
        0.461661389258948,
        0.5765564764924223,
        0.43030117288450226,
        0.15249301244753471,
        -0.4883047084630892,
        -0.1297279661829031,
        -0.4209497326774507
      ],
      [
        0.36681386029345525,
        0.17804244477776957,
        -0.07471346067581784,
        -0.5147716056849563,
        -0.1203811368607588,
        -0.06944243621215362,
        0.2889865541238651,
        0.25119796813383816,
        0.44617689878562167,
        0.23018748848361548,
        -0.3889917137616816,
        0.31101326941263474,
        0.21317293928099465,
        0.11927839370859684,
        0.32794155420224386,
        -0.05937187893501566
      ]
    ],
    [
      [
        0.5527356710771174,
        0.4335669821514799,
        0.024731749206369877,
        0.34883890204700796,
        0.5576422302373817,
        -0.35979442744861995,
        0.28082151267162336,
        0.18399209933608968
      ],
      [
        0.11993660403722733,
        0.2485605618904188,
        -0.12808075728811197,
        -0.2906768392026635,
        -0.3106269011923366,
        -0.11890047667783538,
        0.4991433525703806,
        0.15377780508736183
      ],
      [
        -0.4826024777206465,
        0.007559812582710002,
        -0.05626276280713682,
        -0.31653245796085633,
        -0.43928716460034567,
        -0.00021698182212141978,
        0.4511505900618465,
        -0.16359758482886333
      ],
      [
        0.3225687619611887,
        0.5408416626782617,
        -0.4457647664479394,
        0.18015951206273334,
        0.801892129540843,
        -0.5676829491906031,
        -0.18838633078704387,
        0.17183818608922433
      ],
      [
        -0.1483278868425584,
        -0.3939072992593303,
        0.04914851357584391,
        0.018931256627713965,
        -0.33375192989729496,
        -0.2703381739849072,
        0.34355041925623286,
        -0.18397004255285151
      ],
      [
        -0.2280569590590663,
        0.1174842783542959,
        0.38497957692469026,
        -0.4831528413448764,
        0.46329087782054035,
        0.176644897604278,
        -0.35313523558002274,
        0.3779578973660339
      ],
      [
        -0.2622372696203922,
        0.024917509825922397,
        0.046576906417637474,
        0.19399243912810135,
        -0.4556344352651551,
        0.20802427129220402,
        -0.16455100565338632,
        -0.49677608499176973
      ],
      [
        -0.4082610397420602,
        0.15796668193621904,
        0.12723638814688323,
        -0.564343001324036,
        0.1538685799696997,
        -0.29982007003281,
        0.08140690832954789,
        -0.27226281489335524
      ],
      [
        0.18242302473950966,
        -0.09994488478880417,
        0.44325184190339556,
        -0.2729557851671244,
        0.0014723650248355744,
        -0.31795306887541225,
        0.3818863090283453,
        0.3273611278627981
      ],
      [
        -0.05728513218845105,
        0.35892864808868263,
        0.24149006770929674,
        -0.059473356634556655,
        0.23696421386551617,
        -0.30500808427807474,
        -0.7757519952051153,
        0.5741559429510918
      ],
      [
        0.46397224583656493,
        0.18992999581883382,
        -0.18235945238228585,
        -0.06250827037456114,
        0.3163265933852976,
        0.39707912541087653,
        0.41298931324855653,
        0.36279816519919295
      ],
      [
        0.0835004754001679,
        -0.4327871690905225,
        -0.3790221006066807,
        0.3959324059858503,
        0.2764335781157432,
        -0.5897583540955831,
        -0.2990043795105264,
        0.10857403743365489
      ],
      [
        -0.48298852444352264,
        -0.2990431685437874,
        0.04739943143937526,
        0.1672924333511375,
        0.11877267266983807,
        -0.29029712621342135,
        0.2129068630549403,
        -0.2628682158654689
      ],
      [
        -0.3082204426974972,
        0.10793335385272178,
        0.2783027052256163,
        0.4897370632253595,
        -0.009253559595774207,
        0.18228299233325365,
        -0.2837584335925711,
        -0.2896876489992386
      ],
      [
        -0.10028393136700127,
        -0.12349337991177918,
        0.36677200531535353,
        -0.1715854323599823,
        0.644495666444958,
        0.05173200714327364,
        0.20641692340213785,
        0.15578011265799885
      ],
      [
        -0.024640427934215205,
        -0.12451855038817364,
        -0.20067544864086898,
        0.3720028912668001,
        -0.3734880558478744,
        -0.35408758430142684,
        0.24827373753516888,
        -0.43406163339939474
      ]
    ],
    [
      [
        0.8747734305054138
      ],
      [
        0.7419600830616944
      ],
      [
        -0.2713546442962166
      ],
      [
        -0.32286228036955456
      ],
      [
        1.0631450438112569
      ],
      [
        -0.23002182280842629
      ],
      [
        -0.5044250092446921
      ],
      [
        0.21242504736110845
      ]
    ]
  ],