{
  "trained_at": "2026-06-08T06:33:25.274653",
  "n_samples": 7466,
  "n_features": 6,
  "feature_names": [
    "log1p_days_since_last",
    "n_correct",
    "n_wrong",
    "accuracy",
    "log1p_n_reviews",
    "log1p_days_since_first"
  ],
  "scaler_mean": [
    1.6540268886981955,
    3.4414679882132333,
    1.177739083846772,
    0.7504684508201589,
    1.5701009520483904,
    2.641116753134074
  ],
  "scaler_std": [
    0.922700907647978,
    2.365223799247427,
    1.2713296833001413,
    0.2653808253446257,
    0.5634685871570639,
    1.147046124384535
  ],
  "weights": [
    [
      [
        -0.22535186890347308,
        0.36306612763630197,
        0.6602596160863463,
        -0.20968717572945175,
        -0.3445658102860133,
        -0.3627539595288374,
        -0.4267128826272481,
        0.39720699429122514,
        0.1705002785590135,
        0.04047927847910185,
        -0.8482980549203779,
        0.4724820954788907,
        0.36757388444857,
        -0.3080762594262102,
        -0.14617058992991266,
        -0.20413527304704798
      ],
      [
        -0.038241348820672455,
        0.13794678691748885,
        -0.09121269433537728,
        -0.1413322493903065,
        0.19652457479126048,
        -0.20793487171699368,
        -0.1752986408302067,
        -0.2248693115280323,
        -0.20932187395832708,
        0.436022230758336,
        -0.14383177483603532,
        0.33689916139744086,
        -0.08374590719337367,
        -0.4422526186669851,
        0.15961575001551068,
        -0.3468857707497011
      ],
      [
        -0.6163528490110729,
        0.39441508424905036,
        0.6024932840468267,
        0.2956680899118521,
        -0.07568745086849572,
        -0.3121364239094055,
        0.15506653974687534,
        0.06255695510531031,
        -0.2836820210324747,
        -0.0362134137918187,
        -0.5980597321518735,
        0.2707819355602642,
        -0.03742205420631932,
        -0.07848750889104368,
        -0.19938024734944357,
        0.16076446034655958
      ],
      [
        0.24214014286164023,
        -0.19894826395130444,
        0.28090598859649085,
        0.48949015270416446,
        0.3348479558895946,
        0.38923020055121527,
        0.13647871038510526,
        0.3045812632975403,
        -0.5320867829957316,
        -0.15097490449585405,
        -0.3268307773668477,
        0.012804743225864145,
        -0.27303454196037563,
        -0.07076843951554751,
        0.3329940748562838,
        -0.0791437885678735
      ],
      [
        -0.17388286834745947,
        0.12326289257810791,
        -0.2806785366207641,
        0.3692535304501379,
        -0.36109145968206424,
        0.7121493124015202,
        0.2594299231386035,
        -0.2463723450993212,
        -0.554793168586051,
        0.40552011972683416,
        0.30891970297017757,
        0.5427835162721792,
        0.19581653177548125,
        -0.5160547674870267,
        -0.13910601029333525,
        -0.3293438183266049
      ],
      [
        0.37553238154330254,
        0.1419517277844715,
        -0.09105687709747716,
        -0.37870757667465427,
        -0.17687539156251514,
        -0.2056413794426672,
        0.09660339045672946,
        0.16607562614503688,
        0.2768331345366185,
        -0.07690508703549975,
        -0.32822501473239823,
        0.34710128767875914,
        0.2383585383558008,
        0.0112076879690636,
        0.2956342113449389,
        0.048554578963472594
      ]
    ],
    [
      [
        0.5401969147268629,
        0.4219121419757501,
        -0.01189710980176683,
        -0.04917286318736678,
        0.5234577414808175,
        -0.5447339957266141,
        0.2395162023652926,
        0.15342814023064016
      ],
      [
        0.21230022436043922,
        0.31117147930077294,
        -0.3602057801777633,
        -0.36158111078715716,
        -0.2668404104487649,
        -0.14705458381934225,
        0.12861401157996757,
        0.14483139873338055
      ],
      [
        -0.6612984622836031,
        -0.04355093020775749,
        -0.25155037527430024,
        -0.00037566896627573554,
        -0.5836900524657217,
        -3.6250950019600213e-09,
        0.15704926841438727,
        -0.5393207985610146
      ],
      [
        0.1421766277036137,
        0.2975710488543525,
        -0.2557251865701662,
        0.01366843824908442,
        0.5873794566215819,
        -0.29324676012582584,
        -0.32319398038238106,
        -0.017993280779257242
      ],
      [
        -0.18797537807191336,
        -0.4308216172202959,
        0.08716681955134774,
        -0.0010504319745288154,
        -0.3506837673120636,
        -0.25161592876674865,
        0.3755494654219638,
        -0.2053516588616511
      ],
      [
        -0.13410036265805203,
        0.2065060285331344,
        0.3455458319337045,
        -0.029624772120895745,
        0.6114735898316651,
        -0.08629640250110462,
        -0.40040302719877596,
        0.43573347747434255
      ],
      [
        -0.03611334749102658,
        0.22230482571371574,
        0.046814666110698525,
        0.001552519546062573,
        -0.06569733068688567,
        0.018420542042756526,
        -0.3659462414400695,
        -0.17249147358528605
      ],
      [
        -0.4154528033336422,
        0.1426543172743187,
        0.04779332239945826,
        -0.023927175521707793,
        0.07330477412504346,
        -0.2069206619357645,
        0.03421545276827725,
        -0.3263133054304673
      ],
      [
        0.07520122952513764,
        -0.22331293184353312,
        0.466740398844393,
        -0.03644969508519367,
        -0.12022989388243664,
        -0.1859052963010867,
        0.5164703602926969,
        0.21422315949837048
      ],
      [
        -0.1240648550138628,
        0.2786888965001759,
        0.43376556630313573,
        -0.04235649498641085,
        0.26082581582481684,
        -0.07849056952519129,
        -0.1986224338293186,
        0.43288512022844033
      ],
      [
        0.4478436191834586,
        0.18451276514017423,
        -0.21172130549038273,
        -0.08004298471818645,
        0.3961949930766883,
        0.2807498339698836,
        0.3634904645168332,
        0.3132474578357096
      ],
      [
        0.16365553211487863,
        -0.37499016362583903,
        -0.46055116066806845,
        0.22035176251748848,
        0.2798370011091235,
        -0.6536092720473503,
        -0.5062971297199381,
        0.08010187318927196
      ],
      [
        -0.5201361895443204,
        -0.36691040460541713,
        -0.05281576729255794,
        0.028142339029273364,
        0.17105681614328644,
        -0.007412403422173148,
        0.10386890049712437,
        -0.42625384357146295
      ],
      [
        -0.28720086691695135,
        0.13259899420493615,
        0.23456800304494757,
        0.11156559878904945,
        0.1484587424457282,
        0.16306393499696847,
        -0.3041003350050041,
        -0.23794298979126105
      ],
      [
        -0.10928409139132476,
        -0.14950581224989992,
        0.33391866875627624,
        -0.043292272054481246,
        0.6254939197299995,
        -0.0018421436920382783,
        0.10248199970358424,
        0.10675749540003955
      ],
      [
        0.044176227920540705,
        -0.035566364108417216,
        -0.28581357238768157,
        0.05088382044534854,
        -0.18392530338193203,
        -0.4029757891085909,
        0.15254077637490684,
        -0.3270742534216555
      ]
    ],
    [
      [
        0.80874465119278
      ],
      [
        0.68159728677772
      ],
      [
        -0.31411021658080646
      ],
      [
        -0.08187785636988353
      ],
      [
        1.0927675884992691
      ],
      [
        -0.14878004677214823
      ],
      [
        -0.5347722268580587
      ],
      [
        0.14813078932020374
      ]
    ]
  ],