{
  "trained_at": "2026-06-25T10:05:01.795041",
  "n_samples": 9360,
  "n_features": 6,
  "feature_names": [
    "log1p_days_since_last",
    "n_correct",
    "n_wrong",
    "accuracy",
    "log1p_n_reviews",
    "log1p_days_since_first"
  ],
  "scaler_mean": [
    1.701642847694316,
    3.7113247863247865,
    1.195940170940171,
    0.7578997866017563,
    1.6140169886836124,
    2.7070829538856898
  ],
  "scaler_std": [
    0.9462380398066101,
    2.5703353644936406,
    1.2528875079319057,
    0.256606590907629,
    0.5767714963196938,
    1.1819961680710067
  ],
  "weights": [
    [
      [
        -0.19723256884132778,
        0.27339742382765647,
        0.5514565993039005,
        -0.1831359630295737,
        -0.29013513979932914,
        -0.23246577632609047,
        -0.6608313663341647,
        0.49055845269678783,
        0.0032232213457696135,
        -0.004287645923661343,
        -0.7376478692526386,
        0.42836795446463655,
        0.45097606971742393,
        -0.29909197636286583,
        -0.2611786679319441,
        -0.2594588994021518
      ],
      [
        0.025995282144335996,
        0.1228410137835221,
        -0.02209306616689854,
        -0.15209809024415735,
        0.21142055483615782,
        -0.25590098521619575,
        -0.16643470225026238,
        -0.29575431483414943,
        -0.15662165617331192,
        0.46109650927830975,
        -0.18169860436837384,
        0.3763433306025571,
        -0.0720615976612615,
        -0.4383107933739194,
        0.11774154458413176,
        -0.34607430508945575
      ],
      [
        -0.5646286703239931,
        0.4637591347849126,
        0.5464512390350348,
        0.33709169738059014,
        -0.08101156179659193,
        -0.330317286935551,
        -0.012854533294948364,
        0.05266662012946282,
        -0.2905160078298489,
        -0.058616223229938806,
        -0.5799123867324744,
        0.24730522920710454,
        -0.011823308955234703,
        -0.02507168319695566,
        -0.1801193916839189,
        0.15802643436535813
      ],
      [
        0.24578171923771022,
        -0.20660443946484186,
        0.41455183400849116,
        0.487377500604078,
        0.33232443690685204,
        0.43905044606944854,
        0.014368811589890602,
        0.30001694087491027,
        -0.5158168227869802,
        -0.1845719097244585,
        -0.3192428675709785,
        0.1080990205147501,
        -0.28870113395422736,
        -0.10395766495888761,
        0.2888088524333476,
        -0.08658798849748688
      ],
      [
        -0.10862037205346999,
        0.14941074429054052,
        -0.2749697643962799,
        0.39302214613799114,
        -0.3413357693606883,
        0.6670168188006983,
        0.13620022072995588,
        -0.27341010985941483,
        -0.5217110445504346,
        0.4575153037540097,
        0.2677710950023402,
        0.5243637548948147,
        0.19980822930325057,
        -0.47720150708901604,
        -0.1009085584215563,
        -0.3190413810571807
      ],
      [
        0.4020147484013482,
        0.1418400696010239,
        -0.07678944757316702,
        -0.40786911825761263,
        -0.15139633197923558,
        -0.20086254252367403,
        0.009047159240466698,
        0.17800715713273388,
        0.30349947413135336,
        -0.030867568396080756,
        -0.3432090441579084,
        0.37028612901961394,
        0.25194859530341984,
        0.04179747572599618,
        0.26538344861119245,
        0.002639522822339014
      ]
    ],
    [
      [
        0.5142280408954899,
        0.39591366241100456,
        0.008115014710562585,
        -0.058011303284710415,
        0.5098315491633196,
        -0.5353305718574496,
        0.29547031062440193,
        0.12531794149338402
      ],
      [
        0.19903431616163622,
        0.29905036062089374,
        -0.360302843497469,
        -0.38329033787679645,
        -0.3098284953840116,
        -0.02261242242531957,
        0.027237488103209452,
        0.18301426909636637
      ],
      [
        -0.4455451305020846,
        0.08847746944493855,
        -0.24971519483628937,
        0.061832124812491306,
        -0.29285789030318926,
        -6.549404348838915e-06,
        0.23144136439121843,
        -0.24614746425093584
      ],
      [
        0.18350111826102736,
        0.3512711811966053,
        -0.3236015573581111,
        0.007424827685467788,
        0.6588067044687806,
        -0.2983233955486315,
        -0.324869228227692,
        0.008428807000644276
      ],
      [
        -0.15019682067092344,
        -0.3924906846102826,
        0.05477616011180355,
        -0.00011998729005805494,
        -0.2740733769487105,
        -0.27023552278359253,
        0.3405827329892402,
        -0.1652050850749276
      ],
      [
        -0.13779394001643802,
        0.20486148536469379,
        0.32822219091898186,
        -0.0280995984484172,
        0.5956069184438383,
        -0.13169585313615217,
        -0.42069300415904715,
        0.4355021750964025
      ],
      [
        0.15482062187286288,
        0.4179037271940767,
        -0.0972532749036183,
        0.00014155044783105886,
        0.1314423111158785,
        -0.0011652379306045639,
        -0.4974409456290475,
        0.01321905729590804
      ],
      [
        -0.47462731690797194,
        0.12240193940971607,
        0.03149346663029775,
        0.011750457273261827,
        0.011260060961480344,
        -0.23782753933312603,
        0.07524868572400026,
        -0.3727540756863969
      ],
      [
        0.08454492515040382,
        -0.20267006130767673,
        0.4230163289152302,
        -0.016375069206201662,
        -0.08715494557104408,
        -0.23664187288936556,
        0.48469005195749365,
        0.22873354100180415
      ],
      [
        -0.060948547386903716,
        0.23950041539229772,
        0.5022573632358357,
        -0.06511823110611423,
        0.30051179573097564,
        -0.17271460713549952,
        -0.1630566882065171,
        0.5115054269930835
      ],
      [
        0.3949900217541674,
        0.12919345190076173,
        -0.16744285450774324,
        -0.06774612093802333,
        0.3221163935210997,
        0.3419153138179777,
        0.40058575102544525,
        0.2589154903894765
      ],
      [
        0.15603408098832688,
        -0.38749434793083387,
        -0.5034401017746436,
        0.22208578930639117,
        0.245398319104751,
        -0.5533739457679309,
        -0.5098108273036277,
        0.12593461081180712
      ],
      [
        -0.5966570479974578,
        -0.4087457541594624,
        -0.08912037025520311,
        0.030661393413665833,
        0.0789795980249811,
        -0.0124692955853602,
        0.11374172454991613,
        -0.43644800949788276
      ],
      [
        -0.28530668211883364,
        0.12936221156001898,
        0.23407921050662725,
        0.07610634137423711,
        0.130679925396833,
        0.17697943977375477,
        -0.29669707872110734,
        -0.24212830950404654
      ],
      [
        -0.13881052372058864,
        -0.16141828502724784,
        0.3915389706496881,
        -0.026706353587219685,
        0.5514653335814786,
        -0.03329227132947044,
        0.11973562151802257,
        0.06847050989479879
      ],
      [
        0.033097485414473916,
        -0.05049023950376892,
        -0.268904273489008,
        0.03559577331838084,
        -0.2108736378132717,
        -0.3826108105117677,
        0.17451621045880628,
        -0.3442294084375178
      ]
    ],
    [
      [
        0.7744423478839154
      ],
      [
        0.672512460026273
      ],
      [
        -0.30316209392588483
      ],
      [
        -0.08050875846205352
      ],
      [
        1.0151974841212617
      ],
      [
        -0.19095764908161653
      ],
      [
        -0.5697399691156066
      ],
      [
        0.14071448743735954
      ]
    ]
  ],