{
  "trained_at": "2026-05-11T11:33:19.640713",
  "n_samples": 4331,
  "n_features": 6,
  "feature_names": [
    "log1p_days_since_last",
    "n_correct",
    "n_wrong",
    "accuracy",
    "log1p_n_reviews",
    "log1p_days_since_first"
  ],
  "scaler_mean": [
    1.5700388626456094,
    2.715308242900023,
    1.0671900253982913,
    0.73181671797269,
    1.4368561396576023,
    2.45017233943739
  ],
  "scaler_std": [
    0.8899983148602517,
    1.763948930913124,
    1.244841371361925,
    0.28987381738439255,
    0.5060799141928607,
    1.0490032012559627
  ],
  "weights": [
    [
      [
        -0.19876242600188013,
        0.3118745613491434,
        0.5890178821092331,
        -0.2591161608210078,
        -0.26040785671736066,
        -0.49719586994756576,
        -0.3618281302826207,
        0.35744397509890224,
        0.16819282088750506,
        0.11139592387021705,
        -0.8587723310024198,
        0.4783052762066785,
        0.3878282071738806,
        -0.3591875655328008,
        -0.3136959374222263,
        -0.3663409115403277
      ],
      [
        0.0652709014876599,
        0.2645064227795717,
        0.018411484675215906,
        -0.13399484255775207,
        0.19671138206757519,
        -0.35134499842672695,
        -0.12342769672712749,
        -0.17185271537258673,
        -0.219974296182536,
        0.549071816355715,
        -0.044180631193777235,
        0.1307082798201443,
        -0.06712875576686908,
        -0.5630178695685158,
        0.2262327237360694,
        -0.3284217295611508
      ],
      [
        -0.6221718854701557,
        0.3673884109048129,
        0.5838625282038495,
        0.20865545470598038,
        -0.08621160678467472,
        -0.4028224796373609,
        0.23776042369182845,
        0.026500213262229858,
        -0.2576537489865713,
        -0.051641505141571876,
        -0.6287470737628574,
        0.41064031049931515,
        -0.0730090876858418,
        0.17881728343649647,
        -0.1425423766193462,
        0.15942485545033333
      ],
      [
        0.2928466303672417,
        -0.11842960665538561,
        0.4612191046034096,
        0.3143953352412277,
        0.3383203737227763,
        0.3919917748186372,
        0.05611739432847196,
        0.34916674019868954,
        -0.5469109567560735,
        -0.11383342784727293,
        -0.32793868500601325,
        -0.14025012165287534,
        -0.29193856383025296,
        -0.1776247247704784,
        0.34532241356912224,
        -0.059092259580300996
      ],
      [
        -0.16142143572941794,
        0.16214071287362708,
        -0.2525345967831022,
        0.28363398138175316,
        -0.3501228371833044,
        0.4831188578232735,
        0.3439006663385833,
        -0.2536318472789138,
        -0.5001171068212161,
        0.4904309467677995,
        0.32923358548970855,
        0.4846810841175655,
        0.20963202731963948,
        -0.4766715271191525,
        -0.032626843513443034,
        -0.28818479260356183
      ],
      [
        0.43677985029006466,
        0.19446350053007438,
        0.03381908137266714,
        -0.5273791433792813,
        -0.1273412270418144,
        -0.24576537197267453,
        0.18046431983814992,
        0.11852424106430746,
        0.33631776671051045,
        0.008904298461428472,
        -0.3034425086775129,
        0.19841499424578207,
        0.20646425171551194,
        0.013727414818559283,
        0.3046979497665882,
        -0.001397364097648882
      ]
    ],
    [
      [
        0.5470520666285835,
        0.41767864498297275,
        0.0011126640376107801,
        0.1222277137571596,
        0.5498580568218259,
        -0.4961042051428997,
        0.31827558248935467,
        0.1541395968007125
      ],
      [
        0.19356271806065997,
        0.3001383642671997,
        -0.13327682101615995,
        -0.2064491073693798,
        -0.29213391953362,
        -0.13101364527607587,
        0.15347536172765167,
        0.1781067509098811
      ],
      [
        -0.5800501840160363,
        -0.05511695455749937,
        -0.24440871988341445,
        0.13654707821650292,
        -0.6043843986097247,
        -0.001649968569097572,
        0.2989248239882059,
        -0.3506458648812414
      ],
      [
        0.02900317996734057,
        0.20353357115677886,
        -0.21672560446946948,
        0.6268058534821489,
        0.44145384655011954,
        -0.28869313296563087,
        -0.04108074429518762,
        -0.14823867920642925
      ],
      [
        -0.13937059059033965,
        -0.3875081754796955,
        0.04657528355161419,
        -0.13220207463810293,
        -0.2630019840583118,
        -0.3076079283923811,
        0.33632215682498917,
        -0.1664018625979492
      ],
      [
        -0.18036351153274052,
        0.15850498778754432,
        0.34389575556134105,
        -0.44491506940261494,
        0.5226464838239426,
        0.06169689148216838,
        -0.37601367187928575,
        0.3987244807172318
      ],
      [
        0.02158233443222511,
        0.2829506373803906,
        -0.1020517047412346,
        0.005104371834479267,
        -0.06495981848559235,
        0.07170060332795986,
        -0.28378336557990524,
        -0.12000179174584309
      ],
      [
        -0.4175308405418994,
        0.11024074475815496,
        0.0964395930664085,
        -0.3032883287643241,
        0.0735430208469803,
        -0.17647230112866089,
        0.1021034542584272,
        -0.3054009124102578
      ],
      [
        0.09445474454414464,
        -0.2106968850862241,
        0.5038355787247233,
        -0.3119655878740083,
        -0.08495130460263375,
        -0.1447751281849759,
        0.4948323663414646,
        0.24783077395777606
      ],
      [
        -0.09862577572747781,
        0.31203132624270014,
        0.06465385278805472,
        0.016817528923665868,
        0.2239982731311256,
        -0.36680473849447415,
        -0.5372048814777012,
        0.45258935510671217
      ],
      [
        0.44643893328801487,
        0.18173305629155406,
        -0.226744769509052,
        -0.17642237130705765,
        0.3791359251854918,
        0.35525542159099105,
        0.39705326006891684,
        0.31670009453998565
      ],
      [
        0.15159396934202873,
        -0.38073459054493525,
        -0.38028300799853815,
        0.5241301969497538,
        0.20003988518749063,
        -0.6460679229182574,
        -0.4706416347355272,
        0.10536765603957436
      ],
      [
        -0.5045760273240555,
        -0.3550994877916158,
        -0.07472473831482944,
        0.38524509697426895,
        0.16184864392673312,
        -0.01364722004496175,
        0.1347907449659273,
        -0.35452173997561837
      ],
      [
        -0.34631926546720665,
        0.07152357645235895,
        0.2687815514196063,
        0.36526512405108297,
        0.11780718874396151,
        0.2522078144945038,
        -0.24357213378068343,
        -0.30167588972673787
      ],
      [
        -0.06963374761824698,
        -0.09262410114472762,
        0.3086514700104948,
        -0.288445293235782,
        0.6842290161737131,
        -0.06792054083678245,
        0.15883358184174778,
        0.15556010343669377
      ],
      [
        0.04072446762998395,
        -0.0416228073676385,
        -0.3116017802728577,
        0.19366424523936326,
        -0.17739798550808344,
        -0.3997657591964011,
        0.1666865683307305,
        -0.34221333917322644
      ]
    ],
    [
      [
        0.82521140958317
      ],
      [
        0.6834513805970204
      ],
      [
        -0.31083859576034856
      ],
      [
        -0.3423558589578383
      ],
      [
        0.9976395387365035
      ],
      [
        -0.2236547076786143
      ],
      [
        -0.5272990462549694
      ],
      [
        0.16691092250130693
      ]
    ]
  ],