{
  "trained_at": "2026-07-03T11:29:29.084539",
  "n_samples": 10077,
  "n_features": 6,
  "feature_names": [
    "log1p_days_since_last",
    "n_correct",
    "n_wrong",
    "accuracy",
    "log1p_n_reviews",
    "log1p_days_since_first"
  ],
  "scaler_mean": [
    1.7243397731711303,
    3.7942840130991367,
    1.1963878138334822,
    0.762905394487623,
    1.6277683462742933,
    2.7346308097628476
  ],
  "scaler_std": [
    0.9495199191089749,
    2.6080795745334537,
    1.2500411233256692,
    0.25224078093987534,
    0.5783908360748053,
    1.1817325408462602
  ],
  "weights": [
    [
      [
        -0.13246677117585878,
        0.33616210263727475,
        0.3453701068568608,
        -0.19155205568892456,
        -0.3655983388663045,
        -0.20194498307759812,
        -0.48820641570072054,
        0.5032092735189844,
        0.19699374428514244,
        -0.048293206374973564,
        -0.838734431309853,
        0.4112463209414236,
        0.5112690699671656,
        -0.3438149204019307,
        -0.10183388309529445,
        -0.18688956765576942
      ],
      [
        0.015152580635103293,
        0.1070264347368467,
        -0.0752671078142913,
        -0.16127127305058092,
        0.21696788965490585,
        -0.2743507395932401,
        -0.1961130808489977,
        -0.2933445782095269,
        -0.22813031461127362,
        0.4904067938795816,
        -0.1479617628344552,
        0.19757097164535659,
        -0.08416049906054784,
        -0.3336153324534662,
        0.24074039151989082,
        -0.290847296599961
      ],
      [
        -0.5088068024030816,
        0.40517202019379656,
        0.4551576161248745,
        0.3327784575559305,
        -0.06782301582302509,
        -0.3115366936576256,
        0.06500319515905899,
        0.034466078749402045,
        -0.2570890686821975,
        -0.07012341053393466,
        -0.5303534902935051,
        0.2576509579209617,
        0.04714345444223091,
        -0.16156294249881537,
        -0.1944983592901294,
        0.21756313900637664
      ],
      [
        0.24740724422428725,
        -0.17944459793124906,
        0.4833688702245848,
        0.4463709962114715,
        0.3343372580509387,
        0.4761543211931564,
        0.2819723580629113,
        0.28971676103664123,
        -0.49286675728171536,
        -0.23302355987214124,
        -0.3556601057820845,
        0.015080145662809335,
        -0.20275709322949736,
        -0.05812223017985796,
        0.3375827741353669,
        -0.06821395814997268
      ],
      [
        -0.1192401702321669,
        0.16734154636663703,
        -0.3301671325567451,
        0.39896665837909534,
        -0.33366868450636283,
        0.6620567601592868,
        0.27735147104198477,
        -0.2595277991188043,
        -0.5354743421142089,
        0.4937804104754739,
        0.2762855388648338,
        0.45900046635983793,
        0.17203942626928204,
        -0.4718081134514836,
        -0.11250596633700137,
        -0.2425793099394174
      ],
      [
        0.3519083821628249,
        0.17132902197999703,
        -0.1538142455434119,
        -0.4013498062587316,
        -0.19719454334577136,
        -0.20842815949355617,
        -0.03535063558729571,
        0.18454737857346998,
        0.2821574719162225,
        0.016626937290435323,
        -0.2984582802819249,
        0.3671358796535388,
        0.27430865212058775,
        0.07638846047374902,
        0.3535041917565041,
        0.027179720007773103
      ]
    ],
    [
      [
        0.4860303627068979,
        0.36712088757581773,
        -0.06158264055120669,
        0.009703182437854278,
        0.4802481386033597,
        -0.5099297627556799,
        0.24568247014244582,
        0.09245992345901109
      ],
      [
        0.18175038674499402,
        0.3468149825546308,
        -0.4112149823632256,
        -0.2394318292251013,
        -0.270910421443499,
        -0.06254598526943024,
        -0.18916902566667326,
        0.12895000444931345
      ],
      [
        -0.25872242982842625,
        0.1810211721038039,
        -0.20335146099894172,
        -0.10276735335212783,
        -0.11704222450746596,
        -1.389192396644534e-15,
        0.20523860333674676,
        0.029641086930094405
      ],
      [
        0.12119432926820754,
        0.2691013941347408,
        -0.41425138020249935,
        -0.01580692179282798,
        0.5773520343057755,
        -0.16255012988897968,
        -0.2725896580998825,
        -0.01935453305703297
      ],
      [
        -0.20255339151684693,
        -0.4324491235522507,
        0.10442799816251351,
        -0.019739854687761186,
        -0.3200299195165142,
        -0.09647084192313914,
        0.3787603325468248,
        -0.18446738560767864
      ],
      [
        -0.08812544621189977,
        0.24956299515833694,
        0.2409779702655192,
        -0.04020312836884164,
        0.6264382973878113,
        -0.24276150936327243,
        -0.4741257947742907,
        0.4470783906649153
      ],
      [
        0.041584338981111,
        0.288805296470725,
        -0.13269936836411733,
        0.0006912211510372819,
        0.08263847213610602,
        -0.0781448165561578,
        -0.5071251566480182,
        -0.072550152157372
      ],
      [
        -0.47745336288060725,
        0.08652737129761301,
        -0.10581950056322258,
        0.15775186336604122,
        0.008322991942476378,
        -0.18498739530414382,
        0.022824541058442813,
        -0.3855659158676724
      ],
      [
        0.06260668124187407,
        -0.23650618508482593,
        0.40918553937017016,
        0.17063670183238888,
        -0.11976845934525512,
        -0.19086413688882434,
        0.4980029134727196,
        0.17457723255844496
      ],
      [
        -0.06795808717490064,
        0.35475371278312273,
        0.6377065699143446,
        -0.3403422555078134,
        0.2798987744713475,
        -0.023363029598969496,
        -0.011162108285805269,
        0.4630659213465699
      ],
      [
        0.4369683090553998,
        0.17379797925970764,
        -0.21525421307203874,
        -0.06242621414102345,
        0.35104152087528234,
        0.2378646287452792,
        0.34804540786070054,
        0.29027841734392945
      ],
      [
        0.1266302212322188,
        -0.34630089821103316,
        -0.5351623675173959,
        0.29869184390054837,
        0.22947901475816349,
        -0.37675827928204464,
        -0.47900666374501816,
        0.06673757276605338
      ],
      [
        -0.650623082885064,
        -0.3828556614001175,
        -0.25168173368144936,
        0.22680406901081213,
        0.03713945560064401,
        0.0017047329387916473,
        0.04504149151373011,
        -0.5063161168935961
      ],
      [
        -0.2560064902406092,
        0.15311875883772977,
        0.2083343653348764,
        -0.2692736853495742,
        0.1731212718435399,
        0.14587397119529308,
        -0.31626991782239283,
        -0.20690594968644377
      ],
      [
        -0.0864589142834028,
        -0.10365450131804382,
        0.36720919428400267,
        -0.11508945671701329,
        0.6381951932866207,
        -0.0015373806384543513,
        0.257386692261206,
        0.10421527567967427
      ],
      [
        0.09321931760888563,
        0.012590148891050439,
        -0.30202477950661283,
        -0.06301687156996097,
        -0.17139722080694617,
        -0.40613654329377563,
        0.11506947249323313,
        -0.25526277134927505
      ]
    ],
    [
      [
        0.7625825112338132
      ],
      [
        0.6714556199557835
      ],
      [
        -0.35033767101341207
      ],
      [
        -0.29604165995064236
      ],
      [
        1.023832073145526
      ],
      [
        -0.17509704623331787
      ],
      [
        -0.552777664361734
      ],
      [
        0.13810727011054796
      ]
    ]
  ],