{
  "trained_at": "2026-07-20T11:41:13.216197",
  "n_samples": 11403,
  "n_features": 6,
  "feature_names": [
    "log1p_days_since_last",
    "n_correct",
    "n_wrong",
    "accuracy",
    "log1p_n_reviews",
    "log1p_days_since_first"
  ],
  "scaler_mean": [
    1.8156678880537294,
    4.123827063053582,
    1.2447601508374988,
    0.7718871828228996,
    1.6809868741651899,
    2.8537006350795076
  ],
  "scaler_std": [
    0.9877996973666671,
    2.841437350756266,
    1.3051438119961332,
    0.243327696436815,
    0.5938690594238222,
    1.206064689030791
  ],
  "weights": [
    [
      [
        -0.20557272579097996,
        0.41869531721623376,
        0.5525256843368789,
        -0.08762244362142825,
        -0.13932459241728964,
        -0.28785298286595157,
        -0.528032974353276,
        0.4357360983107631,
        0.22311907035063688,
        0.09030206590713367,
        -0.7802970524881976,
        0.46716488477534335,
        0.41081544877952597,
        -0.12267890779144489,
        -0.15836263198096998,
        -0.18017190441154327
      ],
      [
        -0.07649917639179332,
        0.14602636164062205,
        0.003381897972893902,
        -0.1845040652947177,
        0.15955360721636466,
        -0.2688226668325539,
        -0.13881940644301216,
        -0.2290757697757479,
        -0.09809168329375194,
        0.3401611250441696,
        -0.18920702233887707,
        0.2080932876953346,
        0.0006737926805773274,
        -0.4139702367756765,
        0.2586486227794789,
        -0.37711689309378915
      ],
      [
        -0.6119683036488733,
        0.41960836050977807,
        0.611128739730946,
        0.3284270269047051,
        -0.1322833385436931,
        -0.353473856817632,
        0.13631917402834307,
        0.045071038674391356,
        -0.30234503627028964,
        -0.09966401505032081,
        -0.6111470127576034,
        0.2635588486962245,
        -0.08003524061674674,
        0.0061909608004675635,
        -0.23766595410178692,
        0.09914646481453031
      ],
      [
        0.23620437288296459,
        -0.10605951370276034,
        0.2862641618478452,
        0.43576190164429973,
        0.3823649976368485,
        0.4403915189042537,
        0.20132740253133272,
        0.3019231751726185,
        -0.4701221599504589,
        -0.1312757697252242,
        -0.2889236923166508,
        0.03135904169178935,
        -0.29921146809205884,
        -0.08628289174023011,
        0.35620524560191225,
        -0.03507875721760338
      ],
      [
        -0.1606477177443811,
        0.1385254465458564,
        -0.3039012918091814,
        0.35057772433997314,
        -0.3959173287108299,
        0.6383464290543673,
        0.36484931290830175,
        -0.27628921440776516,
        -0.5030074730582855,
        0.3611368514662327,
        0.26648369905160446,
        0.41232273174233786,
        0.2232428004675382,
        -0.41280485499012254,
        -0.05251938791924019,
        -0.37693749262192533
      ],
      [
        0.4057662074933286,
        0.18005279352998696,
        -0.09704505724887826,
        -0.42518252890713853,
        -0.13982665559984286,
        -0.12185744696709042,
        0.1485471028444875,
        0.14764521798996982,
        0.3972787800236899,
        -0.04755152752826569,
        -0.32126678574596435,
        0.3083271980795401,
        0.25590931959562774,
        0.052780935159835715,
        0.4618938795204359,
        -0.003102381191791581
      ]
    ],
    [
      [
        0.5347502200276542,
        0.41023669595995477,
        0.027665713370289124,
        -0.01064100459701043,
        0.5132118818421627,
        -0.4124576782685048,
        0.29777877316722773,
        0.14848763223481642
      ],
      [
        0.25153064412315485,
        0.34694952225665016,
        -0.14237036235796785,
        -0.3510729400013099,
        -0.22056140909777697,
        -0.10290139914168168,
        0.47652646338918586,
        0.2874776350158544
      ],
      [
        -0.6277649219390504,
        -0.05974518903922804,
        0.06077785293002114,
        -0.001470785429979998,
        -0.5133367616689951,
        -2.508039553445378e-05,
        0.5220212419123202,
        -0.28761467862838397
      ],
      [
        0.16324385128770308,
        0.3025155678588032,
        -0.21829925957240967,
        0.04639402898445591,
        0.49049406096859643,
        -0.1616267931736488,
        -0.1419921932349176,
        0.00881092690233172
      ],
      [
        -0.1387472477507401,
        -0.379482185367856,
        0.04262593988015532,
        -9.099706916283683e-06,
        -0.2569848114767806,
        -0.2406570624886349,
        0.3268497537780664,
        -0.15134767339997607
      ],
      [
        -0.12734671718347113,
        0.211674823862084,
        0.2857851180726152,
        -0.015108589694274907,
        0.6021239698434081,
        -0.06507060809678958,
        -0.41881177151797694,
        0.4331997700697046
      ],
      [
        0.031138279107794795,
        0.2898136261344923,
        -0.10513570850999208,
        0.014180142769448746,
        0.031571231759082656,
        0.040359959254440574,
        -0.3507945888339516,
        -0.104563547205274
      ],
      [
        -0.43706485576114856,
        0.1149183803221735,
        0.13294572752734848,
        -0.08689402389228677,
        0.09836462559395164,
        -0.10842096676578819,
        0.1261651986287677,
        -0.286327070465226
      ],
      [
        0.08244637652654113,
        -0.2047893583243706,
        0.4612505431761409,
        -0.06713917362021683,
        -0.08071278386593966,
        -0.22566280181023346,
        0.5116334357593769,
        0.23018380557584542
      ],
      [
        -0.1477985879742516,
        0.23428898186708852,
        0.0621232459642065,
        -0.008534251509839814,
        0.2271073096303236,
        -0.005699689841037855,
        -0.2816823884190392,
        0.4331093605761736
      ],
      [
        0.425837954165772,
        0.16102759577755302,
        -0.2015563556618852,
        -0.010612023964245588,
        0.3482220683357387,
        0.3168687375484155,
        0.37919109445071497,
        0.2865058126576789
      ],
      [
        0.1759770638200375,
        -0.37445589235404986,
        -0.3709186301402101,
        0.26394591013434077,
        0.2817405393107263,
        -0.40518766499229314,
        -0.31875525618529355,
        0.19078588297627935
      ],
      [
        -0.4826954451331383,
        -0.34122546144029203,
        0.11298310435091323,
        0.022013187251944535,
        0.26298995640716444,
        -0.006780737728032888,
        0.2923069330099352,
        -0.23257331686122523
      ],
      [
        -0.29070128985390264,
        0.11962720374856496,
        0.23970453838859232,
        0.02094684970304652,
        0.11870155932792802,
        0.15287003904779395,
        -0.27884294424343514,
        -0.23985300152027716
      ],
      [
        0.01686078992983639,
        -0.12214445656719018,
        0.3349960795967023,
        -0.017339052946348184,
        0.8223329220915432,
        0.019803708768385754,
        0.13785177080305192,
        0.21529589782711236
      ],
      [
        0.028297402030592864,
        -0.055356761203748,
        -0.2576047452190913,
        0.0023958573386935298,
        -0.1955272435129678,
        -0.37179459953384886,
        0.18413292900366277,
        -0.33721976105945833
      ]
    ],
    [
      [
        0.7989964635583551
      ],
      [
        0.6495027239891151
      ],
      [
        -0.2789981847115193
      ],
      [
        -0.06809200261623902
      ],
      [
        0.9827911902026003
      ],
      [
        -0.13630271439714436
      ],
      [
        -0.5555290204268046
      ],
      [
        0.1613805891937066
      ]
    ]
  ],