{
  "trained_at": "2026-06-20T10:03:11.638892",
  "n_samples": 8792,
  "n_features": 6,
  "feature_names": [
    "log1p_days_since_last",
    "n_correct",
    "n_wrong",
    "accuracy",
    "log1p_n_reviews",
    "log1p_days_since_first"
  ],
  "scaler_mean": [
    1.6824985360893838,
    3.6272747952684257,
    1.1951774340309371,
    0.7541491854505972,
    1.6006431906856928,
    2.6809538600389065
  ],
  "scaler_std": [
    0.9391943851497963,
    2.5206512724166674,
    1.262565394084899,
    0.2599987027974476,
    0.573405263905481,
    1.174226791293781
  ],
  "weights": [
    [
      [
        -0.22710952870088447,
        0.272269988136671,
        0.5754901149529018,
        -0.14960435557228385,
        -0.3055217278872566,
        -0.2526147877716752,
        -0.49685445037356946,
        0.46908299802174486,
        0.0922245830530996,
        0.009011828155929618,
        -0.8490657272769415,
        0.44433910098348345,
        0.4464416084096278,
        -0.3223227686580505,
        -0.28405529664541423,
        -0.2307494613828935
      ],
      [
        0.020531609669460372,
        0.1595193369075041,
        -0.04268858180747091,
        -0.1585722133715063,
        0.2034257118380057,
        -0.2606804616493293,
        -0.16165180566259593,
        -0.2645460565971921,
        -0.18222248423709025,
        0.431161908688476,
        -0.1475431476453701,
        0.35146249831153814,
        -0.08578742241420839,
        -0.425177486359706,
        0.13281179985297742,
        -0.3470556793421283
      ],
      [
        -0.5918517036729477,
        0.4402588316379618,
        0.5777823771658673,
        0.30082369775837725,
        -0.07890304057640679,
        -0.3364308170286229,
        0.15066621569229438,
        0.05418778616915967,
        -0.2848655787151106,
        -0.053460804722097084,
        -0.5311339736781383,
        0.27712963469941954,
        -0.02913809990936347,
        -0.08586315554304762,
        -0.1733673769790859,
        0.14713626360666876
      ],
      [
        0.2527480138510103,
        -0.1947444089427947,
        0.3979397470272019,
        0.4467555601423727,
        0.3324053884696095,
        0.42298605765845343,
        0.19800495357415127,
        0.30472660603045615,
        -0.5269212762087584,
        -0.1951694568703886,
        -0.34410732308753683,
        0.050910676433322415,
        -0.2863631931076449,
        -0.08283761335687594,
        0.2851102076661069,
        -0.08233184659649458
      ],
      [
        -0.12676298716376494,
        0.1428412208494663,
        -0.2790952920301735,
        0.37590023862284555,
        -0.35252349669665645,
        0.6605348930997933,
        0.3258972762087177,
        -0.27024032459528624,
        -0.5427845015224243,
        0.4177472770402204,
        0.3064051917643652,
        0.5137832275343207,
        0.2029407545698336,
        -0.5007502946376806,
        -0.10149418539789781,
        -0.32733541911556524
      ],
      [
        0.40155270691188394,
        0.15869524631188842,
        -0.07801758002404009,
        -0.4468871153794206,
        -0.1591464053621042,
        -0.19129696703136675,
        0.0764348433822957,
        0.17404225992735575,
        0.3038615395317909,
        -0.06813127599653905,
        -0.3423197807735808,
        0.3584822193561177,
        0.2557614281652772,
        0.050019852706365,
        0.2368763291968988,
        0.02524015714476798
      ]
    ],
    [
      [
        0.5290538105487992,
        0.4109863726011469,
        -0.0025502511475479304,
        -0.07852970366005663,
        0.5222158889380804,
        -0.5356345899719434,
        0.2782640050590681,
        0.1415896457883365
      ],
      [
        0.2038991997554357,
        0.3067235202183203,
        -0.3533713330188669,
        -0.4097579145491914,
        -0.28331760519732446,
        -0.024166242168149773,
        0.1354794991997347,
        0.19299563265663489
      ],
      [
        -0.5308331658267471,
        0.047728677829334334,
        -0.22089765802054098,
        -0.001350975508292793,
        -0.4030907011033006,
        -4.12579698040312e-06,
        0.28347614134349697,
        -0.31286819267861005
      ],
      [
        0.16711296178217444,
        0.33161712324545584,
        -0.330308406963533,
        0.03856666925062189,
        0.6137040546258744,
        -0.264976459842171,
        -0.22432506775201366,
        -0.008957091884491722
      ],
      [
        -0.15986643791652577,
        -0.40620080249188634,
        0.06404893674421087,
        -0.002547610502288034,
        -0.30538603476934983,
        -0.29352057477047167,
        0.35328960923898284,
        -0.1835531441341759
      ],
      [
        -0.14436570260419523,
        0.19490672666458572,
        0.30715756635372027,
        -0.07037764369182403,
        0.5968778894958898,
        -0.06570838574119753,
        -0.41783514182122433,
        0.43592452912445945
      ],
      [
        0.033282664016403174,
        0.29419138211678647,
        -0.02289424104275059,
        5.3574607768851995e-05,
        0.023487342168386008,
        0.07127647903035533,
        -0.3586023478427572,
        -0.10667648708419589
      ],
      [
        -0.45692496791240417,
        0.1268210292025387,
        0.051703350532383716,
        -0.07029649059872727,
        0.03796275622961024,
        -0.2446013079986061,
        0.07088097712883293,
        -0.352552534525306
      ],
      [
        0.077929223172119,
        -0.21539182082636252,
        0.4521050521193694,
        -0.08153161185482724,
        -0.09156479904120811,
        -0.22613539056420684,
        0.5019338923357015,
        0.22485150479857882
      ],
      [
        -0.0671490099829619,
        0.28439745849519854,
        0.2839388608607044,
        -0.0426422884602081,
        0.2718540537986488,
        -0.08636323031010855,
        -0.20307587754504802,
        0.5143475237256006
      ],
      [
        0.4391401593505665,
        0.17430391572619994,
        -0.2129077259896032,
        -0.09717112789828658,
        0.3578312222596447,
        0.31863912053740856,
        0.3679287826256839,
        0.3061085465384928
      ],
      [
        0.15061528935801183,
        -0.38129108912785153,
        -0.5398467526937972,
        0.2454674235955254,
        0.24760335761513977,
        -0.5161631323377541,
        -0.5054954508844007,
        0.12287072598260863
      ],
      [
        -0.5931065650373557,
        -0.3996967049687421,
        -0.07386564322806259,
        0.03569510948210767,
        0.0963266923120724,
        -0.037293638961751134,
        0.11094232772462297,
        -0.431112805273628
      ],
      [
        -0.2618217302663628,
        0.15745365262973732,
        0.2122205730185668,
        0.14455418897628453,
        0.15224737203204672,
        0.14022759680286664,
        -0.32021067460349206,
        -0.21756891208746654
      ],
      [
        -0.11649267601723803,
        -0.1388035588772728,
        0.36325811171165445,
        -0.0381808951657004,
        0.5938985226021422,
        -0.010772818736987315,
        0.13552354470609226,
        0.09988450077337281
      ],
      [
        0.053558802479882664,
        -0.02658305199564513,
        -0.28993732514450926,
        0.0755994737080822,
        -0.18338807812367788,
        -0.41737838708072167,
        0.157771326571644,
        -0.3257000731963023
      ]
    ],
    [
      [
        0.7937590169808879
      ],
      [
        0.674170555740993
      ],
      [
        -0.3108812368496036
      ],
      [
        -0.09892448870762832
      ],
      [
        1.0380930955077814
      ],
      [
        -0.14334117314387348
      ],
      [
        -0.542932224493953
      ],
      [
        0.14627556969512776
      ]
    ]
  ],