{
  "trained_at": "2026-04-10T23:33:25.295849",
  "n_samples": 1840,
  "n_features": 6,
  "feature_names": [
    "log1p_days_since_last",
    "n_correct",
    "n_wrong",
    "accuracy",
    "log1p_n_reviews",
    "log1p_days_since_first"
  ],
  "scaler_mean": [
    1.4023056717005957,
    1.8396739130434783,
    0.8184782608695652,
    0.7000247759486895,
    1.2088203478109614,
    2.035523728174582
  ],
  "scaler_std": [
    0.7910060320673675,
    1.2339631724887714,
    1.0408430266131001,
    0.3389620355412992,
    0.4129431542670315,
    0.909297919710511
  ],
  "weights": [
    [
      [
        -0.25551524688951727,
        0.5503612103144417,
        0.1907530972529294,
        -0.1208256216455554,
        -0.26586929068979925,
        -0.4031770432613866,
        -0.35320815287910784,
        0.3446258014400014,
        0.1705823448852935,
        0.09596439992771601,
        -0.7474839753161631,
        0.35172596822854485,
        0.34883987373734104,
        -0.12050979936390567,
        -0.31300395232141276,
        -0.2886794912594152
      ],
      [
        -0.0956293473158319,
        0.23215180379075884,
        -0.10413108876045318,
        -0.1474385074438093,
        0.1464940412651496,
        -0.4007958190605908,
        -0.28639766636581204,
        -0.18873973439126981,
        -0.13120605045959854,
        0.6438694460715193,
        -0.010353446668779256,
        0.1689251406426,
        -0.007312766318043511,
        -0.5798418764245512,
        0.15479968702209418,
        -0.2415174396929351
      ],
      [
        -0.5961586086739556,
        0.2910613180566232,
        0.6489445300478718,
        0.23829663685159397,
        -0.12777409538128584,
        -0.3840202863614108,
        0.18751147035579013,
        0.0012800841574594826,
        -0.281627005724679,
        -0.17228644815140498,
        -0.5848072665466838,
        0.38233225959761113,
        -0.1760722111066976,
        0.039892082284813626,
        -0.1514687413736948,
        -0.10801647339265792
      ],
      [
        0.19235458318349985,
        -0.11808254411701809,
        0.393736228726009,
        0.39569427089473863,
        0.38120489158298243,
        0.3896089470931615,
        0.1303136727269568,
        0.35260662058954073,
        -0.5971266942309794,
        -0.024393724251263724,
        -0.26393116224767194,
        -0.027364728758235868,
        -0.1545673608460945,
        -0.18589177452117464,
        0.3154918947498095,
        -0.009105151341940152
      ],
      [
        -0.30054122986976545,
        0.10969776188081044,
        -0.278005757626252,
        0.3164331595841957,
        -0.39151495896796434,
        0.5305787874640283,
        0.2331508120914103,
        -0.25537179244222874,
        -0.4680199308687025,
        0.4414210585533161,
        0.4005562176760003,
        0.4589290564783701,
        0.17684999145092087,
        -0.5645523730387818,
        -0.09148537690793014,
        -0.39412545939281524
      ],
      [
        0.3201573728026366,
        0.2766898994446169,
        -0.003832708594204484,
        -0.5427007032071777,
        -0.17470416278141707,
        -0.1790755972512784,
        0.31592814921027507,
        0.11561733133372573,
        0.35344824194118,
        0.020600136860696564,
        -0.3581439887157435,
        0.238935333103323,
        0.30158460672939197,
        -0.007104788868537547,
        0.25868441125130237,
        -0.0005239327616215861
      ]
    ],
    [
      [
        0.5265058621368867,
        0.4074432635398864,
        0.04352679206393537,
        0.09848602174471306,
        0.4967844452345495,
        -0.4416858109932879,
        0.3094435477966067,
        0.14553202571652823
      ],
      [
        0.1425423205733499,
        0.2567226827019575,
        -0.11041287665591892,
        -0.4264037263646078,
        -0.2088530985444249,
        -0.10967343103745053,
        0.5973483422987662,
        0.1874670482860404
      ],
      [
        -0.49632725630879393,
        0.09166682613954899,
        -0.09683481472903696,
        -0.22874750458007637,
        -0.3207751638567299,
        -0.024096233609585075,
        0.3965338254792347,
        -0.15776796155123946
      ],
      [
        0.12215156174221063,
        0.3124133617039011,
        -0.4225021899205206,
        0.5072084030057433,
        0.7658747447060233,
        -0.5610416755340983,
        -0.3384391978213197,
        -0.050681247332893566
      ],
      [
        -0.16311118105654254,
        -0.4107728088748781,
        0.06246630806196275,
        -0.00026137372883079234,
        -0.33521182185540604,
        -0.2871472758976321,
        0.3573962139114312,
        -0.1937508416895608
      ],
      [
        -0.17805440953383667,
        0.17248710938657727,
        0.3238846415655637,
        -0.22878832730475043,
        0.5606210237006836,
        0.07422903295341206,
        -0.39152991571193074,
        0.4170953596164115
      ],
      [
        -0.1287499461208419,
        0.15494924439551028,
        0.0330412734151018,
        0.12044899297770674,
        -0.21062874188198322,
        0.17420817855987278,
        -0.36916936859005933,
        -0.2839083921535386
      ],
      [
        -0.38994228728348934,
        0.1594688675541362,
        0.1159626548212629,
        -0.30208615406393863,
        0.08847445001553482,
        -0.28723273054051457,
        0.07945401019120783,
        -0.24535154519543556
      ],
      [
        0.11669315389719061,
        -0.19490603209319826,
        0.48926949738628206,
        -0.28769680364412226,
        -0.15139376631666812,
        -0.17193703327535168,
        0.5144410478214199,
        0.2793045439128032
      ],
      [
        0.0393689057919981,
        0.4912372625833238,
        0.30171380938755227,
        -0.2168014245093063,
        0.43905150125015746,
        -0.19669458335927936,
        -0.27535270687372715,
        0.6461768272795504
      ],
      [
        0.44916697273505235,
        0.18604126413785516,
        -0.1959575582212158,
        -0.19955196084325666,
        0.3771470262750354,
        0.3351992197483602,
        0.3963246826736123,
        0.32260642769748354
      ],
      [
        0.060873018953757484,
        -0.4639393306619721,
        -0.42114596955151945,
        0.3199498528737601,
        0.20854228680599762,
        -0.49720385767925407,
        -0.23500966723894715,
        0.07807494949173978
      ],
      [
        -0.46321050118058205,
        -0.2906931092813464,
        0.07847936155934382,
        0.12217645968858376,
        0.16203558209376503,
        -0.1651062806166397,
        0.273633137251992,
        -0.22885116461727262
      ],
      [
        -0.31942830327793925,
        0.09369552356006261,
        0.2998448885040514,
        0.2960899318433762,
        0.15789109172686625,
        0.18541091660304576,
        -0.23686916935235058,
        -0.2812743257671979
      ],
      [
        -0.11516005280016735,
        -0.13563938034954406,
        0.37485875614199066,
        -0.15339615112985472,
        0.6304701493387704,
        0.030808244750170896,
        0.22332108950196403,
        0.11378133722703263
      ],
      [
        0.06692807725455044,
        -0.017171817214247827,
        -0.29042318234407466,
        0.13448810069587563,
        -0.1877310068735565,
        -0.45002267908545257,
        0.1583742510607715,
        -0.31858649647789095
      ]
    ],
    [
      [
        0.7350488851206296
      ],
      [
        0.7141871301682753
      ],
      [
        -0.29511360126182246
      ],
      [
        -0.3083758836273892
      ],
      [
        1.0386536417614234
      ],
      [
        -0.18703387638918756
      ],
      [
        -0.5506354223452273
      ],
      [
        0.15583296071800665
      ]
    ]
  ],