{
  "trained_at": "2026-07-18T10:15:50.565362",
  "n_samples": 11085,
  "n_features": 6,
  "feature_names": [
    "log1p_days_since_last",
    "n_correct",
    "n_wrong",
    "accuracy",
    "log1p_n_reviews",
    "log1p_days_since_first"
  ],
  "scaler_mean": [
    1.7892965752156849,
    4.052954442940911,
    1.2436626071267478,
    0.7685924771448326,
    1.6702693264296404,
    2.820105719088043
  ],
  "scaler_std": [
    0.9713086525658104,
    2.8018280607332273,
    1.2931542209867304,
    0.2452364269802922,
    0.5924588759359265,
    1.1991092361125557
  ],
  "weights": [
    [
      [
        -0.2752547730027074,
        0.2533924188607084,
        0.5930838433941252,
        -0.151749640464611,
        -0.2199689079010973,
        -0.22647271683160772,
        -0.47746629546135805,
        0.44490587170755774,
        0.1296124805766169,
        0.06487016301679766,
        -0.7978780606422445,
        0.4430209100077881,
        0.4063024569122099,
        -0.20304278133489387,
        -0.13666027695631033,
        -0.17501493911940186
      ],
      [
        -0.056947285210121046,
        0.1762324682013927,
        -0.011847372502533345,
        -0.20649856883779222,
        0.18279837983622194,
        -0.2795446806371644,
        -0.17640750257825022,
        -0.2646247758828515,
        -0.1655402240166752,
        0.4336331009618589,
        -0.2015500102051254,
        0.24049343929759429,
        -0.03851191465991198,
        -0.4031572528873356,
        0.21595405991086025,
        -0.4296257892835792
      ],
      [
        -0.6030181676671676,
        0.4490142451302871,
        0.6366002045670159,
        0.3580884477836573,
        -0.11215164236673246,
        -0.3513123376059297,
        0.19144971443277337,
        0.03842236049319653,
        -0.3043184737498371,
        -0.08190530281062024,
        -0.6220254455629401,
        0.2576753291727437,
        -0.0253579365675173,
        -0.03529355226986633,
        -0.25866914224995485,
        0.10243552663960084
      ],
      [
        0.2536633398953079,
        -0.1888621948006265,
        0.24826515645129532,
        0.43538057068277974,
        0.36262095658979315,
        0.4479852888496459,
        0.13200811266192566,
        0.3069159962354191,
        -0.46110027232870404,
        -0.15733236757018393,
        -0.3350586376819711,
        0.03818356541373058,
        -0.28192584151890204,
        -0.10547986802131067,
        0.3643390082495094,
        -0.012907737606155364
      ],
      [
        -0.1726216178950744,
        0.17208018591762334,
        -0.3026856034278949,
        0.3938093284031431,
        -0.37549509521283747,
        0.6734347581678067,
        0.33747969083630064,
        -0.28508419670758123,
        -0.548099824864233,
        0.46394467200469175,
        0.2627964243121865,
        0.47942320284662243,
        0.2078104002329426,
        -0.4557288988102756,
        -0.08976669405666711,
        -0.39257919999855584
      ],
      [
        0.3529839901961402,
        0.12977227990839282,
        -0.11432074345459978,
        -0.3995822081934792,
        -0.16467635929934638,
        -0.13242143507743495,
        0.13591141873770227,
        0.16356780223280848,
        0.32394504312762573,
        -0.03437605177491984,
        -0.32607812023785515,
        0.32160566108509137,
        0.2866301001732976,
        0.07629920190021909,
        0.3789012174316746,
        -0.0032280871448527506
      ]
    ],
    [
      [
        0.5073269774732502,
        0.3901942420000285,
        0.05027495878530316,
        -0.021607715256158944,
        0.4924511579215074,
        -0.43828904432761856,
        0.266202352642439,
        0.12254315935186516
      ],
      [
        0.2270229509992299,
        0.33317336069476616,
        -0.19069777191308201,
        -0.3510165843324352,
        -0.23556998725481057,
        -0.10150085598638038,
        -0.001329913235663263,
        0.21214778796225384
      ],
      [
        -0.7205649886186969,
        -0.14477163724179334,
        0.10939225360177483,
        0.1823466301047256,
        -0.6436962638626879,
        -1.2668720284046502e-09,
        0.20917440948362842,
        -0.45119076190308405
      ],
      [
        0.20593613320061163,
        0.37560173135770347,
        -0.3130571535027293,
        -0.00352417154313604,
        0.5937097977025471,
        -0.20717517981485134,
        -0.13640806497238306,
        0.04504474363188502
      ],
      [
        -0.14232562165580454,
        -0.38400701114385977,
        0.0448254475626717,
        -4.106430738562876e-05,
        -0.27616218422179395,
        -0.2545127646835197,
        0.3311080041001708,
        -0.15976263246908978
      ],
      [
        -0.13002282485280184,
        0.20905453123188336,
        0.31020080827210206,
        -0.043508076048029046,
        0.6101786409720829,
        -0.03260901443064045,
        -0.42787853186581115,
        0.4453294020398276
      ],
      [
        0.014602209924925428,
        0.2761810085349077,
        -0.04671101858372577,
        0.0003556328034830916,
        -0.021941498113122328,
        0.057868448052740655,
        -0.43403824527557805,
        -0.1141510822984106
      ],
      [
        -0.4511933369332662,
        0.11651262193791147,
        0.13981395136381175,
        0.04929836457988683,
        0.043846729872211804,
        -0.20610680779832505,
        0.04295974726445964,
        -0.3461043350786621
      ],
      [
        0.06814333326436772,
        -0.21541185989243009,
        0.4668076475209648,
        0.06685607828475378,
        -0.10593283131667057,
        -0.24493972299950775,
        0.4796684199859705,
        0.19862370305616256
      ],
      [
        -0.07268867885366757,
        0.2982609158700669,
        0.2108719211990897,
        -0.13998738016480441,
        0.27901515570506646,
        0.10066514301336742,
        -0.08515060195607903,
        0.4954450330901248
      ],
      [
        0.4323175270492445,
        0.1667779227606703,
        -0.2070786354941193,
        -0.030754289650792657,
        0.3470256147418878,
        0.321254667403583,
        0.37732845403868964,
        0.29704011573190653
      ],
      [
        0.17306972866542855,
        -0.3552914853938103,
        -0.3791258512966016,
        0.25306085777552817,
        0.2841822067269507,
        -0.44103958058586606,
        -0.5689674721446917,
        0.13729516187261864
      ],
      [
        -0.5441717463503558,
        -0.3660761839810973,
        0.17725532805218447,
        0.10454156464573691,
        0.15916560661413312,
        -0.0014363407787185336,
        0.09337533840711884,
        -0.3859492559003002
      ],
      [
        -0.2824303930419323,
        0.13156583858025445,
        0.2315495331464106,
        0.017675813826764065,
        0.13477614369658283,
        0.14780753156209708,
        -0.2916473096373696,
        -0.23952802941744739
      ],
      [
        -0.06032059551668028,
        -0.13246067603885847,
        0.42195847566884864,
        -0.07688902126025535,
        0.698091963755996,
        0.04263980222144441,
        0.19248334289448119,
        0.15491256022084582
      ],
      [
        0.021270552581766567,
        -0.0626427369132954,
        -0.26051430250041735,
        0.005903288418428045,
        -0.19939651998530677,
        -0.3801582986704201,
        0.19252901266635702,
        -0.35912541036652806
      ]
    ],
    [
      [
        0.7957122019806983
      ],
      [
        0.6519146248743032
      ],
      [
        -0.3053312783354339
      ],
      [
        -0.17141881498259265
      ],
      [
        1.0932203502825495
      ],
      [
        -0.12485603734389503
      ],
      [
        -0.5430561836265584
      ],
      [
        0.1562316717717618
      ]
    ]
  ],