{
  "trained_at": "2026-05-28T14:31:43.119005",
  "n_samples": 6269,
  "n_features": 6,
  "feature_names": [
    "log1p_days_since_last",
    "n_correct",
    "n_wrong",
    "accuracy",
    "log1p_n_reviews",
    "log1p_days_since_first"
  ],
  "scaler_mean": [
    1.6199766668983915,
    3.207848141649386,
    1.1526559259850055,
    0.7439329120002812,
    1.5302191315244449,
    2.585033324501931
  ],
  "scaler_std": [
    0.9050022629464585,
    2.1757290907456817,
    1.2818541836584538,
    0.2741882064804271,
    0.548346226242666,
    1.1175237241354679
  ],
  "weights": [
    [
      [
        -0.19873080232577134,
        0.37627275848387054,
        0.5471805586715951,
        -0.16669932408355043,
        -0.27844663046788704,
        -0.3835410354533259,
        -0.6285029034005137,
        0.4481252031835733,
        0.12774352200422306,
        -0.052893010329675506,
        -0.7618514903166163,
        0.43427249889873465,
        0.3737838883257849,
        -0.2207504257661722,
        -0.2392820174431676,
        -0.2974663507153484
      ],
      [
        -0.07266976141675727,
        0.21869470449805176,
        -0.1378982803599378,
        -0.1515890676246067,
        0.19568147800390032,
        -0.20075423871230805,
        -0.23793330381403247,
        -0.19309424816245283,
        -0.19172618327925275,
        0.5259022052967702,
        -0.15387497169642145,
        0.21772579733710876,
        -0.09599207706328211,
        -0.6342569105250229,
        0.13090526243936473,
        -0.3407652489598538
      ],
      [
        -0.6641770852679937,
        0.38452967582377107,
        0.6473611799471706,
        0.2810505713631819,
        -0.08701755251799737,
        -0.32146663784769697,
        0.08905067665964249,
        0.07212520360641946,
        -0.32044934530761543,
        -0.02948173900232711,
        -0.6767724067893514,
        0.3111675293037011,
        -0.03768000985728841,
        0.31378670476158477,
        -0.18952260915026542,
        0.12204369809099506
      ],
      [
        0.24623081705675554,
        -0.128686313279541,
        0.35637811197619984,
        0.33928684625171973,
        0.33871821441126826,
        0.38943067450542634,
        -0.004780540167445444,
        0.3157810193374989,
        -0.5052180129935698,
        -0.1150853959072584,
        -0.2882341491497396,
        -0.12385344343079303,
        -0.2966119064647303,
        -0.2770894905068784,
        0.30912905959780335,
        -0.07456305925346136
      ],
      [
        -0.20313751335420638,
        0.14554237422365587,
        -0.29471236232007775,
        0.35415512617615574,
        -0.35649650695827007,
        0.6850972850051085,
        0.1161615625680187,
        -0.24767726257506104,
        -0.5657695460362852,
        0.4296981566502857,
        0.28662145115624194,
        0.4995737135671766,
        0.22109925247457715,
        -0.4407457528415083,
        -0.09683141983639337,
        -0.3243536985467893
      ],
      [
        0.39043525693684167,
        0.1252289521443491,
        -0.005101710805667269,
        -0.49416860207885765,
        -0.14594900773292063,
        -0.18683307155064274,
        0.002169010070009632,
        0.1839481265655294,
        0.28711888591340246,
        -0.17810287350546877,
        -0.33039571133146967,
        0.19132705253681945,
        0.25881885203256977,
        -0.004201809377969096,
        0.24045953611810567,
        0.014895409088922472
      ]
    ],
    [
      [
        0.5490396617517691,
        0.4264993397965773,
        0.003240848423489518,
        0.011069432636520342,
        0.5381662938123539,
        -0.5148442413260721,
        0.30619376758665945,
        0.1641046366414552
      ],
      [
        0.20480330662352095,
        0.32070518620561334,
        -0.17645742218203866,
        -0.43052809187114033,
        -0.27099393372897246,
        0.0805279997782779,
        0.09876546667485357,
        0.14613296601413223
      ],
      [
        -0.6000008918219176,
        -0.03407601209625399,
        -0.13741151212356467,
        -0.12697935746003558,
        -0.4977585513815635,
        -0.0002624145362085421,
        0.29552538839055886,
        -0.48337198663808295
      ],
      [
        0.026079372163701483,
        0.19869654938171014,
        -0.21082706070326965,
        0.5373061958437236,
        0.44037836936277813,
        -0.18647262291268582,
        0.07229765594145368,
        -0.16028084603352571
      ],
      [
        -0.14800742284567595,
        -0.3962408946039061,
        0.05366680824850392,
        -0.023027202422091712,
        -0.2805897184095413,
        -0.3099680594942398,
        0.34420435892681167,
        -0.17594218987555496
      ],
      [
        -0.14698387307177038,
        0.19311187775944264,
        0.32703056255073143,
        -0.5916866030916216,
        0.5962859065743611,
        -0.02356593073798771,
        -0.37695100272191684,
        0.44005587506582733
      ],
      [
        0.1312359884699735,
        0.3983288683975879,
        -0.15552125093635316,
        0.14821501236905976,
        0.05676736419566634,
        0.08378210558306975,
        -0.4974257686132673,
        -0.01968848429612161
      ],
      [
        -0.42890894992350853,
        0.11488726345088404,
        0.09861933177278932,
        -0.050936977316655724,
        0.061591094253871326,
        -0.2195210218768908,
        0.10241616674550409,
        -0.33926820591976475
      ],
      [
        0.09377711135363805,
        -0.2110808437393071,
        0.47828049164940456,
        -0.4585937145368329,
        -0.08843121696445735,
        -0.21519820466318965,
        0.48157595238652684,
        0.24535966031167855
      ],
      [
        -0.08562375194571015,
        0.3397078459161932,
        0.41049847483712537,
        -0.20707999818816966,
        0.2885596884774183,
        -0.38807404973090576,
        -0.2832766799648081,
        0.49445706021245583
      ],
      [
        0.41691501445840207,
        0.1554196187402412,
        -0.2093531473323029,
        -0.10633300314048882,
        0.35513483863370265,
        0.34262759376227264,
        0.4038532035942242,
        0.2879832981069813
      ],
      [
        0.16613296234234198,
        -0.35368347313392445,
        -0.45588459837723255,
        0.2988070450245669,
        0.24456888179763206,
        -0.5555758106376656,
        -0.5657542810105483,
        0.09015571335392798
      ],
      [
        -0.530325278298408,
        -0.350924084148006,
        -0.042716849608955464,
        -0.01778981287697992,
        0.16017475532673645,
        -0.06570849266435523,
        0.10261156818674212,
        -0.42606310135766323
      ],
      [
        -0.3497658342982795,
        0.07090146485681632,
        0.2567914591949953,
        0.39386514338717243,
        0.10845313831231101,
        0.23842077675025186,
        -0.26363006189798305,
        -0.31090497376216963
      ],
      [
        -0.08178340762523424,
        -0.10300753065698286,
        0.3302360835516077,
        -0.039732947389570256,
        0.6552307139673935,
        -0.0228031495484639,
        0.11465051430253341,
        0.14350023281089103
      ],
      [
        0.03749535036728594,
        -0.039487774634897214,
        -0.30153795152562635,
        0.13743776280039097,
        -0.17555414362476526,
        -0.3933947635623589,
        0.1684081643366142,
        -0.3448634085271668
      ]
    ],
    [
      [
        0.8221426882757792
      ],
      [
        0.6918111377754034
      ],
      [
        -0.3079488641845129
      ],
      [
        -0.5145976896053384
      ],
      [
        1.0173163469736815
      ],
      [
        -0.1784257636359816
      ],
      [
        -0.5605768260834703
      ],
      [
        0.16741293164228488
      ]
    ]
  ],