{
  "trained_at": "2026-04-21T03:46:01.548083",
  "n_samples": 2518,
  "n_features": 6,
  "feature_names": [
    "log1p_days_since_last",
    "n_correct",
    "n_wrong",
    "accuracy",
    "log1p_n_reviews",
    "log1p_days_since_first"
  ],
  "scaler_mean": [
    1.488360598964727,
    2.0520254169976173,
    0.7871326449563145,
    0.7292073791974512,
    1.2576795462814612,
    2.1569018656567884
  ],
  "scaler_std": [
    0.812816449820583,
    1.3074274090191067,
    1.0165241391795836,
    0.32148642127437327,
    0.4159110418296771,
    0.9233649603142041
  ],
  "weights": [
    [
      [
        -0.2419659384973881,
        0.48262902723809104,
        0.21095762229584694,
        -0.15049235395859412,
        -0.23913171858788637,
        -0.3978847375110058,
        -0.43025776347129285,
        0.3469329848315924,
        0.2448979403986462,
        -0.014771519772780883,
        -0.8186545053379222,
        0.33423792922758877,
        0.38675815708114275,
        -0.3093250765266809,
        -0.3497433161115017,
        -0.3492074441129951
      ],
      [
        0.089255902740779,
        0.2521461390326435,
        -0.08647016085978512,
        -0.1219954618255858,
        0.20212405229252398,
        -0.4340089252118517,
        -0.2128623852416782,
        -0.16638502974434194,
        -0.1297788426237114,
        0.5147997964248444,
        -0.1015836822913274,
        0.18346986183316033,
        -0.00613490171370835,
        -0.5968473259150755,
        0.22739173837266738,
        -0.21538768512800274
      ],
      [
        -0.5928945474775558,
        0.2716962049485343,
        0.6499115182903956,
        0.2750041711185955,
        -0.10134698035195545,
        -0.4106932789299739,
        0.13115220590481727,
        -0.016325249631477554,
        -0.2588863447064051,
        -0.17347144923060603,
        -0.5499513712882173,
        0.4005724704764442,
        -0.09518786875165523,
        0.28678941114224593,
        -0.14609399233445486,
        -0.04922912624143963
      ],
      [
        0.23847705282693182,
        -0.09045224778283231,
        0.3879393735389187,
        0.40335289646264855,
        0.35488166176428104,
        0.4115490286647694,
        0.1332539070275545,
        0.3651513990861929,
        -0.5951836392584958,
        -0.0756009070740891,
        -0.29721502996875554,
        -0.053703985041984086,
        -0.21489371334882706,
        -0.2384227837912239,
        0.32339109244629227,
        -0.0412024031529701
      ],
      [
        -0.1392294213506861,
        0.1746237850485151,
        -0.2861661546954136,
        0.3270395296408994,
        -0.34827777398409265,
        0.4560634874398327,
        0.1830360533725289,
        -0.2549934731953299,
        -0.4320204806281113,
        0.4165033199240363,
        0.31896470948518335,
        0.4740209479597813,
        0.1866943761965817,
        -0.4279685209304632,
        -0.05692592671190299,
        -0.3289374508120028
      ],
      [
        0.45347839101570864,
        0.32259154129670614,
        -0.07488444937389661,
        -0.5299226347462572,
        -0.11209123343784907,
        -0.22344679707074427,
        0.0406371690459578,
        0.13252485493930993,
        0.41819500683943656,
        -0.023921624222447604,
        -0.36758109644911924,
        0.22388388621250585,
        0.24411381676731334,
        0.034389908088287645,
        0.31706850631131783,
        0.03701277117927829
      ]
    ],
    [
      [
        0.547473340540942,
        0.4295040359998243,
        0.048895458455806985,
        0.010429555467976387,
        0.5348355137382017,
        -0.42174741168550073,
        0.3186669021062638,
        0.16906006733847542
      ],
      [
        0.12574907672650829,
        0.209607400020537,
        -0.13934966264378773,
        -0.2860509498547387,
        -0.3133208577603949,
        -0.1692463527045056,
        0.5763920989485174,
        0.18154109508203622
      ],
      [
        -0.5347833832863117,
        0.06824100287962488,
        -0.09816301216210992,
        -0.07392135676210516,
        -0.09523594622915148,
        -0.05365039435723642,
        0.4233995916528669,
        -0.20533822987711242
      ],
      [
        0.0662314755381431,
        0.25561528819899754,
        -0.3749054659089678,
        0.5053352947627366,
        0.6988538262259247,
        -0.48530667956358586,
        -0.18128110788108628,
        -0.11587123578805225
      ],
      [
        -0.13904216618806575,
        -0.3829083306343364,
        0.03997221045945882,
        -0.06798004741892892,
        -0.24406725805657972,
        -0.26047875858543046,
        0.3327758416264189,
        -0.16505322469544106
      ],
      [
        -0.1801456731817095,
        0.16886448374290877,
        0.33062661631470275,
        -0.389533109539729,
        0.5514864687887336,
        0.10179993251590809,
        -0.39876294782746513,
        0.41925340653241727
      ],
      [
        -0.0035245893892931804,
        0.2642101926241525,
        -0.04904806880870669,
        0.018942741735067967,
        -0.07856041428060385,
        0.13898737598168426,
        -0.371264476677631,
        -0.15836633582282245
      ],
      [
        -0.4035464789378387,
        0.13880702474328746,
        0.12208376060870645,
        -0.48062209351009505,
        0.07177941472447696,
        -0.2328676362112556,
        0.09381850795956143,
        -0.26257471978094765
      ],
      [
        0.1064530759989668,
        -0.21289056154588007,
        0.4929180504411661,
        -0.3759316971036025,
        -0.19111028845247785,
        -0.1504868573597633,
        0.5249970496066493,
        0.26934721119940935
      ],
      [
        -0.008903468794774478,
        0.41486503026027044,
        0.21753028264215898,
        -0.0813474986921578,
        0.25488535869963314,
        -0.2378679298002226,
        -0.39722625326138283,
        0.6066591516922555
      ],
      [
        0.4166820875977157,
        0.1509803138519394,
        -0.19130171287741327,
        -0.1451285498391357,
        0.32762530120994304,
        0.3845183506922145,
        0.4461043670349226,
        0.2902658049625522
      ],
      [
        0.11949632057093802,
        -0.4185124046115951,
        -0.4290001527522952,
        0.3895003337173968,
        0.15457340765783548,
        -0.7080901899164437,
        -0.2847199346131089,
        0.1395064262700014
      ],
      [
        -0.5174886300596386,
        -0.4032718849636591,
        0.01446551338057451,
        0.25272302987846496,
        0.11382327919757212,
        -0.19042577872061106,
        0.22302678103967413,
        -0.28399868025474656
      ],
      [
        -0.3240437002036595,
        0.08870125081328872,
        0.27607952222041865,
        0.3830020639640946,
        0.14716280760454004,
        0.21328621169796647,
        -0.23253863493004728,
        -0.2860608570398224
      ],
      [
        -0.07402328505707205,
        -0.09342998845752169,
        0.36771504443731806,
        -0.26638288908086727,
        0.7512917619290265,
        0.021726189485847255,
        0.21728763294759246,
        0.1627661995020341
      ],
      [
        0.10193140993061144,
        0.019475483816292962,
        -0.3472873284355496,
        0.237735109081934,
        -0.15796228281887353,
        -0.4407623999762026,
        0.13177481381379183,
        -0.2858527770855909
      ]
    ],
    [
      [
        0.800584015417337
      ],
      [
        0.7189448018290524
      ],
      [
        -0.29524931273823884
      ],
      [
        -0.3239840513272671
      ],
      [
        1.025245973110724
      ],
      [
        -0.24043174460266725
      ],
      [
        -0.5792069502140041
      ],
      [
        0.17306414158274444
      ]
    ]
  ],