{
  "trained_at": "2026-04-18T03:00:22.141203",
  "n_samples": 2335,
  "n_features": 6,
  "feature_names": [
    "log1p_days_since_last",
    "n_correct",
    "n_wrong",
    "accuracy",
    "log1p_n_reviews",
    "log1p_days_since_first"
  ],
  "scaler_mean": [
    1.4546313662960517,
    1.9957173447537473,
    0.8029978586723768,
    0.7186160116352842,
    1.2467335404316977,
    2.119515750629619
  ],
  "scaler_std": [
    0.8101451433579995,
    1.2963392987538407,
    1.025870709718114,
    0.3269637904924759,
    0.41596043191583615,
    0.9252588303108881
  ],
  "weights": [
    [
      [
        -0.18768001280675642,
        0.5262596219691499,
        0.21542622816952195,
        -0.13905724772364483,
        -0.22080782018497172,
        -0.37769608836083374,
        -0.3828768768595747,
        0.34518364240783783,
        0.23415008384981284,
        -0.0054138741513122535,
        -0.8156384040547184,
        0.3366655606684078,
        0.39514134801934225,
        -0.2795979048602853,
        -0.35023720534607866,
        -0.3552207541837969
      ],
      [
        0.07485936660309728,
        0.22215988803441727,
        -0.08305479772647628,
        -0.141317782728926,
        0.18706917676401805,
        -0.4436361779964892,
        -0.2209805244756358,
        -0.17634784353204955,
        -0.14151917727552712,
        0.5535887961490406,
        -0.055852018020804875,
        0.17606242053124294,
        -0.002070062036311311,
        -0.624221239497145,
        0.21181763323720368,
        -0.23168821453073582
      ],
      [
        -0.5894429831229754,
        0.2712342432071982,
        0.6498084863200451,
        0.27366633638218557,
        -0.11034167370350283,
        -0.4205553148239474,
        0.18611409034443083,
        -0.014080321074489022,
        -0.24482922562864795,
        -0.16791699597588786,
        -0.5601942893451404,
        0.3774485062204509,
        -0.12061094298299772,
        0.30533982666206183,
        -0.15313508633357098,
        -0.056285727838048985
      ],
      [
        0.23467895580650683,
        -0.1083477204882458,
        0.38411574945307064,
        0.4001620181540633,
        0.3641314391873142,
        0.4128231844586711,
        0.13117801672149293,
        0.3666361418987856,
        -0.5945294335720802,
        -0.06512899383588329,
        -0.2909668480843507,
        -0.019487396496973796,
        -0.16273939111925867,
        -0.2652863241025974,
        0.3267132608133785,
        -0.03519687327234315
      ],
      [
        -0.12399762980186962,
        0.15793464831016094,
        -0.28201863709628855,
        0.32504145545088264,
        -0.3613716233077067,
        0.4582169802148494,
        0.20838890426773418,
        -0.27286105130712307,
        -0.4368009385430149,
        0.4130067165759479,
        0.35031098414852063,
        0.42652999703078026,
        0.1754565876351192,
        -0.4208601468869311,
        -0.07471706021032161,
        -0.34779250500763603
      ],
      [
        0.4449929960379935,
        0.32967213346691304,
        -0.05828293440102697,
        -0.527287657957548,
        -0.12291604373489043,
        -0.22139535565780802,
        0.05866775929449644,
        0.1315020873383445,
        0.40380754970908417,
        -0.01197233364556747,
        -0.3684565755672452,
        0.23729037655279198,
        0.2948629314286457,
        0.010060531347068209,
        0.2888224092292811,
        0.03676581952109106
      ]
    ],
    [
      [
        0.5453044570428802,
        0.42682000973929235,
        0.0480886691727712,
        0.03958980638313655,
        0.516313989359809,
        -0.40984688262037255,
        0.3185413954355317,
        0.16686702757084249
      ],
      [
        0.1205544895324921,
        0.2233371085578906,
        -0.11727763330578063,
        -0.27773549065657593,
        -0.3298866220158707,
        -0.11831739787444624,
        0.6050814142296499,
        0.16680530187052936
      ],
      [
        -0.5271041184954811,
        0.08796570191805814,
        -0.10158622097638235,
        -0.08837694805371607,
        -0.0907669033452577,
        -0.09571932688727917,
        0.4095253651553571,
        -0.20478246345834403
      ],
      [
        0.08371045569486076,
        0.27974453320709824,
        -0.4073865007446365,
        0.5295681356574609,
        0.7119533712729478,
        -0.4950290680791223,
        -0.21138140494814145,
        -0.1043424397184842
      ],
      [
        -0.14204432290745467,
        -0.3866678837544514,
        0.04301031689757594,
        -0.06566448226627428,
        -0.25427653989727156,
        -0.26422939166400466,
        0.33625806940826014,
        -0.1696821053613265
      ],
      [
        -0.18284358977552218,
        0.16503801881505797,
        0.33314921931076585,
        -0.3927152627310502,
        0.5412515010432598,
        0.11103105861284789,
        -0.3979595159165965,
        0.41717896664220355
      ],
      [
        -0.02491326150986401,
        0.24836858648583887,
        -0.062193245704962596,
        0.034568508835912504,
        -0.07692927300927704,
        0.12942081554604373,
        -0.4005442874320934,
        -0.18375417948632675
      ],
      [
        -0.40831579093571363,
        0.1360776586131397,
        0.12529230929621832,
        -0.43969100600154065,
        0.07386312775988586,
        -0.20584268073134845,
        0.10065211022788234,
        -0.2692614424539641
      ],
      [
        0.10920700871415806,
        -0.20510975137429596,
        0.49656872007170244,
        -0.376254007709079,
        -0.19153095740489584,
        -0.13307415961983793,
        0.5226228836610308,
        0.27240697763120886
      ],
      [
        0.005255536536776855,
        0.4258935817564034,
        0.20393195178130413,
        -0.09780917901393078,
        0.2640729729104108,
        -0.24340020368196744,
        -0.40398364548622356,
        0.6319124582113597
      ],
      [
        0.4382257425172071,
        0.17376566367068005,
        -0.20456741314872876,
        -0.15034306629882954,
        0.3450730925800321,
        0.36294801341585736,
        0.43138731911456296,
        0.31440249385555646
      ],
      [
        0.1129801430797314,
        -0.40993489530401456,
        -0.4216929377278576,
        0.4058371292793873,
        0.14002160040000236,
        -0.6221231280253406,
        -0.25966671905692834,
        0.1313098236306585
      ],
      [
        -0.5018851634281114,
        -0.36954626304625476,
        0.025168178318029873,
        0.2357657957583772,
        0.09433266624326718,
        -0.1912994204748275,
        0.2400243047301127,
        -0.2697380071277019
      ],
      [
        -0.3396362000909368,
        0.07600069267307426,
        0.29221412817090225,
        0.3629292804354208,
        0.1573085565053579,
        0.20317319431476755,
        -0.21447589830449465,
        -0.3022150517260669
      ],
      [
        -0.08650658788507905,
        -0.11003582765905776,
        0.37066792229803497,
        -0.2700981757077528,
        0.691334356787892,
        0.0318776436110065,
        0.2303068312519716,
        0.14679880546315252
      ],
      [
        0.10932621797927092,
        0.027151587691166032,
        -0.341135554407276,
        0.22963467243701002,
        -0.15893250077880566,
        -0.45399404958768563,
        0.12620537370137042,
        -0.2756878525150969
      ]
    ],
    [
      [
        0.8119857456525256
      ],
      [
        0.7293469906839256
      ],
      [
        -0.29673876321106163
      ],
      [
        -0.3258939032327607
      ],
      [
        0.9993925127895334
      ],
      [
        -0.22514729222360733
      ],
      [
        -0.5776556784640857
      ],
      [
        0.1868715371893167
      ]
    ]
  ],