{
  "trained_at": "2026-05-15T03:22:25.369992",
  "n_samples": 4846,
  "n_features": 6,
  "feature_names": [
    "log1p_days_since_last",
    "n_correct",
    "n_wrong",
    "accuracy",
    "log1p_n_reviews",
    "log1p_days_since_first"
  ],
  "scaler_mean": [
    1.5794734555422947,
    2.8869170449855552,
    1.1172100701609575,
    0.7348477024825323,
    1.4718885908804114,
    2.4978961122066137
  ],
  "scaler_std": [
    0.8864908887035898,
    1.914604391348746,
    1.2873735752592181,
    0.2842641162255511,
    0.5258982310935362,
    1.0664046859998895
  ],
  "weights": [
    [
      [
        -0.2010742492170302,
        0.2629141273109671,
        0.5559122193254291,
        -0.06341526403963196,
        -0.22636024615146028,
        -0.46432821889546033,
        -0.5884343462564292,
        0.43917797233145045,
        0.08451496571286672,
        0.33056014883886453,
        -0.8277745347737299,
        0.49924468767282876,
        0.3985431126658884,
        -0.26036094418496997,
        -0.25314136657614017,
        -0.3669894680196044
      ],
      [
        0.14327124377641262,
        0.418524262872025,
        0.018940915762688384,
        -0.09643316138224176,
        0.20055594017236023,
        -0.30188096317162805,
        -0.18840893010097098,
        -0.13603547864068913,
        -0.2542429434101148,
        0.3635097859336478,
        -0.016895158357400877,
        0.07378758449028525,
        -0.12489589104746088,
        -0.6148196933789303,
        0.16701518049582606,
        -0.28611634198525815
      ],
      [
        -0.5886798041184198,
        0.36198261103178614,
        0.6124825322784769,
        0.20267826547937845,
        -0.07850955691844448,
        -0.4139987218701836,
        0.17743003514694236,
        0.03292421425114737,
        -0.2800074715816028,
        -0.08282114833394186,
        -0.6460505790073161,
        0.44001018432867417,
        -0.05375838975444748,
        0.33632128068189904,
        -0.20280262796526563,
        0.1228502329745778
      ],
      [
        0.3152665140142469,
        0.027215432128007786,
        0.44593096168097784,
        0.45381989939175854,
        0.3296003703384071,
        0.39134100852854026,
        -0.03415353289918212,
        0.31966985216641525,
        -0.5468706136547627,
        -0.11552702676299323,
        -0.32279631200324543,
        -0.1312861759011014,
        -0.36573523424711757,
        -0.26345435049691274,
        0.3352268703066858,
        -0.04325729989499703
      ],
      [
        -0.11695167476337076,
        0.24611886673817676,
        -0.23496019969703044,
        0.35553172787606596,
        -0.34666625971261067,
        0.4889356405145094,
        0.10689228756327146,
        -0.20882416155925512,
        -0.5267438563058772,
        0.3554930387461955,
        0.3440755059880553,
        0.5002993015518163,
        0.19490153409507008,
        -0.38506063223585085,
        -0.14012564257551063,
        -0.2919346666027171
      ],
      [
        0.4054307372868318,
        0.18072829741479146,
        0.10272488017692218,
        -0.46584642334505233,
        -0.12416202995074524,
        -0.2799202270342957,
        -0.04823492975644289,
        0.24469662667517578,
        0.26057253924220214,
        -0.11718682933299834,
        -0.3282873714068506,
        0.1278531969642567,
        0.25592206737236084,
        -0.004483712461600261,
        0.20169111728523792,
        0.01783638949400576
      ]
    ],
    [
      [
        0.5409429901093225,
        0.40818181223550004,
        0.006850843351824059,
        -0.01120439448573042,
        0.5340068138376831,
        -0.5078982266164205,
        0.3005017203471053,
        0.14361984445094386
      ],
      [
        0.2612792062835572,
        0.3602094725236576,
        -0.176013028309214,
        -0.23524907409804027,
        -0.3096343383106151,
        -0.19419150327949763,
        0.2607991125733543,
        0.1951515944261124
      ],
      [
        -0.5618141001499152,
        -0.07984773177245692,
        -0.23379889654091385,
        0.2729329684276874,
        -0.4823462309177435,
        -0.000724177931187028,
        0.30287491756695917,
        -0.4532912581418731
      ],
      [
        0.12112441606525226,
        0.29362460961614045,
        -0.10581626486000621,
        0.29444206737381695,
        0.37387499622173653,
        -0.22490933525494072,
        0.05666361766878117,
        -0.028099411399558478
      ],
      [
        -0.13390967807618154,
        -0.38234197629780664,
        0.04521893673784694,
        -0.007907834046383878,
        -0.24821696536423843,
        -0.2819420941805461,
        0.3314881371919542,
        -0.15688750782462152
      ],
      [
        -0.16991721771185275,
        0.1662784853570911,
        0.33483656471101775,
        -0.3927207096491332,
        0.527073923332439,
        0.05658288740918178,
        -0.34750557991616077,
        0.40121566588918084
      ],
      [
        0.14827410436063337,
        0.41340641990391963,
        -0.18094016340433358,
        0.026358091427878122,
        -0.013412028162817377,
        0.021568351847497433,
        -0.32012801167745064,
        0.0004674734101362297
      ],
      [
        -0.4317463702700841,
        0.09986604833409689,
        0.09533910448647472,
        -0.18929286812204943,
        0.08357337687940028,
        -0.11298204274870877,
        0.07744859915065928,
        -0.35440871738895274
      ],
      [
        0.11172519747596689,
        -0.1825969389917645,
        0.4917734609340298,
        -0.3083266716317986,
        -0.08217831883451067,
        -0.16312656899193154,
        0.4915763637425015,
        0.2709622596976212
      ],
      [
        -0.0888746291819242,
        0.31218152882287487,
        0.066425080449508,
        0.026228659400146886,
        0.0963194181238094,
        -0.0456474082843497,
        -0.6509095228742906,
        0.3785825755851955
      ],
      [
        0.4400485434072505,
        0.17739804238015358,
        -0.21395723069198633,
        -0.12483142640111981,
        0.35882565749822093,
        0.3374713584870388,
        0.4500322010176571,
        0.3077606293702934
      ],
      [
        0.1952300483217464,
        -0.3427820880999626,
        -0.43107852159796534,
        0.5029266475292862,
        0.19933836932547103,
        -0.7390437742721184,
        -0.503905988224874,
        0.09502993670661428
      ],
      [
        -0.5046123928079078,
        -0.3610110042499617,
        -0.06478076943145984,
        0.47456039551894835,
        0.16322142738702566,
        0.1472424572716567,
        0.07319116800054302,
        -0.43143920135399555
      ],
      [
        -0.3594455850244002,
        0.06030325704140602,
        0.2575498468584559,
        0.4231384224631337,
        0.0946169572157586,
        0.26772293851547807,
        -0.2194461810145229,
        -0.3078800353056984
      ],
      [
        -0.07153582641342358,
        -0.09025387123723423,
        0.29992699122489386,
        -0.3460992638408741,
        0.6641854514661392,
        -0.06535662049296224,
        0.16528425575304992,
        0.1425399672295007
      ],
      [
        0.06603518462970434,
        -0.012323345369244435,
        -0.3324719176381121,
        0.19814864101796287,
        -0.16010176453126912,
        -0.4124751697216457,
        0.15039854761483357,
        -0.30871069307292937
      ]
    ],
    [
      [
        0.8665865225196027
      ],
      [
        0.7022330938540086
      ],
      [
        -0.31279986950491295
      ],
      [
        -0.3580651822094726
      ],
      [
        0.9571468048986282
      ],
      [
        -0.23253291744837132
      ],
      [
        -0.5423837373027338
      ],
      [
        0.17940339231579935
      ]
    ]
  ],