{
  "trained_at": "2026-03-30T04:42:46.990469",
  "n_samples": 941,
  "n_features": 6,
  "feature_names": [
    "log1p_days_since_last",
    "n_correct",
    "n_wrong",
    "accuracy",
    "log1p_n_reviews",
    "log1p_days_since_first"
  ],
  "scaler_mean": [
    1.4320775994353496,
    1.6992561105207227,
    0.7715196599362381,
    0.6903226894725301,
    1.1676306219380195,
    2.015672836114933
  ],
  "scaler_std": [
    0.7579518834018467,
    1.1441713303690237,
    0.9368343414398588,
    0.3575993057270555,
    0.38971750824915574,
    0.8777504407101988
  ],
  "weights": [
    [
      [
        -0.33105925230409666,
        0.4807198311272892,
        0.01275172676621429,
        -0.15203060063682047,
        -0.30045038743623276,
        -0.2735528783787942,
        -0.3386219411118198,
        0.4012724500971343,
        0.13722161733224209,
        0.15804996989326123,
        -0.6936150164923658,
        0.441965344929017,
        0.41395500354642895,
        -0.0738278652356573,
        -0.22602388825667877,
        -0.3269904763929398
      ],
      [
        -0.05248607808807498,
        0.25314755243578557,
        -0.03593205257775241,
        -0.20213977176774722,
        0.1451221699196193,
        -0.5143316229555281,
        -0.38863228162513613,
        -0.2552794396472969,
        0.030218439926343103,
        0.5688391403941742,
        -0.03765311077297951,
        -0.019646128620248022,
        -0.03916672625942955,
        -0.6980287018216691,
        0.028403891343226063,
        -0.30925717287023247
      ],
      [
        -0.605175688861954,
        0.3243873884151186,
        0.6177352473324467,
        0.2687025832651138,
        -0.13806327622453832,
        -0.26535884701836965,
        0.24598420288204317,
        0.04039251489502733,
        -0.3453616877228837,
        -0.15293568904265453,
        -0.5322685144415278,
        0.48437199720035806,
        -0.24666276006178584,
        0.15876039712957205,
        -0.16046310405633796,
        -0.06301725703210322
      ],
      [
        0.20283380506255505,
        -0.13484566932846997,
        0.4382890967008787,
        0.4114704505695531,
        0.393056176845202,
        0.3700810739607412,
        -0.06580560915481208,
        0.3275087019896705,
        -0.5082850649977434,
        -0.13721078258974315,
        -0.2649113074146503,
        -0.19974562681867256,
        -0.20856475612222788,
        -0.3355696905619606,
        0.29637995784296484,
        -0.10570552595505117
      ],
      [
        -0.2591263742339979,
        0.21400693962473877,
        -0.3079834628296543,
        0.3624532912659151,
        -0.3924728248536241,
        0.5710131243820327,
        0.2191049361688642,
        -0.24687517655475866,
        -0.43040747253312234,
        0.513375439137742,
        0.4715568139985665,
        0.33528490371447506,
        0.1323317550427342,
        -0.6226859426869131,
        -0.12598068754633537,
        -0.4462961313751373
      ],
      [
        0.27691260756985,
        0.18740232121687536,
        -0.10884273505906854,
        -0.5766609175602759,
        -0.1909634116213737,
        -0.15763203719160013,
        0.28822578898905815,
        0.22050688687150674,
        0.4503418238555566,
        -0.10259264342116155,
        -0.45835396400509226,
        0.26279996063867245,
        0.2733125264730917,
        -0.017219260150639182,
        0.322424181991599,
        -0.09645444525625958
      ]
    ],
    [
      [
        0.547561762733024,
        0.42987597324969834,
        0.026659063030595013,
        0.24155318599903922,
        0.5499322364379288,
        -0.4411387847903413,
        0.28884972527208985,
        0.17734444818558387
      ],
      [
        0.20611379099242066,
        0.28215477034240244,
        -0.16825980853133501,
        -0.27242415563916067,
        -0.23013581466384167,
        -0.16993661737351579,
        0.5220311550878538,
        0.23157343631289284
      ],
      [
        -0.6069388515019525,
        -0.17089497042774981,
        -0.10097529642979489,
        -0.022357147121385763,
        -0.213905375713314,
        0.0023675506605147943,
        0.363934215767353,
        -0.31585693071201837
      ],
      [
        0.0987361665740202,
        0.2957234715700321,
        -0.3493443740400868,
        0.4332852747933172,
        0.8001214006081907,
        -0.5183306370914146,
        -0.10620330537141372,
        -0.10182561522535465
      ],
      [
        -0.1662581328260237,
        -0.4151815495675514,
        0.06176386556410001,
        -0.036617105230382176,
        -0.37531999358051366,
        -0.2892846790581894,
        0.3583758519096474,
        -0.21380345258045846
      ],
      [
        -0.21692804541160368,
        0.12934940388554672,
        0.37753909331601904,
        -0.5786557727943538,
        0.4844604986049209,
        0.13917757442591722,
        -0.3499833007397965,
        0.379036043219393
      ],
      [
        -0.19425250472692812,
        0.07201316778029454,
        0.17171852961508072,
        0.12499139532365346,
        -0.15347502918291278,
        0.25516155793505946,
        -0.19004017879946347,
        -0.40897849412048887
      ],
      [
        -0.4083491027145548,
        0.14894140150125695,
        0.1305619297239756,
        -0.3931406083176405,
        0.0828720194987762,
        -0.3022335446162065,
        0.09453891153074531,
        -0.2706840412478396
      ],
      [
        0.13169576770351832,
        -0.1674379097206893,
        0.4805095000017908,
        -0.1385440742013393,
        -0.17399066292631687,
        -0.2508127841653235,
        0.429913495917478,
        0.31260064263498205
      ],
      [
        0.06001358443673787,
        0.48775316764944093,
        0.13800586801713646,
        -0.1753708541985892,
        0.17063638610713575,
        -0.40709182638077795,
        -0.5188762490108274,
        0.7131558454612821
      ],
      [
        0.4443040629305798,
        0.18047387992602004,
        -0.16523743453302384,
        -0.09269613594387886,
        0.3304828780009989,
        0.3917919894277981,
        0.4035293715572076,
        0.3305704192546305
      ],
      [
        0.08413625885875405,
        -0.4757769320673757,
        -0.32262445700343456,
        0.4868488041063828,
        0.08989727624288414,
        -0.4239363725898504,
        -0.21709881926638996,
        0.09510368127785616
      ],
      [
        -0.5001087590320026,
        -0.33625434207609695,
        0.05480487303119687,
        0.26015019341691953,
        0.044476539712369506,
        -0.2560274291820952,
        0.20958226101967933,
        -0.2814913201424999
      ],
      [
        -0.32139178402756463,
        0.10004506805151482,
        0.30073707315186154,
        0.49748840261801386,
        0.11950231568401853,
        0.20598206515019427,
        -0.309786503776704,
        -0.27646646582416823
      ],
      [
        -0.11319811473246538,
        -0.13561551894923324,
        0.3710956126603413,
        0.030295328857998537,
        0.7067423608401808,
        0.044670042759679715,
        0.19093649988994774,
        0.13733924194148525
      ],
      [
        -0.005549332763978402,
        -0.09203768098905553,
        -0.22800456891570237,
        0.35173447917357137,
        -0.27490480913028414,
        -0.37904412900063683,
        0.19652977396727841,
        -0.39910384307697583
      ]
    ],
    [
      [
        0.8481335043121333
      ],
      [
        0.7751521238762492
      ],
      [
        -0.2740546464978242
      ],
      [
        -0.3514712020600292
      ],
      [
        0.9496198033997844
      ],
      [
        -0.2158036616829815
      ],
      [
        -0.5006106536837925
      ],
      [
        0.23629450158698026
      ]
    ]
  ],