{
  "trained_at": "2026-05-20T17:07:56.467802",
  "n_samples": 5328,
  "n_features": 6,
  "feature_names": [
    "log1p_days_since_last",
    "n_correct",
    "n_wrong",
    "accuracy",
    "log1p_n_reviews",
    "log1p_days_since_first"
  ],
  "scaler_mean": [
    1.5900724890199782,
    2.981418918918919,
    1.1291291291291292,
    0.7374316628226877,
    1.4897437454683067,
    2.5218305219271975
  ],
  "scaler_std": [
    0.892670600136963,
    1.9911195709520413,
    1.2851046012595677,
    0.28073209801343946,
    0.5329643790420961,
    1.0855278250227585
  ],
  "weights": [
    [
      [
        -0.15539910233989968,
        0.28318374677568514,
        0.5841670562360859,
        -0.07435366678890191,
        -0.2899509049412388,
        -0.3185035507707272,
        -0.6362833329763224,
        0.4656851575075998,
        0.126973170828702,
        0.12250058073998128,
        -0.8209887202323785,
        0.46904058117451713,
        0.37130804814598434,
        -0.2568361740186414,
        -0.21520607787243748,
        -0.3502864530531338
      ],
      [
        0.00042264427799284756,
        0.39474797149650326,
        -0.018563824359171237,
        -0.12211704460567331,
        0.1987861359014729,
        -0.22883990608313692,
        -0.16581241579658684,
        -0.1258389463406677,
        -0.22534765651936295,
        0.5266963119955042,
        -0.045889458407210794,
        0.12685267071960468,
        -0.12798765053448943,
        -0.6125147726157828,
        0.174272906338688,
        -0.3528890290284813
      ],
      [
        -0.6578922437224775,
        0.3599830116629052,
        0.6559669651932595,
        0.20851944082984528,
        -0.08730152433459697,
        -0.37006391790870957,
        0.14008724672471085,
        0.0508560814844497,
        -0.30222406383490746,
        -0.08522512309059638,
        -0.6809949223542091,
        0.4111706054870554,
        0.01768021356241411,
        0.334012234649489,
        -0.1936956630205297,
        0.170697767325086
      ],
      [
        0.30142205705415176,
        0.02188771107854714,
        0.41612983239118084,
        0.43873180141274337,
        0.3398346611489951,
        0.405104141702684,
        0.004591359418426244,
        0.330901262798656,
        -0.5216896556892655,
        -0.006119270671195487,
        -0.28477972615218405,
        -0.11985833584309319,
        -0.38609669606300884,
        -0.27765508105804576,
        0.3191731256341478,
        -0.08732532106001585
      ],
      [
        -0.19930269837903114,
        0.23613774206693433,
        -0.22411578387389716,
        0.3453383626701101,
        -0.3491952811225692,
        0.6490796323502391,
        0.12589434276092207,
        -0.2057616582828111,
        -0.5225389790447187,
        0.4771824268208546,
        0.3252299813108641,
        0.5379732503772368,
        0.23487415923763597,
        -0.4023831923349535,
        -0.10971489427309442,
        -0.29459227562521995
      ],
      [
        0.41396491576098043,
        0.1611966006708382,
        0.1191742926022248,
        -0.4826976949728848,
        -0.14452297439205275,
        -0.2393502959878508,
        -0.05807110520097009,
        0.2329406551084679,
        0.3038086490408951,
        -0.0992544681641251,
        -0.35922644591924624,
        0.13842344390820982,
        0.28637032770069204,
        -0.014621236687679626,
        0.23003462176976194,
        -0.006775874262183827
      ]
    ],
    [
      [
        0.5334813187107891,
        0.3995636880942612,
        0.037480954531980464,
        0.01322321890768948,
        0.5273363821248449,
        -0.46582345957428306,
        0.3307226412532723,
        0.13571859566577824
      ],
      [
        0.24284749311281079,
        0.33593644764601166,
        -0.2005820982379822,
        -0.3120691337657575,
        -0.3567007612592835,
        -0.14033636705501043,
        0.023112643606749993,
        0.18437094854366745
      ],
      [
        -0.6004672799905473,
        -0.12302371740732453,
        -0.2256581901530852,
        -0.0878709995263059,
        -0.37386254563474075,
        -0.0002607131228304518,
        0.3186210370291091,
        -0.510904725159899
      ],
      [
        0.13410577289124234,
        0.2999484469749543,
        -0.10854784879294477,
        0.3936848394473,
        0.3815833779803896,
        -0.2502169008683904,
        0.042720882683486984,
        -0.0415617713482726
      ],
      [
        -0.14373072969577383,
        -0.3922200454672692,
        0.05169075440178675,
        -0.022066576418242438,
        -0.26787944443548983,
        -0.3020174724803393,
        0.34032209999521656,
        -0.1697238465659564
      ],
      [
        -0.14221514549101535,
        0.19456412897686315,
        0.32946815449609607,
        -0.4941447446628847,
        0.5747374486243163,
        -0.03489239184071391,
        -0.35904105636030914,
        0.4414990236665874
      ],
      [
        0.15957453384348647,
        0.4276713304373288,
        -0.16780403696083648,
        0.20550990073111744,
        0.009304715131719338,
        0.020960834791742385,
        -0.40179036218197123,
        0.009251069390165307
      ],
      [
        -0.4206417557016599,
        0.09978577878965032,
        0.10902887091018974,
        -0.02792765091253956,
        0.11575984213806848,
        -0.17106030229267044,
        0.11741673685095008,
        -0.34691179778358006
      ],
      [
        0.10595571954695458,
        -0.1964520100998513,
        0.49074600393580137,
        -0.5623329272227868,
        -0.04789315984704388,
        -0.17472447100953686,
        0.4915109025213501,
        0.24775470154304077
      ],
      [
        -0.009473327487150237,
        0.37995490002357807,
        0.10874374175619023,
        -0.16125617235063935,
        0.08692695932942959,
        -0.16375991365205314,
        -0.6309021436317156,
        0.5086275980216154
      ],
      [
        0.4510062663982077,
        0.18832407402080067,
        -0.2214468861263056,
        -0.06347663596705455,
        0.3759252787540255,
        0.32559209194704025,
        0.42395328545958766,
        0.31481005247636135
      ],
      [
        0.19508975366304618,
        -0.34819783765640616,
        -0.4627521331272863,
        0.3160829542816707,
        0.20536173671987817,
        -0.7924778876025933,
        -0.5944262509057378,
        0.10483305668697321
      ],
      [
        -0.5324883188252572,
        -0.3867138423723398,
        -0.06435310429443149,
        -0.10728119850429238,
        0.20679403789565298,
        0.1471356373435965,
        0.07596202202101823,
        -0.44899437440301226
      ],
      [
        -0.3692203257706584,
        0.04750060517477678,
        0.2722169279010501,
        0.34513855889913775,
        0.09802210933614043,
        0.25412388669003083,
        -0.2138001924761153,
        -0.34775574030072304
      ],
      [
        -0.060415359777412164,
        -0.08109180078729206,
        0.30626976879849543,
        -0.019974044398409815,
        0.6924004072630798,
        -0.03449603102893805,
        0.12749949664359223,
        0.16023393561089003
      ],
      [
        0.037497708698863035,
        -0.041787673391116734,
        -0.3092135644891006,
        0.15936345464972365,
        -0.18176473983281952,
        -0.3759820696834541,
        0.1950801894803206,
        -0.35933283527897697
      ]
    ],
    [
      [
        0.8628267617209429
      ],
      [
        0.7150172967947561
      ],
      [
        -0.32003876634946143
      ],
      [
        -0.46364708721355746
      ],
      [
        0.9877194729156192
      ],
      [
        -0.19554023540827692
      ],
      [
        -0.5683116546967244
      ],
      [
        0.21021522803884424
      ]
    ]
  ],