{
  "trained_at": "2026-04-14T06:54:39.231996",
  "n_samples": 2070,
  "n_features": 6,
  "feature_names": [
    "log1p_days_since_last",
    "n_correct",
    "n_wrong",
    "accuracy",
    "log1p_n_reviews",
    "log1p_days_since_first"
  ],
  "scaler_mean": [
    1.4178617357264054,
    1.8922705314009662,
    0.8144927536231884,
    0.7067348901769203,
    1.2223185281601134,
    2.0624395112100586
  ],
  "scaler_std": [
    0.7947778447048485,
    1.2555146621642115,
    1.0315705434818148,
    0.3340474483080389,
    0.41379691034725596,
    0.9148425948372948
  ],
  "weights": [
    [
      [
        -0.06031812409257156,
        0.5359597053458195,
        0.16392580823919647,
        -0.14039649505853838,
        -0.209781898753792,
        -0.3745730720057673,
        -0.4281602130885843,
        0.34617255190101986,
        0.1919017869207212,
        -0.016205234513624565,
        -0.7901115008333945,
        0.3216860942158776,
        0.39508468066874064,
        0.018468257003430712,
        -0.3098468309527387,
        -0.3504409534466143
      ],
      [
        0.05257108484482891,
        0.30449966015042146,
        -0.10893615835628546,
        -0.15488143951288705,
        0.15342235707845,
        -0.4459930650188653,
        -0.29822575727765277,
        -0.1076669985726848,
        -0.1341225997273275,
        0.6386824449670915,
        0.008003872159137837,
        0.16424528861165089,
        0.008514387338968829,
        -0.6127204812282866,
        0.18059470263949143,
        -0.2616680528203318
      ],
      [
        -0.5698426469016347,
        0.21544585277280326,
        0.6307665995704751,
        0.19799519143615651,
        -0.10140655058377078,
        -0.37710428626560066,
        0.14835455295024658,
        -0.03119901182364895,
        -0.30969969791968066,
        -0.1696316286014228,
        -0.555775124282548,
        0.4271205680009575,
        -0.17458076679904352,
        0.10664614224586763,
        -0.14850193012790375,
        -0.10209221901327616
      ],
      [
        0.21822258865934174,
        -0.04440723508864783,
        0.4034927107934929,
        0.43852786421076406,
        0.3540462473556966,
        0.41753960974282317,
        0.16833462375254998,
        0.380693240800721,
        -0.580248607802503,
        -0.06190815271347841,
        -0.2666607176099629,
        0.02592237145585989,
        -0.14690818020730445,
        -0.2012641108372327,
        0.3209086744556724,
        -0.0563198404300825
      ],
      [
        -0.12490302692445521,
        0.12433250680222055,
        -0.2842202519442171,
        0.28198752493546925,
        -0.37838609131578144,
        0.4691356961641029,
        0.19293426400709413,
        -0.24265140857538536,
        -0.46278437708935144,
        0.42522395415468306,
        0.41060698854056177,
        0.5266972211412866,
        0.1759082579495548,
        -0.5097517652862159,
        -0.09367112924312578,
        -0.39962405927520017
      ],
      [
        0.419693889673005,
        0.3650799780355101,
        -0.024663876630971793,
        -0.5365885449666451,
        -0.12879677350333954,
        -0.17850578356047248,
        0.1149546668795245,
        0.12640488551470883,
        0.3498161988572903,
        -0.06530162385995565,
        -0.3379528093658174,
        0.21362492836200814,
        0.35670048281731337,
        -0.062177212426985845,
        0.23957034347292674,
        -0.011446129520110038
      ]
    ],
    [
      [
        0.5232156698961157,
        0.40412643225850686,
        0.09290159447999705,
        -0.2674063421651557,
        0.4828109914531655,
        -0.44450595562318984,
        0.3319624372020845,
        0.14172364941375212
      ],
      [
        0.12865657141625025,
        0.2372750263642766,
        -0.06839071745970225,
        -0.2671438054014073,
        -0.2585135242240108,
        -0.09239849513065133,
        0.6408998427954217,
        0.17017985662409182
      ],
      [
        -0.44363935793758474,
        0.11542618154325458,
        -0.08951688210604407,
        -0.21601095329443687,
        -0.12494037027498628,
        -0.01522164706012232,
        0.3565836944118974,
        -0.11497137518727311
      ],
      [
        0.12274702898437226,
        0.29677283668055326,
        -0.3118788937744428,
        0.5076004755132812,
        0.7019304780693877,
        -0.48454456200562024,
        -0.1637747079759223,
        -0.056029571590328384
      ],
      [
        -0.14692393755058533,
        -0.38945831377514994,
        0.04807623163506655,
        -0.1445983907408064,
        -0.2618578762210986,
        -0.26274517262158176,
        0.3385224376411051,
        -0.16833583092416957
      ],
      [
        -0.18173215523726988,
        0.16627290399343356,
        0.32165033216322536,
        -0.31907486021933046,
        0.5534499650683206,
        0.08385585467502293,
        -0.3974341583431595,
        0.40807857001668446
      ],
      [
        -0.04070971668549646,
        0.24571575204580207,
        -0.0906549772193353,
        0.1193374208056486,
        -0.16107621504809208,
        0.12565814025638902,
        -0.4626554882996943,
        -0.1914509738726078
      ],
      [
        -0.3979006351022331,
        0.1474338553517553,
        0.12560114585540552,
        -0.34986446093805434,
        0.08563762268141872,
        -0.22814207386248042,
        0.09197952418478456,
        -0.253196037020623
      ],
      [
        0.11807886329244634,
        -0.1831687267398681,
        0.4808430613586188,
        -0.337708945697724,
        -0.1373865893782787,
        -0.13534166875265177,
        0.5206828839886616,
        0.2781677406447045
      ],
      [
        0.11378244182864734,
        0.5677527048557163,
        0.3773760867079738,
        -0.4396792027164516,
        0.41228794388810314,
        -0.08616094197038633,
        -0.30502380379094,
        0.7092795160655626
      ],
      [
        0.44948998840487225,
        0.18723427697902614,
        -0.20351353996847477,
        -0.11509444664722063,
        0.35130947830841963,
        0.3532952118227035,
        0.4110234308636518,
        0.3227029697817332
      ],
      [
        0.10653893763836297,
        -0.4157314783419003,
        -0.45748631565448367,
        0.48001507410713334,
        0.20795882556307993,
        -0.5664696341370912,
        -0.24981443615298524,
        0.12025732598291704
      ],
      [
        -0.5360812730288458,
        -0.36758649438604923,
        0.10794730305743994,
        0.23402296011216533,
        0.060036378369880516,
        -0.10982355747164044,
        0.3291722044592954,
        -0.3041707671825498
      ],
      [
        -0.32103423863666886,
        0.10089558570241515,
        0.306208140184786,
        0.328724805998913,
        0.1598829099525885,
        0.21550203228153228,
        -0.19409749459893783,
        -0.2820677484807905
      ],
      [
        -0.13343033469562962,
        -0.15707959378577394,
        0.3901211181573622,
        -0.17449805367260232,
        0.5846138041620347,
        0.021502411669973964,
        0.25715548747188,
        0.08434914517966673
      ],
      [
        0.11672576173451416,
        0.03557235949088866,
        -0.3416711479619925,
        0.2370584785294303,
        -0.1732522541525209,
        -0.4793988650698671,
        0.11554835041917778,
        -0.2610459351472371
      ]
    ],
    [
      [
        0.7712964867479238
      ],
      [
        0.7231102666795333
      ],
      [
        -0.31890555318184655
      ],
      [
        -0.44702577626240014
      ],
      [
        0.9636176728130449
      ],
      [
        -0.2581852049851896
      ],
      [
        -0.57949027545243
      ],
      [
        0.1755284542454244
      ]
    ]
  ],