{
  "trained_at": "2026-07-12T10:23:19.907140",
  "n_samples": 10739,
  "n_features": 6,
  "feature_names": [
    "log1p_days_since_last",
    "n_correct",
    "n_wrong",
    "accuracy",
    "log1p_n_reviews",
    "log1p_days_since_first"
  ],
  "scaler_mean": [
    1.7687637106199883,
    3.9644287177577056,
    1.2251606294813298,
    0.7666964688590326,
    1.655891255505461,
    2.7919925366228067
  ],
  "scaler_std": [
    0.9671429446668768,
    2.7316660520439813,
    1.2747069066712935,
    0.2476500954424087,
    0.5874875140968772,
    1.1966648312933508
  ],
  "weights": [
    [
      [
        -0.2542155663288656,
        0.36056655534325127,
        0.603447350190491,
        -0.1969902027155324,
        -0.21683851624198888,
        -0.24421714691125698,
        -0.489823816325279,
        0.4500268900739826,
        0.10735838576626185,
        0.06312810858676624,
        -0.7991194361048326,
        0.4731765099767527,
        0.40553077345788036,
        -0.17136229934739555,
        -0.30823218312195105,
        -0.17253416884170247
      ],
      [
        -0.04887597849485733,
        0.16242183041562508,
        -0.03806440393224633,
        -0.1758771964716086,
        0.1761016423746505,
        -0.25541613004007385,
        -0.14636327025506898,
        -0.2763987511170938,
        -0.18573976848614066,
        0.4687889842123987,
        -0.2013771004851547,
        0.27618442459998693,
        -0.06297643408755549,
        -0.46955368094471583,
        0.1404814305733074,
        -0.4119653569104594
      ],
      [
        -0.6183124681027057,
        0.4086338466722662,
        0.6347560698811734,
        0.36467179188823773,
        -0.13506178078573972,
        -0.35676568714830986,
        0.20275590682555866,
        0.043398139153870904,
        -0.28344764123392513,
        -0.09947473883703126,
        -0.6188046223126168,
        0.24205572616787532,
        -0.01874440876569891,
        -0.05845571169763973,
        -0.18235566749022664,
        0.14135122940249117
      ],
      [
        0.27484990217220306,
        -0.16064767966716204,
        0.23390878723950975,
        0.45003976162443404,
        0.38703474251708225,
        0.45396568052408637,
        0.12620814212241122,
        0.29437652612136633,
        -0.44258966150858337,
        -0.1693001968192981,
        -0.33341577600913636,
        0.06460317227041375,
        -0.26415924836044613,
        -0.07727386427638595,
        0.2800654164426435,
        -0.010797572980143099
      ],
      [
        -0.1752307194966173,
        0.15850440727508358,
        -0.28521898101965654,
        0.3855613465978629,
        -0.37752788232862056,
        0.6897082242132773,
        0.36171657845038296,
        -0.2801858969754402,
        -0.5486253292514772,
        0.4677390951807314,
        0.25408644906579997,
        0.49469822678172526,
        0.20424704941872648,
        -0.4777967290585845,
        -0.09045769378515627,
        -0.3595004973401181
      ],
      [
        0.3288840071451306,
        0.1962205977353962,
        -0.1274939336664728,
        -0.3994924940246166,
        -0.1812896937879051,
        -0.14888963660583693,
        0.12016146854365937,
        0.1727016699203268,
        0.31322435757158335,
        -0.02671189160575791,
        -0.30808638715286624,
        0.33402202210807197,
        0.2626154609524548,
        0.033540326157982435,
        0.26481861623006975,
        -0.007514647441165307
      ]
    ],
    [
      [
        0.5075066256381422,
        0.39452594770662075,
        -0.02647800436122357,
        -0.020498952815576853,
        0.5044474624029721,
        -0.4297448584797771,
        0.2732803472962441,
        0.12116642748999128
      ],
      [
        0.22754576378020913,
        0.3282514284361727,
        -0.4019367364025179,
        -0.29216731739541185,
        -0.2399490443536846,
        -0.09833444342362861,
        -0.04303493709568112,
        0.1959354008404524
      ],
      [
        -0.7011224718481346,
        -0.14646658850889138,
        -0.11898608374881778,
        -4.2007847509975213e-10,
        -0.663267786232541,
        -0.0012705374188891952,
        0.14843593451297077,
        -0.4484648682569338
      ],
      [
        0.2498399770497342,
        0.41548423338849383,
        -0.23790070858923154,
        0.00021076265588823955,
        0.6537007545144624,
        -0.21406551676828042,
        -0.21605962582673968,
        0.08171045204073701
      ],
      [
        -0.14606865526780044,
        -0.3878492435667882,
        0.050260200452280204,
        -1.8267775022727517e-05,
        -0.2771409647080511,
        -0.23026846315655755,
        0.3347539404714942,
        -0.16188188646928092
      ],
      [
        -0.11569141794584047,
        0.2234467948275778,
        0.3286525053505193,
        -0.013995181696512421,
        0.6430852251385155,
        -0.061222093689039456,
        -0.4360700344729017,
        0.4510026743187822
      ],
      [
        -7.930855562778434e-05,
        0.2614264222427487,
        0.020614922063259242,
        0.0008482035599097703,
        -0.025087620382919725,
        0.06498518302745938,
        -0.514939212127248,
        -0.12779903923913874
      ],
      [
        -0.4577646721295049,
        0.11833087219902308,
        -0.020212017882505026,
        -0.011583665105893997,
        0.03752803753307163,
        -0.2450765006858428,
        0.04612384898972534,
        -0.36080897067979256
      ],
      [
        0.0688493519075809,
        -0.21628091530967275,
        0.38572646088609874,
        -0.0033514793890377314,
        -0.11686537631673104,
        -0.24641323665793957,
        0.47105780198101077,
        0.19542578416202652
      ],
      [
        -0.04812918136541194,
        0.32830719763787075,
        0.45708469083032843,
        -0.03032867818212589,
        0.29823008716212723,
        0.1358686699417956,
        -0.06125992082754625,
        0.5144992592913196
      ],
      [
        0.4388340336989117,
        0.1740647643566793,
        -0.22113293069706538,
        -0.026199927154550284,
        0.35501748641942743,
        0.2972234074332633,
        0.3498781094585221,
        0.30046111252587143
      ],
      [
        0.17326072959056613,
        -0.35298498511363197,
        -0.5468805532725967,
        0.20134686151407521,
        0.26830353576624105,
        -0.4066982763293896,
        -0.5420381363179357,
        0.12856715256745474
      ],
      [
        -0.5364202225800472,
        -0.34729296234087087,
        -0.09724676474769249,
        0.01603009772677908,
        0.14224469848904764,
        -0.0018834790364937967,
        0.08066263794854103,
        -0.39086430037797576
      ],
      [
        -0.2992372157154698,
        0.11751728812041,
        0.23225050252877416,
        0.012892227352150981,
        0.13471179208714135,
        0.17406211106582095,
        -0.2804650197075863,
        -0.25309256317632217
      ],
      [
        -0.11403364519504862,
        -0.13212126954547268,
        0.3693980303382659,
        -0.006502624697286178,
        0.5835129065598141,
        0.029838235647829555,
        0.10147767436697946,
        0.07857651048517607
      ],
      [
        0.03926305727316162,
        -0.0427236623403877,
        -0.28366500487004137,
        0.0039388445096282575,
        -0.18815615227930133,
        -0.37350846018511724,
        0.16622042315854055,
        -0.33470536728131944
      ]
    ],
    [
      [
        0.7973582032031539
      ],
      [
        0.6505615952996063
      ],
      [
        -0.3098119007094849
      ],
      [
        -0.07466979857227979
      ],
      [
        1.1149548864988703
      ],
      [
        -0.12811008088328293
      ],
      [
        -0.525914151357092
      ],
      [
        0.15781825226723586
      ]
    ]
  ],