{
  "trained_at": "2026-03-20T15:45:35.509039",
  "n_samples": 740,
  "n_features": 6,
  "feature_names": [
    "log1p_days_since_last",
    "n_correct",
    "n_wrong",
    "accuracy",
    "log1p_n_reviews",
    "log1p_days_since_first"
  ],
  "scaler_mean": [
    1.0611632814804752,
    1.5013513513513514,
    0.7445945945945946,
    0.6822667310167305,
    1.1038391460537584,
    1.3787288122502313
  ],
  "scaler_std": [
    0.7442119135523338,
    1.17116172899867,
    1.0466990444729138,
    0.3936076033526853,
    0.3775517958185782,
    0.8880997768299923
  ],
  "weights": [
    [
      [
        -0.4461936654111115,
        0.4315832486743143,
        0.2699316018233298,
        0.039403792449222326,
        -0.2425914310520223,
        -0.33346546372465613,
        -0.4399309885738512,
        0.4412657727057639,
        -0.015620961084175235,
        0.15475335213330088,
        -0.5465192727273486,
        0.4265126603520275,
        0.4844429510518996,
        -0.13261375507403877,
        -0.3724717068106729,
        -0.281659063626786
      ],
      [
        -0.10171198777785234,
        0.2104664127434217,
        -0.23120106969402415,
        -0.013776449689059053,
        0.1085730480394692,
        -0.37896296864042706,
        -0.31173758681057084,
        -0.27552312414696617,
        -0.11836760832200702,
        0.5336064945493254,
        -0.2566650138596321,
        0.05533067161460957,
        -0.0707905288300273,
        -0.5536291438759213,
        0.002060956690265651,
        -0.39491115040362945
      ],
      [
        -0.5472419830194829,
        0.4005478271228159,
        0.5204378171296208,
        0.18090670202985762,
        -0.10776551347613257,
        -0.3597738485470302,
        0.39808241987128146,
        -0.060546301564862764,
        -0.33960762280480167,
        -0.16796792829095236,
        -0.5983039534058046,
        0.40196329556767396,
        -0.14811713346943053,
        0.1965997361434206,
        -0.1526095123726794,
        -0.0010483092641605236
      ],
      [
        0.26291248671611084,
        -0.19035045742789392,
        0.3547585627282894,
        0.35175657651481573,
        0.36165937042170987,
        0.3835021451026191,
        -0.11348808016220284,
        0.3932993953310522,
        -0.48565450264750665,
        0.019321123746892703,
        -0.3781976148227936,
        -0.10475594937332393,
        -0.38151386309639423,
        -0.29018612177364295,
        0.29636388311882106,
        -0.1690665034955985
      ],
      [
        -0.2804406812721533,
        0.19304561682233232,
        -0.3487723281675273,
        0.3620316472693115,
        -0.36790356295000365,
        0.5529226855667312,
        0.4188588299582887,
        -0.30596734622479965,
        -0.47633288088493014,
        0.41489292082619184,
        0.11837086085718639,
        0.3193131267839025,
        0.19149203013501814,
        -0.4898859226437649,
        -0.10350503844883747,
        -0.4782754841076262
      ],
      [
        0.35213986298654154,
        0.32930767714762926,
        -0.35386324026244614,
        -0.6798747348434453,
        -0.10093398892865149,
        -0.16320693771890518,
        -0.047821293565036414,
        0.15958481174036748,
        0.3494989423276748,
        0.3492955992958614,
        -0.2656195429950294,
        0.24857702535266935,
        0.2763829366197772,
        -0.15778585089961591,
        0.3401502469698103,
        -0.08862441448805695
      ]
    ],
    [
      [
        0.5785775757601163,
        0.46181262191030187,
        0.0023490317617860103,
        -0.09110659523313532,
        0.5780948539352022,
        -0.6343658078601195,
        0.2466983119341337,
        0.22599237581510956
      ],
      [
        0.15901519469953804,
        0.23986397039876142,
        -0.04670223112221848,
        -0.2708337651396951,
        -0.22075658571037549,
        0.08738216127794995,
        0.6539028745330201,
        0.12108199541429297
      ],
      [
        -0.5799381755506435,
        -0.021938954162059196,
        -0.17305550067299066,
        -0.08409542613285653,
        0.08289212563735336,
        -0.03545824524684667,
        0.5674239605826181,
        -0.126721850429709
      ],
      [
        -0.23779641327398907,
        -0.0026728913982279785,
        0.01916585517056872,
        0.7124353232813931,
        0.4529011379766344,
        -0.03639074077130744,
        -0.20961663149857607,
        -0.36475241570346323
      ],
      [
        -0.1274244449706737,
        -0.3722926412687342,
        0.02814853098284796,
        -0.29164099993404163,
        -0.24902505588711518,
        -0.32699774709277785,
        0.32994103907285344,
        -0.1511729096413422
      ],
      [
        -0.2535796484544573,
        0.08133818000626881,
        0.3973538066500063,
        -0.21937145024417262,
        0.30554891797854694,
        0.1759174825471465,
        -0.3763474011639034,
        0.3908690831063472
      ],
      [
        -0.16337704423012728,
        0.04445079390938307,
        0.15706206046085144,
        0.18671066973416306,
        -0.7091631661373851,
        0.4455075624884517,
        -0.05038206973819576,
        -0.3828151727507435
      ],
      [
        -0.46010444066977507,
        0.13048702460635195,
        0.16854812181689544,
        -0.5140743717225019,
        0.07378066813255738,
        -0.24376799951443556,
        0.06879193095597876,
        -0.34252938970561386
      ],
      [
        0.1788758901103514,
        -0.08299912445492744,
        0.443482663646501,
        -0.32525881795917816,
        -0.026781703372810835,
        -0.3623668101596877,
        0.4246956233105183,
        0.3268907203727275
      ],
      [
        -0.010766762070768437,
        0.4015031776643049,
        0.22393243861733272,
        -0.23129012620416806,
        0.2769528752554768,
        -0.2384642192388341,
        -0.9314539846550016,
        0.6175795778904811
      ],
      [
        0.31120628311806153,
        0.021444722492003684,
        -0.0632499130970305,
        0.03247302255960673,
        0.2546951066864748,
        0.49214431058639174,
        0.4583493446601013,
        0.28220021375253324
      ],
      [
        0.18161098369774506,
        -0.38669061357253387,
        -0.40469442016732904,
        0.3997293434069714,
        0.3036692824231846,
        -0.37582472788853627,
        -0.22576894569067252,
        0.14782783008861958
      ],
      [
        -0.6603428798031226,
        -0.4626350903181073,
        0.16030176994401035,
        0.2664654197995082,
        0.07034343222466491,
        0.02628649689551275,
        0.31022928462155963,
        -0.4759156893153324
      ],
      [
        -0.29466536143158367,
        0.09948623426417004,
        0.2674720412410416,
        0.5428321517105908,
        0.13567225952542053,
        0.2310933272731169,
        -0.2922213086755177,
        -0.24165337852254282
      ],
      [
        -0.03503646949028641,
        -0.05401430529754721,
        0.32420320624660753,
        -0.311765106049487,
        0.8363259965056452,
        0.03494305584965839,
        0.1835601472760555,
        0.27273205601091277
      ],
      [
        -0.0932140263961632,
        -0.18796101362376136,
        -0.1410691550584653,
        0.405683087262004,
        -0.18104774352150974,
        -0.29663835272130057,
        0.28318550339317644,
        -0.47435757219390295
      ]
    ],
    [
      [
        0.9731637682414764
      ],
      [
        0.7924245188308043
      ],
      [
        -0.24545315270442056
      ],
      [
        -0.45101568149294713
      ],
      [
        0.964774915943149
      ],
      [
        -0.27732306244514415
      ],
      [
        -0.5929588861711276
      ],
      [
        0.29302024395551707
      ]
    ]
  ],