{
  "trained_at": "2026-05-02T08:46:41.767299",
  "n_samples": 3209,
  "n_features": 6,
  "feature_names": [
    "log1p_days_since_last",
    "n_correct",
    "n_wrong",
    "accuracy",
    "log1p_n_reviews",
    "log1p_days_since_first"
  ],
  "scaler_mean": [
    1.5732955839843639,
    2.298223745715176,
    0.8569647865378622,
    0.7351894567842804,
    1.325687121834729,
    2.302062131638517
  ],
  "scaler_std": [
    0.8939328204701228,
    1.4403697323363414,
    1.0846598622767298,
    0.3093640455633874,
    0.4438965700626662,
    0.9868284076871592
  ],
  "weights": [
    [
      [
        -0.24380091411625757,
        0.3289511998288047,
        0.3243321266492455,
        -0.15197442546950332,
        -0.3136832293794802,
        -0.4584062785882493,
        -0.5345322294291632,
        0.38791650255986004,
        0.23459954394430424,
        0.36062897026220064,
        -0.7888726532767264,
        0.4721553855001587,
        0.4496089044126823,
        -0.449451738297692,
        -0.3865021708258518,
        -0.33787310998141273
      ],
      [
        0.0038417485708863606,
        0.3364799524820763,
        -0.09366010962295945,
        -0.1973699466440253,
        0.1960694814611484,
        -0.4076652353946179,
        0.16323550448450658,
        -0.13751892083515627,
        -0.20110867214836628,
        0.24742797929984217,
        -0.052397653035873445,
        0.12446998602315104,
        -0.05296247117524116,
        -0.5108363707086296,
        0.24965001339788778,
        -0.22065599294901123
      ],
      [
        -0.6129408336304852,
        0.29351240518298144,
        0.6368708285050115,
        0.14501410925185465,
        -0.09314465153699768,
        -0.39828647784564053,
        0.1275799012838997,
        0.02551475754013078,
        -0.3470262370264075,
        0.06145172940562726,
        -0.5772635193927762,
        0.4807464982797686,
        -0.13050405608827714,
        0.23503026548271155,
        -0.1098874744993543,
        -0.04931134607748521
      ],
      [
        0.249549632155885,
        -0.030300548981172862,
        0.3405163451599164,
        0.3851129740802513,
        0.3443620497466909,
        0.4003754603847471,
        0.2403461766142975,
        0.3474423725609859,
        -0.5403130409627465,
        -0.2975933281748518,
        -0.31222568013884866,
        -0.12510299218540818,
        -0.21427515802773067,
        -0.18670389770900397,
        0.3739211922945074,
        -0.05357789922049694
      ],
      [
        -0.17007913586453774,
        0.1635149146561193,
        -0.2856765175018191,
        0.23723243222952684,
        -0.3477712482239128,
        0.4555179042881739,
        0.4439929906491036,
        -0.23237950058878995,
        -0.5357034533752045,
        0.3368982719906858,
        0.34123434353291143,
        0.4856366575923888,
        0.18818771243731305,
        -0.4043340432227949,
        -0.033799909164070115,
        -0.3460457796835776
      ],
      [
        0.4274268040117403,
        0.2562053348658994,
        -0.0453741422467105,
        -0.5514847287246497,
        -0.14834247486565488,
        -0.2382429035059553,
        0.3159056867500716,
        0.1761601364835349,
        0.3421119683421702,
        0.04121321427787787,
        -0.3162060770125273,
        0.21404736578574343,
        0.21348733556728494,
        0.04818701666665753,
        0.3101447798609356,
        0.03808258651624662
      ]
    ],
    [
      [
        0.5498196811686267,
        0.4303096043538431,
        0.030124689734242954,
        0.10138818805882677,
        0.5333040549011917,
        -0.44396411546837833,
        0.28802432312025716,
        0.16090961731716383
      ],
      [
        0.19367621258956222,
        0.3147708049450874,
        -0.25685642046477336,
        -0.2003284168696517,
        -0.2815786440150307,
        -0.10321588778936787,
        0.32994056873946453,
        0.18904295314666852
      ],
      [
        -0.6018396831312787,
        -0.06613725015254558,
        -0.0791631676934184,
        0.06041963983936927,
        -0.4113122089274194,
        -0.0009582872244880975,
        0.3289956790615296,
        -0.26986072318765897
      ],
      [
        0.1314802957274048,
        0.302935704788457,
        -0.32322745702665595,
        0.25927802757352486,
        0.6672761674645031,
        -0.48374339029963903,
        -0.1523509308152045,
        -0.04577984550276048
      ],
      [
        -0.16256044849175608,
        -0.4015208292127809,
        0.062120237417678144,
        -0.010541754572860208,
        -0.28270370748190765,
        -0.2324856282339833,
        0.34912255793661895,
        -0.16966886356480584
      ],
      [
        -0.16745489527064572,
        0.17594226011301856,
        0.31363883414896176,
        -0.3141308412589189,
        0.5278036127305049,
        0.028494539155687122,
        -0.3999192509798016,
        0.38871004071836956
      ],
      [
        0.1712544164267337,
        0.43816079983149275,
        0.0017552994817357235,
        -0.14534734116819556,
        0.042041108362999006,
        0.1526003732920315,
        -0.32633379332081136,
        -0.00823443707088239
      ],
      [
        -0.42116455312373663,
        0.12105029304946646,
        0.11599455762909308,
        -0.35040230371342584,
        0.0774039972442567,
        -0.12577548865555901,
        0.09112551143240245,
        -0.2834733179052259
      ],
      [
        0.08356766163683851,
        -0.21964566722384377,
        0.4853788907495888,
        -0.17786182168438444,
        -0.15527016545111663,
        -0.1580398084800327,
        0.5407062613708491,
        0.2502677438607262
      ],
      [
        -0.2552375514659777,
        0.19282363592866095,
        0.15518219671157835,
        0.1745818478138393,
        0.05027773825003017,
        -0.14271976569807215,
        -0.5514611612789001,
        0.30162503396485757
      ],
      [
        0.4249549991458314,
        0.15986224724177645,
        -0.18673059582109997,
        -0.2059692388725878,
        0.34605738475287484,
        0.3452438524881555,
        0.4148991842449846,
        0.2840070998018039
      ],
      [
        0.1239665415901194,
        -0.38361895515712563,
        -0.49503949829364396,
        0.5283891750530797,
        0.15650475972853034,
        -0.6658436712128677,
        -0.42142288223942503,
        0.10257781600381385
      ],
      [
        -0.5429097840060179,
        -0.353291125773489,
        -0.01860783059155482,
        0.36101295706216713,
        0.13153900929242465,
        -0.05261793938422704,
        0.11220045978776022,
        -0.32816896423333736
      ],
      [
        -0.31795725047252443,
        0.09324798998889068,
        0.22853146792167392,
        0.404355033677621,
        0.1557517817589831,
        0.18197155267052936,
        -0.25510410876883305,
        -0.26543855511152803
      ],
      [
        0.01779605827305358,
        0.00012583982839939166,
        0.3124637197404345,
        -0.3001569354095894,
        0.8192689931514158,
        -0.04069923558727513,
        0.12435148214362678,
        0.20286801994772002
      ],
      [
        0.1351285680528534,
        0.05292023314667579,
        -0.35602106917128923,
        0.09353747519197025,
        -0.11925223835144802,
        -0.46884790621692285,
        0.09210211205542138,
        -0.23629651949414818
      ]
    ],
    [
      [
        0.8420011561955917
      ],
      [
        0.7187271320586242
      ],
      [
        -0.30046791183694177
      ],
      [
        -0.35264867041503983
      ],
      [
        0.9833192752401988
      ],
      [
        -0.22863141405103232
      ],
      [
        -0.5704759638678883
      ],
      [
        0.12002055870804848
      ]
    ]
  ],