{
  "trained_at": "2026-03-20T15:50:08.234561",
  "n_samples": 531,
  "n_features": 6,
  "feature_names": [
    "log1p_days_since_last",
    "n_correct",
    "n_wrong",
    "accuracy",
    "log1p_n_reviews",
    "log1p_days_since_first"
  ],
  "scaler_mean": [
    1.3513818454552635,
    1.472693032015066,
    0.6064030131826742,
    0.7158505963590706,
    1.0579181611332802,
    1.7416065409333674
  ],
  "scaler_std": [
    0.6155926806264658,
    1.0878147629543202,
    0.8333200335155425,
    0.37510040988860377,
    0.35812170387606773,
    0.7121015147440151
  ],
  "weights": [
    [
      [
        -0.38495364517540054,
        0.5161654728287921,
        0.3080521884326182,
        -0.21735031834683838,
        -0.26877059338321574,
        -0.36360944290899366,
        -0.1876026961887251,
        0.42216007824984475,
        0.07840949220292665,
        -0.23125038451989688,
        -0.7584436148680493,
        0.4350498249881291,
        0.3938164630484279,
        -0.11777141637596719,
        -0.25889356351683507,
        -0.4401388822353659
      ],
      [
        -0.11850237023251037,
        0.20011413179600623,
        -0.0790737884929921,
        -0.08397599438242563,
        0.20033228534069594,
        -0.4252859104320644,
        -0.47257499890042043,
        -0.10955657121252663,
        0.060612301589147245,
        0.4240187010301969,
        -0.029637435385244614,
        0.1537095255324121,
        -0.010279643177931496,
        -0.6645236843508117,
        -0.047411085847716514,
        -0.2992849865159328
      ],
      [
        -0.5432577801976048,
        0.3061997930500003,
        0.4330065553091148,
        0.2909157750656369,
        -0.08455344225850514,
        -0.3014626464085602,
        0.49002449655468316,
        0.02482255832521162,
        -0.27048852906996035,
        0.09965450797737725,
        -0.5091233633808387,
        0.3032312524028757,
        -0.2161031974712332,
        0.3062596933094138,
        -0.17014422746665453,
        -0.027408941805728428
      ],
      [
        0.15580546700819867,
        -0.1303407762194033,
        0.49204056880509567,
        0.38827803883417644,
        0.34301216007809077,
        0.36724448721042274,
        -0.16784957146467647,
        0.34370984458743437,
        -0.4774994721246535,
        -0.25881912822224984,
        -0.36473972930333565,
        -0.05079644231025886,
        -0.21441245122991337,
        -0.38010580998650106,
        0.3170520839112956,
        -0.17451344842709215
      ],
      [
        -0.30893604169787264,
        0.15467258660804037,
        -0.3996924636682151,
        0.48732817549584134,
        -0.3337833557719255,
        0.64296570118027,
        0.16899739854407922,
        -0.2141963606804598,
        -0.37977999378465854,
        0.6012526111058396,
        0.6511632412751523,
        0.3374951600995112,
        0.14219536744064762,
        -0.49949512808168384,
        -0.15273263481488433,
        -0.41793321465129885
      ],
      [
        0.4716045617303491,
        0.12687592405619372,
        -0.03900006963325826,
        -0.48320802911727234,
        -0.1004921017576978,
        -0.0029274448312132722,
        0.33723946947826394,
        0.165493924743428,
        0.3081492390523816,
        -0.07152699449273947,
        -0.36595695778043424,
        0.40248902538839254,
        0.1914323636012385,
        0.26215583621614774,
        0.3783596655811836,
        -0.08964323499374592
      ]
    ],
    [
      [
        0.569330872454497,
        0.44448077949144316,
        0.011352123863248543,
        0.21124433363905806,
        0.5824390424738546,
        -0.3308304633704748,
        0.26504329663516646,
        0.19873785512808048
      ],
      [
        0.07661323730760916,
        0.24180321477987662,
        -0.09789079945624336,
        -0.29169774251443986,
        -0.3345109406263322,
        -0.11318145439809345,
        0.4270886353267178,
        0.13889758465948865
      ],
      [
        -0.5407486143169745,
        -0.08091111671236006,
        0.029168533904256957,
        -0.3091223577632267,
        -0.5284584656351616,
        -0.05171867371718727,
        0.5337402235880198,
        -0.25099381296552786
      ],
      [
        0.26954857359589784,
        0.4587985157376885,
        -0.41843270877882005,
        0.27460018366715305,
        0.7542705850838634,
        -0.4810603643507038,
        -0.03145909585338699,
        0.10523742523610774
      ],
      [
        -0.14626838953544416,
        -0.391766227754366,
        0.04969991232484804,
        -0.09846519630966591,
        -0.3259409935470501,
        -0.2749900263500782,
        0.34102114814605744,
        -0.18003505604546485
      ],
      [
        -0.2252306484839246,
        0.1207178959453178,
        0.38739657177152526,
        -0.5252088874501402,
        0.4828647183960209,
        0.19657550142317776,
        -0.36991295956005343,
        0.3835376121192222
      ],
      [
        -0.3209165753550631,
        0.006227197303655867,
        0.02109786811275279,
        0.26610344111035683,
        -0.5186876277395349,
        0.2412227020080579,
        -0.21520337870185338,
        -0.39354310006680276
      ],
      [
        -0.40331950286616186,
        0.15602957197459585,
        0.122842318274877,
        -0.37332218504376335,
        0.1351985282974794,
        -0.2953222979761631,
        0.07382561663066532,
        -0.29016467477180896
      ],
      [
        0.18475595940947168,
        -0.11367585398952336,
        0.4388913464731022,
        -0.13571086093682422,
        -0.005711561868248924,
        -0.2526397252543577,
        0.33141958077393313,
        0.330723414702898
      ],
      [
        0.0028737996093629904,
        0.43443270737054784,
        0.04697595924725323,
        -0.12034397889625921,
        0.32592529145824034,
        -0.6214429182209271,
        -0.5745139069173163,
        0.6588536594933774
      ],
      [
        0.4771005132272538,
        0.1959256607452317,
        -0.17740059265744518,
        -0.0772997361958062,
        0.34708584445292584,
        0.4087063216071377,
        0.44548277497673683,
        0.3829539354311135
      ],
      [
        0.08026767852485273,
        -0.4058157927946987,
        -0.3421286647603806,
        0.4271146921109369,
        0.2963287885002314,
        -0.38272007830666,
        -0.44609312573091836,
        0.1271835065887007
      ],
      [
        -0.4965170895961888,
        -0.3051502702927617,
        0.034116817300707473,
        0.16472947448935155,
        0.12436857099479032,
        -0.26973506433270694,
        0.18425362305079745,
        -0.3057224979027692
      ],
      [
        -0.31912417823953837,
        0.1097082272408618,
        0.2739093074540688,
        0.5022022699247385,
        -0.006797422794149207,
        0.18331523479632633,
        -0.30402991141072766,
        -0.22137646708801417
      ],
      [
        -0.04514998954758466,
        -0.07188285710572724,
        0.33470957324060163,
        -0.2783295355593329,
        0.7626825111838214,
        0.03600374542750686,
        0.19657002025555415,
        0.22099559286837037
      ],
      [
        -0.013968372215032353,
        -0.12768457444277956,
        -0.19458684532928852,
        0.36139246278614673,
        -0.39138904733700436,
        -0.3586297328246289,
        0.251911755352518,
        -0.41390405746186004
      ]
    ],
    [
      [
        0.9100996462361924
      ],
      [
        0.7478011943740225
      ],
      [
        -0.26343534494795523
      ],
      [
        -0.34264427846044104
      ],
      [
        1.1942194575058556
      ],
      [
        -0.2572147654622888
      ],
      [
        -0.52623225414426
      ],
      [
        0.22335070278751645
      ]
    ]
  ],