{
  "trained_at": "2026-05-12T04:52:05.565648",
  "n_samples": 4451,
  "n_features": 6,
  "feature_names": [
    "log1p_days_since_last",
    "n_correct",
    "n_wrong",
    "accuracy",
    "log1p_n_reviews",
    "log1p_days_since_first"
  ],
  "scaler_mean": [
    1.570419268205111,
    2.760053920467311,
    1.086048079083352,
    0.7319395863805017,
    1.4461289811166702,
    2.461844207598264
  ],
  "scaler_std": [
    0.888651599486246,
    1.810112733403492,
    1.2665479441517855,
    0.28867566422233454,
    0.5132693932288105,
    1.0550363087681192
  ],
  "weights": [
    [
      [
        -0.18810069636083906,
        0.26200354662509895,
        0.5773850368152214,
        -0.31939094908705634,
        -0.23380564088528152,
        -0.4927644537505372,
        -0.35729511647757695,
        0.3511879386428809,
        0.13019754734150016,
        0.26779344141900946,
        -0.848799084214627,
        0.494557585382565,
        0.4072120789318681,
        -0.3237103361352116,
        -0.3196074673257081,
        -0.3478522164679766
      ],
      [
        0.11092873518914582,
        0.27948688296916846,
        0.003069906961165211,
        -0.13178931617322434,
        0.1988031993450386,
        -0.3525709984765693,
        -0.1470458515298363,
        -0.15945260427155047,
        -0.22007628926586723,
        0.34568008413654333,
        -0.06408335674060374,
        0.11290262123385321,
        -0.08001489947121726,
        -0.5869233598266108,
        0.3245244421005112,
        -0.3187564538297449
      ],
      [
        -0.6037699086672577,
        0.4092488786300965,
        0.5865572803031168,
        0.295367157080928,
        -0.08329606988063214,
        -0.4344735390698804,
        0.17936088091679106,
        0.024694277036058605,
        -0.2567374189497227,
        -0.003521993576726615,
        -0.6312440667192152,
        0.4020053874835835,
        -0.06895028182094803,
        0.2753230709219358,
        -0.1060012246754894,
        0.17094513856011628
      ],
      [
        0.2907581136600102,
        -0.14030045914286177,
        0.45435917892515965,
        0.29196058878592984,
        0.33500746295914574,
        0.392201164033444,
        0.1317458488108412,
        0.3426092128921822,
        -0.5645891724851857,
        -0.1319814127003259,
        -0.3107853634744955,
        -0.14421748360430064,
        -0.2994164525915715,
        -0.24560654012836258,
        0.31865656093707023,
        -0.06472993792189442
      ],
      [
        -0.1287221404624241,
        0.17427885781891447,
        -0.2642424685979706,
        0.3095939210835856,
        -0.34777854355469695,
        0.46627419550422955,
        0.25892602174517343,
        -0.2487198364206708,
        -0.5014697606155036,
        0.3632457080122844,
        0.3217183285386853,
        0.47365784892121265,
        0.2192512773417081,
        -0.4150934299849137,
        0.0013105937342607447,
        -0.2870696691438449
      ],
      [
        0.4371060768666633,
        0.21060243539523898,
        0.060680576728118114,
        -0.5117738662042711,
        -0.12105359044067528,
        -0.24500340863955272,
        0.14332833738653517,
        0.13610180305772757,
        0.290305890413995,
        -0.09635181378379717,
        -0.32013981642917577,
        0.20560975371159138,
        0.21791779367664033,
        -0.02713168937855478,
        0.328127489281051,
        -0.005902284658504712
      ]
    ],
    [
      [
        0.5506887985310629,
        0.4219247464313262,
        -0.007090898241419327,
        0.054482399873851554,
        0.5411754220898606,
        -0.5069202809329526,
        0.2991256089659774,
        0.15973031979996402
      ],
      [
        0.22181836278097894,
        0.3215933235964573,
        -0.15249779072645997,
        -0.25508008116674985,
        -0.30136737855319234,
        -0.1613562492076825,
        0.19112755883642873,
        0.20456461639278165
      ],
      [
        -0.552948744977042,
        -0.08859799842235416,
        -0.22531974165835927,
        0.1402296927460675,
        -0.5881368196806999,
        -0.00591302989803826,
        0.3080726029989516,
        -0.3503749917384803
      ],
      [
        0.08373651697327421,
        0.2585712108578886,
        -0.2534099874833794,
        0.5733044908507747,
        0.5167119922755189,
        -0.30108788194130354,
        -0.029669796602559143,
        -0.09841625374122143
      ],
      [
        -0.13634574671115746,
        -0.3828123785029243,
        0.04294957935374499,
        -0.041176838916144265,
        -0.24486798845636776,
        -0.2869821325231216,
        0.3320741756394143,
        -0.1605790412889738
      ],
      [
        -0.17248255558150047,
        0.16794665556026384,
        0.3341248739752795,
        -0.5171148120827778,
        0.5305790627195648,
        0.06475057468355236,
        -0.3756478451827502,
        0.408836309014297
      ],
      [
        -0.0026003442552472193,
        0.2604831859468095,
        -0.0414270230197762,
        0.04890606080972797,
        -0.12202545183392717,
        0.06988164981065616,
        -0.25984389660708856,
        -0.15014250057583023
      ],
      [
        -0.41187196049869107,
        0.11452229521245738,
        0.0918679519457924,
        -0.31321909821645816,
        0.07636410167897881,
        -0.17451561864062004,
        0.08840854165060527,
        -0.30072560711187524
      ],
      [
        0.10224665458038887,
        -0.19572990974948162,
        0.4988762798738884,
        -0.35064901879895893,
        -0.07384863800128434,
        -0.16396196790867484,
        0.484386439120684,
        0.2580851997028058
      ],
      [
        -0.14528037830920376,
        0.2582239900443468,
        0.09021989655897261,
        0.030037897407550324,
        0.15882975286761317,
        -0.12454318424087507,
        -0.47943843285038656,
        0.39440404972864807
      ],
      [
        0.4421900084580038,
        0.1770593157998478,
        -0.2113514475856762,
        -0.1439633078944539,
        0.3716870312549603,
        0.34581802295117214,
        0.41553818395700715,
        0.31072591155462775
      ],
      [
        0.16290828617870487,
        -0.3789780698976099,
        -0.40273761045220857,
        0.48280878028376495,
        0.19112697486067304,
        -0.70817700469198,
        -0.49225097360500875,
        0.11391869893040775
      ],
      [
        -0.517624469209017,
        -0.38092722248016586,
        -0.06579118058997466,
        0.4063868052312494,
        0.1499535379915936,
        0.005479636784488499,
        0.11553523601538332,
        -0.37215652672042093
      ],
      [
        -0.34242538247146737,
        0.07391104951345048,
        0.2653455446277183,
        0.37831272648834274,
        0.10283425086149373,
        0.25595364071678217,
        -0.25041448463878735,
        -0.299003768482616
      ],
      [
        -0.041987691332857756,
        -0.06133937468831168,
        0.3476561624984911,
        -0.5900088609657086,
        0.6840482556115881,
        -0.07975070724144126,
        0.22627400600370054,
        0.18807375817945537
      ],
      [
        0.05484659850313398,
        -0.028990430226337863,
        -0.31732436078240067,
        0.179065763100249,
        -0.17775454251152378,
        -0.39978614886821207,
        0.1493240731019984,
        -0.3270482387964189
      ]
    ],
    [
      [
        0.8327448586368559
      ],
      [
        0.6824343183745358
      ],
      [
        -0.30605745000339174
      ],
      [
        -0.36206356407564916
      ],
      [
        0.9806184940364383
      ],
      [
        -0.21760972715983717
      ],
      [
        -0.5280486423234798
      ],
      [
        0.16264269893280411
      ]
    ]
  ],