{
  "trained_at": "2026-07-08T11:00:43.704690",
  "n_samples": 10427,
  "n_features": 6,
  "feature_names": [
    "log1p_days_since_last",
    "n_correct",
    "n_wrong",
    "accuracy",
    "log1p_n_reviews",
    "log1p_days_since_first"
  ],
  "scaler_mean": [
    1.7428449869487606,
    3.857773089095617,
    1.2036060228253573,
    0.7647340370396454,
    1.6395906994410605,
    2.7583726716180332
  ],
  "scaler_std": [
    0.955120024736438,
    2.631923979051799,
    1.2522443422649199,
    0.2500620805563972,
    0.5793510398699823,
    1.1843372238167837
  ],
  "weights": [
    [
      [
        -0.21825238555347043,
        0.27631961699652974,
        0.3730098437175877,
        -0.19810786294618193,
        -0.30997863718970753,
        -0.19639196307852888,
        -0.5052599562112233,
        0.5012511800574461,
        0.13618206267646585,
        -0.004983757485407866,
        -0.82666252751834,
        0.45207916887054306,
        0.4797608910390305,
        -0.20250696059081022,
        -0.13339722302417162,
        -0.22449482952979802
      ],
      [
        -0.049944175591048176,
        0.26026772978831336,
        -0.09548278616712759,
        -0.19025860275977205,
        0.22368694008803963,
        -0.24823361866272514,
        -0.16481122681413857,
        -0.298361005935126,
        -0.20154453972086395,
        0.4582518523967488,
        -0.11091308899420113,
        0.12977935614660602,
        -0.08024498565891434,
        -0.3748455054572117,
        0.24896868003328515,
        -0.311383952639295
      ],
      [
        -0.5906422800577062,
        0.3998409777696037,
        0.4951362431230185,
        0.3101518308093294,
        -0.07105898860915062,
        -0.2963473038802915,
        0.11452720337737328,
        0.048897039904671015,
        -0.2959084835913822,
        -0.11793387842522236,
        -0.5589015487182479,
        0.26771812156510283,
        0.03812153904000385,
        -0.07251830710503196,
        -0.218738769680957,
        0.17560477263377317
      ],
      [
        0.2854266187610726,
        -0.06604208969852043,
        0.4637723857792476,
        0.42410968692931866,
        0.3243004108429016,
        0.44839888973753456,
        0.2739139190235499,
        0.27853397921657724,
        -0.46362514137644467,
        -0.21696439092592598,
        -0.36517810227643077,
        -0.03815122510547974,
        -0.27258976930004836,
        -0.0938407471340892,
        0.27979111918949195,
        -0.040858502039156974
      ],
      [
        -0.1656938806425543,
        0.21574140183270502,
        -0.3482578871605875,
        0.39871886107194937,
        -0.3271484657270626,
        0.6945341823414904,
        0.2931659830101788,
        -0.2797331015352541,
        -0.5442991211500553,
        0.46723773471794405,
        0.3248104384940599,
        0.41044554139613887,
        0.18719003164874498,
        -0.45739824055208134,
        -0.07326003615636666,
        -0.2773202991789537
      ],
      [
        0.31825173126565187,
        0.14345807982137887,
        -0.16739467042146372,
        -0.38655130913165076,
        -0.16886957353358298,
        -0.14171667082626915,
        -0.014521533808665889,
        0.17725616641853204,
        0.3000651457510635,
        -0.050893006226329265,
        -0.31098284313571334,
        0.3224457510032724,
        0.29515309851833216,
        0.06820406064078066,
        0.4249783752780265,
        0.00938089416114468
      ]
    ],
    [
      [
        0.507782012885216,
        0.3867400301291087,
        0.015438861686618592,
        0.04450337431503489,
        0.4902685018871464,
        -0.4252063799102274,
        0.24373319112821049,
        0.11935829341622814
      ],
      [
        0.1862656753731551,
        0.33879098433775595,
        -0.31208970138457026,
        -0.32426442505540565,
        -0.31112448910979934,
        -0.10462673049443263,
        0.05791627472352941,
        0.170853049926004
      ],
      [
        -0.30886385563873514,
        0.16841873232719193,
        -0.20192496910917135,
        -0.06484448805730637,
        -0.16692033393695344,
        -1.4921781859955208e-13,
        0.22133035618097566,
        -0.013292697146122698
      ],
      [
        0.16954525799579798,
        0.32069406533399536,
        -0.2845994015933419,
        -0.014444577130195849,
        0.5224789892653303,
        -0.206082806964324,
        -0.09284696933674387,
        0.016483254501761063
      ],
      [
        -0.1549715386848157,
        -0.39307633426228106,
        0.06104517375091115,
        -0.04117479884186918,
        -0.280412670897189,
        -0.18563981324083767,
        0.3387458256718035,
        -0.16110530612887014
      ],
      [
        -0.08320576750040964,
        0.25505583460597114,
        0.29526925507793506,
        -0.03319735297834481,
        0.6095590991829267,
        -0.10446522972970715,
        -0.44822280564532313,
        0.4745302409659011
      ],
      [
        0.05572641448913099,
        0.30882817652272626,
        -0.017400254556313895,
        0.018853586324530384,
        0.009676054969865117,
        0.0146422883976405,
        -0.4039719515913931,
        -0.0760018831217933
      ],
      [
        -0.4842045693055224,
        0.08644094657696356,
        0.03730009107115382,
        0.1240245784019533,
        0.05237302802142647,
        -0.20242518152976474,
        0.02942456123720783,
        -0.3808450709282917
      ],
      [
        0.05149296835197115,
        -0.2421084519210497,
        0.42398566963144796,
        0.07454673885108551,
        -0.09188785579099391,
        -0.2058376784785298,
        0.48771972548824255,
        0.18155362778041656
      ],
      [
        -0.024773888241192612,
        0.38923818679963945,
        0.3766857326305442,
        -0.23082397647861916,
        0.21081721789715951,
        0.11067113111215426,
        -0.04150809372154754,
        0.5278619847135619
      ],
      [
        0.44448566735957473,
        0.18195611157548977,
        -0.20879754198353492,
        0.039283159992326705,
        0.36660780106484203,
        0.28689435038677324,
        0.3614075586589091,
        0.3079222032321216
      ],
      [
        0.14949232555477876,
        -0.3326317606597709,
        -0.5136655614242635,
        0.3371443485423372,
        0.22431777385624466,
        -0.40868551483104076,
        -0.5440823068040981,
        0.11221077815357007
      ],
      [
        -0.6753042441773862,
        -0.4185375696040257,
        -0.00976905635492798,
        0.23430878818701015,
        0.09398044791041227,
        -0.002694775829005825,
        0.05262236894031299,
        -0.510482081413521
      ],
      [
        -0.27328116560543764,
        0.14109074060110588,
        0.21804160855099905,
        -0.12475970023868752,
        0.15157415164826918,
        0.1623996918007095,
        -0.29808068151240474,
        -0.22232683083212856
      ],
      [
        -0.03240792192005093,
        -0.05014709103808636,
        0.46319368491389934,
        -0.10108561239406674,
        0.7243825963053994,
        0.09359239495070532,
        0.1422437600922089,
        0.16982636363067075
      ],
      [
        0.0804174979160384,
        0.002552011544522846,
        -0.307431357410462,
        -0.13950716507075125,
        -0.1565950928770578,
        -0.40955671167871127,
        0.14175259077880498,
        -0.27820283735108564
      ]
    ],
    [
      [
        0.7967185819901744
      ],
      [
        0.690440406680557
      ],
      [
        -0.31743812705686536
      ],
      [
        -0.2761998956392593
      ],
      [
        1.0100398012432448
      ],
      [
        -0.15829965673416657
      ],
      [
        -0.533136209033657
      ],
      [
        0.168137771541097
      ]
    ]
  ],