{
  "trained_at": "2026-07-16T10:54:55.443682",
  "n_samples": 10933,
  "n_features": 6,
  "feature_names": [
    "log1p_days_since_last",
    "n_correct",
    "n_wrong",
    "accuracy",
    "log1p_n_reviews",
    "log1p_days_since_first"
  ],
  "scaler_mean": [
    1.7782740574835423,
    4.003384249519803,
    1.2330558858501783,
    0.7678321553938657,
    1.6620260169251873,
    2.804045485188377
  ],
  "scaler_std": [
    0.967830174124423,
    2.7640012974492203,
    1.2837655271639083,
    0.24652746334697295,
    0.5898667943764283,
    1.1965817819315532
  ],
  "weights": [
    [
      [
        -0.25483120035061263,
        0.35138336351836064,
        0.6088218363365313,
        -0.14397945379122898,
        -0.18432338685102248,
        -0.23941247739875704,
        -0.5065587819133242,
        0.44079277323854643,
        0.08959078399712304,
        0.06994655083411655,
        -0.803184515061501,
        0.4943161777279479,
        0.4060227085836094,
        -0.09865273030952584,
        -0.3123378351762428,
        -0.18540960644642854
      ],
      [
        -0.048853094451115776,
        0.18808304716635008,
        -0.023453201329536193,
        -0.19754670579717748,
        0.16732949996816432,
        -0.2594711884744712,
        -0.16945213098910963,
        -0.26591008371957686,
        -0.1692828768713025,
        0.4771281570213706,
        -0.2128918929043879,
        0.24048897995591462,
        -0.06279282341715828,
        -0.500711933024098,
        0.1419146944558488,
        -0.41564267576245323
      ],
      [
        -0.6186775426215815,
        0.3984807638975443,
        0.6331884353170881,
        0.3639246485378641,
        -0.13280247550295857,
        -0.37415855447356106,
        0.15244193703024328,
        0.046237957496457496,
        -0.2950119063774006,
        -0.10263944720854074,
        -0.6113728001642348,
        0.25686898524613283,
        -0.020027880357887055,
        -0.028634144315710278,
        -0.19281432746786428,
        0.11866149187563509
      ],
      [
        0.2696232257912345,
        -0.1495316528068289,
        0.25352036885108986,
        0.4310181735538131,
        0.3847118078636836,
        0.4567452711199447,
        0.208893716019895,
        0.292080694921959,
        -0.4533445598508965,
        -0.17036496700648812,
        -0.34708957469830926,
        0.03218951139818371,
        -0.27114761630315337,
        -0.07657360623936231,
        0.28367581318837637,
        -0.03263202306338623
      ],
      [
        -0.17173718187785164,
        0.1668696675513176,
        -0.2824198199739284,
        0.3883830389768239,
        -0.3891864673883777,
        0.665260917406695,
        0.3155452449005797,
        -0.2832148966588496,
        -0.54510648821843,
        0.472661262045094,
        0.258149896263478,
        0.47577954206604006,
        0.20929805861131642,
        -0.4859422398632703,
        -0.09800337148784802,
        -0.37800495086805463
      ],
      [
        0.3331018104864049,
        0.21313571952653054,
        -0.12619234717901895,
        -0.40531890209584154,
        -0.16573152099119837,
        -0.13000122334112268,
        0.07069444737897844,
        0.1644274470308611,
        0.3105389442050282,
        -0.010664599832077709,
        -0.3258750078903075,
        0.32868470646185743,
        0.25721884701995734,
        0.031727715271824726,
        0.27029744752433205,
        -0.011262046205635992
      ]
    ],
    [
      [
        0.5175319868413919,
        0.4008210969430721,
        -0.024890537074155727,
        -0.0143060350180346,
        0.502482450175399,
        -0.44701255104598375,
        0.275011839782192,
        0.1317838870379451
      ],
      [
        0.22195698432683528,
        0.3339114245895518,
        -0.3577399419662047,
        -0.33817954710758047,
        -0.24325561739120743,
        -0.09988739717613526,
        -0.014454847536908108,
        0.19326745166596296
      ],
      [
        -0.717681883958745,
        -0.15994710336530413,
        -0.1532445314048355,
        -0.0001327630815010085,
        -0.6718507611845838,
        -1.472952313884132e-10,
        0.1823247434600991,
        -0.46537023132257854
      ],
      [
        0.21636541959324046,
        0.38130317434192096,
        -0.2380437728458002,
        0.0012524586908651788,
        0.6280600839889745,
        -0.21032486218684063,
        -0.09543253385491471,
        0.05369797718020553
      ],
      [
        -0.1464281274237194,
        -0.38795737735761826,
        0.04868216232010214,
        -0.00010732890994177114,
        -0.2776451615736585,
        -0.2540737011998657,
        0.3349808678781272,
        -0.16307600670808123
      ],
      [
        -0.12678885071543108,
        0.2137648460853064,
        0.3093925507232988,
        -0.011940692624431353,
        0.6212723615728862,
        -0.0396137650838803,
        -0.4177204856564944,
        0.4453020949176048
      ],
      [
        0.031154793157085456,
        0.28914192687394213,
        -0.0026961478367301165,
        0.0019836971829387093,
        0.012326676393117544,
        0.05741063279213875,
        -0.4452424904076413,
        -0.10067553334856627
      ],
      [
        -0.45271514211605285,
        0.11501109713009496,
        0.0004416113491849797,
        -0.014340507538234817,
        0.04823097476145038,
        -0.2192494413166966,
        0.04829040979771368,
        -0.34936915095980947
      ],
      [
        0.06370522631113408,
        -0.22497910859124776,
        0.4010077053169967,
        -0.01097499254251429,
        -0.12272051192172355,
        -0.2286971918336972,
        0.4701356712741775,
        0.1944918430754203
      ],
      [
        -0.05316729765440013,
        0.34005304882858983,
        0.36649621750134154,
        -0.02905481380940277,
        0.29427279638568643,
        0.10751899360847167,
        -0.10473059331786572,
        0.5119866981540995
      ],
      [
        0.43737030511773906,
        0.17146310300819811,
        -0.21351053084828248,
        -0.03154914402821215,
        0.35339169466583503,
        0.3109428901120973,
        0.37519332154220447,
        0.2995305357377104
      ],
      [
        0.1689022013977356,
        -0.3491461588254335,
        -0.5488675361427587,
        0.2281913709477991,
        0.27427362112910164,
        -0.4215710790365039,
        -0.5419341245657874,
        0.12595798712829434
      ],
      [
        -0.5398250457430589,
        -0.3409707458311787,
        -0.0706995857957444,
        0.029958964529045975,
        0.1521282663939622,
        -0.003498444063486923,
        0.09723760105955735,
        -0.3899419120099405
      ],
      [
        -0.3076574882210496,
        0.10677384679608651,
        0.2503331725128905,
        0.016319233699168198,
        0.11549667519207926,
        0.18206306241645626,
        -0.26605782568201164,
        -0.264991306704567
      ],
      [
        -0.10494226229584852,
        -0.12450432180980837,
        0.36607081430229105,
        -0.002683914930526523,
        0.6027783832899096,
        0.014792529950307989,
        0.1337891362869474,
        0.09359840035435496
      ],
      [
        0.03125848918113282,
        -0.05246899964983729,
        -0.2737938408939008,
        0.006310775150881858,
        -0.20044096515853269,
        -0.37553553292396563,
        0.18223255694783405,
        -0.34815265410365537
      ]
    ],
    [
      [
        0.8008663227555823
      ],
      [
        0.6567862872060302
      ],
      [
        -0.3011685336061112
      ],
      [
        -0.08668426752472277
      ],
      [
        1.1044146753700754
      ],
      [
        -0.1329435064640209
      ],
      [
        -0.524872406397154
      ],
      [
        0.1550559743472201
      ]
    ]
  ],