{
  "trained_at": "2026-05-17T03:59:22.056474",
  "n_samples": 5035,
  "n_features": 6,
  "feature_names": [
    "log1p_days_since_last",
    "n_correct",
    "n_wrong",
    "accuracy",
    "log1p_n_reviews",
    "log1p_days_since_first"
  ],
  "scaler_mean": [
    1.582248131910988,
    2.916583912611718,
    1.1189672293942403,
    0.7360230312282717,
    1.4770138181838344,
    2.5056551788369137
  ],
  "scaler_std": [
    0.8884833437536536,
    1.9434387996751534,
    1.284522378834464,
    0.283041107651358,
    0.5283009402954136,
    1.0744705667380805
  ],
  "weights": [
    [
      [
        -0.18921031453444384,
        0.3263625578332401,
        0.5963756554412869,
        -0.09643109182489654,
        -0.28875049300139427,
        -0.47618787290607545,
        -0.5826297083371123,
        0.40808411069525435,
        0.13584068350681758,
        0.04914438323247867,
        -0.841749314312569,
        0.45310432766813513,
        0.39745140658541145,
        -0.26903187602415934,
        -0.3452752317569692,
        -0.34515140569870845
      ],
      [
        0.016638232946218946,
        0.23491177582039818,
        -0.015290410638609506,
        -0.11524406313393586,
        0.18955263322682706,
        -0.3147508561997944,
        -0.20810151921889217,
        -0.1349476745265363,
        -0.20128308116638502,
        0.5750082698208611,
        -0.04735716490583338,
        0.21300308376292296,
        -0.08498737107832785,
        -0.582911302200623,
        0.20930282315394821,
        -0.3563019173449426
      ],
      [
        -0.6543091146271064,
        0.3555701775762631,
        0.6167812632294785,
        0.2233074937512566,
        -0.10103002234256672,
        -0.4438946041196503,
        0.10266153148794481,
        0.06958993351664568,
        -0.2804204620159907,
        -0.060381301859907775,
        -0.6326468920818473,
        0.3996144174238675,
        -0.04349684520837433,
        0.3068059444939975,
        -0.15611377719975142,
        0.18262601609163237
      ],
      [
        0.3009117742859109,
        -0.1193223733749125,
        0.4169911246890014,
        0.46299298862818006,
        0.3536891001499115,
        0.36049163486364894,
        0.006689276559312175,
        0.319787333720474,
        -0.541467856321227,
        0.029106094462333976,
        -0.30494452120309856,
        -0.13285156394267353,
        -0.3278982758251347,
        -0.2662213805800528,
        0.34781100101498574,
        -0.09633664142606785
      ],
      [
        -0.18332047285491734,
        0.14992096462759277,
        -0.263756795520224,
        0.33671473934356794,
        -0.3595802898385905,
        0.4969560557272773,
        0.11224539172067474,
        -0.21439341850125987,
        -0.5251422123625641,
        0.4968852812806807,
        0.33076828618489396,
        0.5388491684002743,
        0.22613555149515113,
        -0.4137312416172472,
        -0.06744819130578168,
        -0.3080582707293649
      ],
      [
        0.4115264313961151,
        0.15513941336478282,
        0.059922792321755784,
        -0.4793734400139372,
        -0.1455120724443392,
        -0.25899730029006046,
        -0.016080814799332824,
        0.20615775117348153,
        0.3179396610995144,
        -0.06968623508137038,
        -0.33005063981889415,
        0.1416533507030816,
        0.25494390599556455,
        0.00857740360016763,
        0.2727482629278023,
        -0.012593759156726095
      ]
    ],
    [
      [
        0.5511520892336856,
        0.41800956251683863,
        0.005042023903071577,
        0.010080333103894645,
        0.5270577494735561,
        -0.4770129658865959,
        0.3107783334248997,
        0.1543425539717914
      ],
      [
        0.2110119910076147,
        0.2980001215716028,
        -0.1892161303460826,
        -0.3393322604676125,
        -0.2811384398840089,
        -0.11723678623025932,
        0.08157744448181213,
        0.12141526336591037
      ],
      [
        -0.551115795757267,
        -0.1084789313301803,
        -0.24222750683803113,
        -0.10477969898424933,
        -0.49655625588028396,
        -0.0013003097330241884,
        0.32257232478441333,
        -0.5022801857192853
      ],
      [
        0.09921370652415962,
        0.2698843076064354,
        -0.18248901387920358,
        0.39060201904173786,
        0.4647704328618036,
        -0.2942823752192063,
        -0.016684793446087632,
        -0.06813195873558468
      ],
      [
        -0.14635226030678944,
        -0.3953960310491915,
        0.05299328698227615,
        -0.04273938349868168,
        -0.28143179469230445,
        -0.2981945396094813,
        0.3434174840588208,
        -0.1746804736472524
      ],
      [
        -0.1807622740453052,
        0.15658911349694776,
        0.34623808045669147,
        -0.35906470686213204,
        0.5213923028874918,
        0.034512950013067555,
        -0.36489758236664716,
        0.39872238501730306
      ],
      [
        0.09431639466557423,
        0.3591584468321471,
        -0.11889533428462239,
        0.1754598283528211,
        0.02501778505249955,
        0.06375949868103296,
        -0.3755240756891578,
        -0.04623649904873307
      ],
      [
        -0.40073398705995983,
        0.10867431818669744,
        0.0850721423491027,
        -0.049187981269241815,
        0.06151747124667517,
        -0.1949476181060875,
        0.09998989417856485,
        -0.33367152616818496
      ],
      [
        0.10602455352325568,
        -0.20058854744444712,
        0.48632791786548063,
        -0.44618275667237717,
        -0.0684830595241066,
        -0.19288223914509317,
        0.4918751589189672,
        0.2589805142165456
      ],
      [
        -0.0502132946502421,
        0.3357110609130006,
        0.1034339342475795,
        -0.20927320929441268,
        0.26195901087471946,
        -0.2449131264748939,
        -0.5522019423726531,
        0.4349064154843461
      ],
      [
        0.44317104327379603,
        0.18000213615552374,
        -0.22358871236219233,
        -0.06649916708546984,
        0.37358910772637566,
        0.337532616712565,
        0.40842419117386597,
        0.31303985706728377
      ],
      [
        0.17290858385934055,
        -0.37928066551626205,
        -0.4587062526324752,
        0.33612085506081546,
        0.22703468724652567,
        -0.7663576241995099,
        -0.535050159649048,
        0.05503034044205466
      ],
      [
        -0.5241622068866779,
        -0.4126438983745196,
        -0.07361376523372525,
        0.013586862963795576,
        0.12061595438719047,
        0.005342990867616638,
        0.10000535273673859,
        -0.4715943106135562
      ],
      [
        -0.3562729126339041,
        0.06212944732186889,
        0.2695148823992,
        0.3834227047727208,
        0.09917176830483108,
        0.23434896444321157,
        -0.22337937809223204,
        -0.3098631994572179
      ],
      [
        -0.08027603040671287,
        -0.10330755448560086,
        0.3430309486682957,
        -0.11522774108410529,
        0.6863716835839114,
        -0.03276194591365086,
        0.14475168401718486,
        0.14115415067878403
      ],
      [
        0.02004605647615713,
        -0.05992903034030575,
        -0.28491594568995887,
        0.16958930045454418,
        -0.19871844658247864,
        -0.37260118691247857,
        0.2073699355421334,
        -0.3593918097643324
      ]
    ],
    [
      [
        0.8371547998847949
      ],
      [
        0.7030116208309488
      ],
      [
        -0.30939174065839703
      ],
      [
        -0.4089872268102255
      ],
      [
        1.006140950282535
      ],
      [
        -0.18311948968141506
      ],
      [
        -0.5460496191979767
      ],
      [
        0.17417027830117543
      ]
    ]
  ],