{
  "trained_at": "2026-06-02T03:22:28.613650",
  "n_samples": 6778,
  "n_features": 6,
  "feature_names": [
    "log1p_days_since_last",
    "n_correct",
    "n_wrong",
    "accuracy",
    "log1p_n_reviews",
    "log1p_days_since_first"
  ],
  "scaler_mean": [
    1.6366443735942877,
    3.301711419297728,
    1.1625848332841546,
    0.7469603263853019,
    1.5469185777890346,
    2.6078526921954484
  ],
  "scaler_std": [
    0.9130874071334141,
    2.2454833242811856,
    1.286997846665186,
    0.27063299615589004,
    0.5536701950114588,
    1.1298564715025732
  ],
  "weights": [
    [
      [
        -0.142314924238583,
        0.4272798066076181,
        0.5728946540665525,
        -0.2593602572060238,
        -0.3191073438689345,
        -0.4181992900959816,
        -0.4263310015567364,
        0.4367224928944859,
        0.282958085946396,
        -0.07444252571458247,
        -0.8394902833010136,
        0.40622755283348083,
        0.3593952286277723,
        -0.2218395687157103,
        -0.16705163374357845,
        -0.23040763805945952
      ],
      [
        -0.022758735992805628,
        0.20172212370585646,
        -0.13138619225248865,
        -0.1305403505156575,
        0.2039074602755365,
        -0.22056684024887788,
        -0.15024158030050339,
        -0.18196193684687562,
        -0.19382782942189108,
        0.5085765297481926,
        -0.1453524255141944,
        0.17549844202987788,
        -0.06761847937196633,
        -0.5834015241839728,
        0.05352080723392209,
        -0.3545657607775745
      ],
      [
        -0.652532866649352,
        0.3570683644253541,
        0.6429107175366273,
        0.3186600370954,
        -0.07521650041973556,
        -0.3253583589764785,
        0.27356594986036037,
        0.09173771713051743,
        -0.24934925093786184,
        -0.010927964332121511,
        -0.6777527335468154,
        0.30714668521949695,
        -0.02418252088342713,
        0.24440143127384864,
        -0.20860588851642997,
        0.1909864026407049
      ],
      [
        0.2701105039000813,
        -0.05469143246999184,
        0.3147588987854014,
        0.3845806990396503,
        0.3273600583485517,
        0.42738302845351667,
        0.03824871375680393,
        0.3045983597465132,
        -0.5143165965283608,
        -0.12288059850660701,
        -0.306707691026304,
        -0.13533364128051112,
        -0.28766804518830685,
        -0.24719272858525315,
        0.31669168578223583,
        -0.09993041000905147
      ],
      [
        -0.18780231966215213,
        0.11816318103090165,
        -0.2791737593319081,
        0.39469740190735214,
        -0.3469513966263652,
        0.7034544916770115,
        0.34296249551893426,
        -0.22010506880805933,
        -0.542957162025683,
        0.4208632309063039,
        0.27433037297711893,
        0.4742262047473435,
        0.2151907417870005,
        -0.45546218034017655,
        -0.1611409700104717,
        -0.3079284192309505
      ],
      [
        0.46225711688526,
        0.15579705331536176,
        -0.03345965464992831,
        -0.4181304241860393,
        -0.15435491990776265,
        -0.1948325838823598,
        0.21775958283353541,
        0.20262293412338636,
        0.32784479454631876,
        -0.13881907830982101,
        -0.29720881101348706,
        0.1356311127626585,
        0.24820153761716615,
        -0.033398287972247295,
        0.22856506266087395,
        -0.0054221378000853275
      ]
    ],
    [
      [
        0.5435762052284568,
        0.42395867766066797,
        -0.023594519991322935,
        -0.09213075374409609,
        0.5495999491084523,
        -0.5190220190011986,
        0.2736281786645207,
        0.15827685014510945
      ],
      [
        0.22266928422511745,
        0.3119615963032395,
        -0.26083047443571666,
        -0.3839253396391823,
        -0.23682972766494545,
        0.00031806145401743076,
        0.4332199133058075,
        0.15262252391438264
      ],
      [
        -0.5843614539928492,
        -0.07556438532469173,
        -0.17662576628372795,
        -0.10336104361471163,
        -0.5108586460926071,
        -2.9068828108237812e-05,
        0.5125256919768647,
        -0.4808010446310276
      ],
      [
        0.09400728715085323,
        0.26216280063960845,
        -0.22340610448500506,
        0.4442785902597084,
        0.5135764978912273,
        -0.1399017917133675,
        0.02044778990153569,
        -0.0771312044337341
      ],
      [
        -0.15809049460142843,
        -0.40137664719138977,
        0.06324591169460257,
        -0.006217276207147468,
        -0.29368503610415136,
        -0.28882852110305507,
        0.34904870038205565,
        -0.17529662873939786
      ],
      [
        -0.12426785540804504,
        0.21426653718029529,
        0.34051297705360567,
        -0.7057109543529445,
        0.6278376793035261,
        -0.08560464265064975,
        -0.4692816263587568,
        0.4496861299692663
      ],
      [
        -0.050500312226680916,
        0.2052037494656524,
        -0.025569309223506063,
        0.12755411068356828,
        -0.14721987127281022,
        0.13201524420252425,
        -0.5250497876328911,
        -0.18587823409424534
      ],
      [
        -0.4106075317760667,
        0.12261368937446351,
        0.05156579772721361,
        -0.388342864237558,
        0.08503532358686322,
        -0.16628666392832134,
        0.11950444260040516,
        -0.32092649857775696
      ],
      [
        0.09361024783053618,
        -0.21226586559822894,
        0.4644263534661122,
        -0.6155369443113252,
        -0.08985457971066103,
        -0.19209929734452036,
        0.5176805703537212,
        0.22554875522893617
      ],
      [
        -0.09500977770418474,
        0.32102700205642837,
        0.5109939270070516,
        -0.0017070329604936545,
        0.29028647809247105,
        -0.2693023274804576,
        -0.4767974192810015,
        0.4790207075104984
      ],
      [
        0.452070913305136,
        0.18776103176230596,
        -0.25569200808924936,
        -0.06050984572395185,
        0.4003963887266596,
        0.2920916688625028,
        0.3367657495907167,
        0.3151125441952511
      ],
      [
        0.18292793087926731,
        -0.35837879261733546,
        -0.4895002701083229,
        0.33907204209565567,
        0.24986125578398236,
        -0.592067977273337,
        -0.40707670768207344,
        0.09933203544973697
      ],
      [
        -0.5163605448753269,
        -0.3746424640033063,
        -0.06150061290204213,
        0.027462836249381742,
        0.15995264267631426,
        0.007269016429693039,
        0.27801953731160617,
        -0.42229990877915224
      ],
      [
        -0.336397596760985,
        0.07925842004284867,
        0.22246442393449103,
        0.3876803098623336,
        0.11817788667007027,
        0.24116424746173584,
        -0.272638890805295,
        -0.2979487402819501
      ],
      [
        -0.10664568803276878,
        -0.12582447203515926,
        0.3304554198498179,
        -0.012872370345468181,
        0.6100634799399659,
        -0.024842091283227737,
        0.07529944154766068,
        0.10374182362650143
      ],
      [
        0.03219508599092968,
        -0.0526299319030526,
        -0.3059901473363426,
        0.1738991989701365,
        -0.17058877870369502,
        -0.3551961481515355,
        0.17917395600195682,
        -0.34979688719285945
      ]
    ],
    [
      [
        0.822339425534056
      ],
      [
        0.6727886976831563
      ],
      [
        -0.3287601143345355
      ],
      [
        -0.5315147261580261
      ],
      [
        1.101106160321089
      ],
      [
        -0.16262635921562568
      ],
      [
        -0.5723845270699653
      ],
      [
        0.17653422306122893
      ]
    ]
  ],