{
  "trained_at": "2026-06-24T10:06:34.083393",
  "n_samples": 9227,
  "n_features": 6,
  "feature_names": [
    "log1p_days_since_last",
    "n_correct",
    "n_wrong",
    "accuracy",
    "log1p_n_reviews",
    "log1p_days_since_first"
  ],
  "scaler_mean": [
    1.6946178802559395,
    3.6977349084209385,
    1.198005852389726,
    0.7568656726671711,
    1.6111333277261881,
    2.699576063648809
  ],
  "scaler_std": [
    0.9430583362423767,
    2.573593985863496,
    1.253379232366753,
    0.25709431482000383,
    0.5781560442801454,
    1.18283845045467
  ],
  "weights": [
    [
      [
        -0.16782254071695396,
        0.23092374104908522,
        0.5452346957593158,
        -0.18218866334669948,
        -0.32974017130731126,
        -0.2196565398557613,
        -0.48209327283154635,
        0.49534833863148814,
        0.13666843655640137,
        0.01485686370847314,
        -0.8232329320922882,
        0.4203993901406538,
        0.4647800463183472,
        -0.3921147147689009,
        -0.25424956696226547,
        -0.19694475783738444
      ],
      [
        0.03870585085536803,
        0.1316527005383899,
        -0.0362808986007715,
        -0.17525790629647742,
        0.21522548983743037,
        -0.2665987524625183,
        -0.16932618382057302,
        -0.30166785098287696,
        -0.1923149819300178,
        0.446816996171067,
        -0.09832720144515796,
        0.37424033467279827,
        -0.07031325260750688,
        -0.38942376609175006,
        0.11900678482086567,
        -0.3059781530548554
      ],
      [
        -0.5675678084014434,
        0.4670311265659255,
        0.5159192787753053,
        0.34161952462043055,
        -0.06655278886867737,
        -0.3174867864854353,
        0.05180607507327919,
        0.027101468062543058,
        -0.2786217198649774,
        -0.07554230732195565,
        -0.515824188814948,
        0.2547473331780868,
        0.009191817450634679,
        -0.1441122014250417,
        -0.18995385995328568,
        0.17212913104627295
      ],
      [
        0.2443036332751435,
        -0.20590363411767204,
        0.47380027425586557,
        0.4535846029864305,
        0.31789924891884314,
        0.4404333577702194,
        0.2803773505085355,
        0.31444274551345924,
        -0.5113918022406413,
        -0.20470679028084113,
        -0.3891337714697393,
        0.09996681684450391,
        -0.2772653449673819,
        -0.07604918566555242,
        0.2757839309274594,
        -0.08760359240445606
      ],
      [
        -0.11061656698495297,
        0.16733581485619853,
        -0.30980176354353683,
        0.3981772793130207,
        -0.33578966092247253,
        0.6699994539145364,
        0.2465221410845698,
        -0.2653751580838083,
        -0.5311720919723084,
        0.43793102291084807,
        0.3419699412948657,
        0.5336622675849699,
        0.1959827720585783,
        -0.5023954097059281,
        -0.10009172222960559,
        -0.2799147590839708
      ],
      [
        0.3577385539312582,
        0.11858820691051256,
        -0.14634023640810218,
        -0.4051889247462747,
        -0.16685719622906872,
        -0.20426258641991954,
        -0.043241100317335135,
        0.18675196951583348,
        0.287106466955049,
        -0.0633250711042298,
        -0.3125701446093696,
        0.3611480788067553,
        0.26855025036630015,
        0.05480650112648901,
        0.25970677282093574,
        0.031959968029125055
      ]
    ],
    [
      [
        0.513826283105968,
        0.4040024770760023,
        0.010389299596837955,
        -0.07823547181805283,
        0.5102887067357479,
        -0.5246679992230942,
        0.2724453341695407,
        0.12086474368102482
      ],
      [
        0.1996482182212955,
        0.2939442816344177,
        -0.4464204663740203,
        -0.26390451288841904,
        -0.28529762854147095,
        -0.08014895069728727,
        -0.011158410257312621,
        0.16159963921750575
      ],
      [
        -0.3953128995179591,
        0.17040296713331027,
        -0.3552449265727346,
        0.22867180924682004,
        -0.28253760427796765,
        -2.0398632779412946e-14,
        0.10580607051223531,
        -0.21469249148066413
      ],
      [
        0.16390291126076992,
        0.3254825207992194,
        -0.3153303947512641,
        -0.014001668826534946,
        0.6386154060805231,
        -0.2680925110636645,
        -0.25876760446348945,
        -8.740172254940548e-05
      ],
      [
        -0.16959001431689255,
        -0.4041805282412736,
        0.07384400031513794,
        -3.9935429529277906e-07,
        -0.2965855793607412,
        -0.16517877539499234,
        0.3525540747855923,
        -0.16600644037225457
      ],
      [
        -0.11554803903629085,
        0.22626731877336437,
        0.3011479489273383,
        -0.09039226584223527,
        0.6049847221255565,
        -0.1869656508881932,
        -0.4173960909092684,
        0.4371276259272486
      ],
      [
        0.04056614020791406,
        0.29071307403782387,
        -0.0837169224751895,
        8.279127550255258e-05,
        0.06965506698530523,
        -0.06983482002174508,
        -0.43722572877197813,
        -0.08318950736710325
      ],
      [
        -0.4849917886756154,
        0.12675013091362564,
        0.008201163412269489,
        0.08525133883429509,
        0.014803449409612444,
        -0.2443439004308189,
        0.03746372324645393,
        -0.39141018199760474
      ],
      [
        0.05206047537675786,
        -0.22768845254209227,
        0.4351287370028885,
        0.09533169512685392,
        -0.11619496537709643,
        -0.19220499465338167,
        0.49880134897602246,
        0.17963527396835724
      ],
      [
        -0.04666020034150647,
        0.2857802482086744,
        0.2841726067656635,
        -0.20080097766781355,
        0.29414733655307923,
        -0.08083407503153157,
        -0.056319665808643574,
        0.49523150384093984
      ],
      [
        0.4412779628555193,
        0.17741994438638292,
        -0.21699887311941615,
        -0.03793231153227654,
        0.37837219849868436,
        0.2743754582573842,
        0.35059191288631447,
        0.29938234187903046
      ],
      [
        0.1497248308363927,
        -0.38091158233198347,
        -0.5429702398323506,
        0.21239201640049857,
        0.24263400887564218,
        -0.5354376816323116,
        -0.550951214251379,
        0.1002347834749202
      ],
      [
        -0.6203669824171646,
        -0.44072347882641955,
        -0.08965725008123054,
        0.12436069704032482,
        0.046095054678457675,
        0.0002986459919733309,
        0.06334356147641182,
        -0.47702906833095216
      ],
      [
        -0.24977075071870503,
        0.1620776196505165,
        0.19631904960858473,
        0.014303137652502046,
        0.18713353940873384,
        0.14397725939861494,
        -0.3256470107940317,
        -0.203723850148882
      ],
      [
        -0.1379050917797911,
        -0.15390570079622778,
        0.3552513555758763,
        0.02267670171662305,
        0.5142380278925971,
        -0.04065207427630331,
        0.06509916698654827,
        0.03872478523161579
      ],
      [
        0.06664225260050201,
        -0.015435868226510314,
        -0.29273699442252443,
        -0.003638465998569653,
        -0.16455298796795062,
        -0.397464336538073,
        0.14211526131794422,
        -0.2946634427595693
      ]
    ],
    [
      [
        0.7872782762757321
      ],
      [
        0.6831880659961105
      ],
      [
        -0.3327391967737675
      ],
      [
        -0.19749726722408278
      ],
      [
        1.0534050559837531
      ],
      [
        -0.18375606844433684
      ],
      [
        -0.540006368768216
      ],
      [
        0.1462217663842994
      ]
    ]
  ],