{
  "trained_at": "2026-06-09T03:15:48.749320",
  "n_samples": 7564,
  "n_features": 6,
  "feature_names": [
    "log1p_days_since_last",
    "n_correct",
    "n_wrong",
    "accuracy",
    "log1p_n_reviews",
    "log1p_days_since_first"
  ],
  "scaler_mean": [
    1.6534448259697077,
    3.4488365943945003,
    1.1780803807509255,
    0.7505571731428893,
    1.5707201087650453,
    2.640351186190491
  ],
  "scaler_std": [
    0.9224322719905549,
    2.3767670584617786,
    1.2713083721683769,
    0.26535181282489956,
    0.5646505766358152,
    1.148746186163213
  ],
  "weights": [
    [
      [
        -0.2398265715174746,
        0.3499370695415914,
        0.6347506134591473,
        -0.1626815934705488,
        -0.32554363874052705,
        -0.3665406731936415,
        -0.4571768432688701,
        0.4082021952384016,
        0.16362850364774992,
        0.03830547297171173,
        -0.8430015282690281,
        0.4675839406046538,
        0.3639927227547423,
        -0.3593890565141695,
        -0.24168110021108768,
        -0.2243852081334513
      ],
      [
        -0.00258117186677136,
        0.15958424394043344,
        -0.08750119357397594,
        -0.14996271874166947,
        0.20079267777608736,
        -0.21321640642059603,
        -0.13377719745640562,
        -0.19878318249056995,
        -0.1993217564957765,
        0.44602151885515806,
        -0.13489535639937872,
        0.3143923287679426,
        -0.06559631809319545,
        -0.44308874600563913,
        0.13994272214890172,
        -0.33749073548094394
      ],
      [
        -0.622756533247433,
        0.3903651901222592,
        0.609641774472017,
        0.30760457760947757,
        -0.07350010146634632,
        -0.32565306413164985,
        0.14845023703851495,
        0.06734781097698406,
        -0.2816932258991958,
        -0.030180101548031177,
        -0.553039392655674,
        0.2695779923116892,
        -0.02487259667914627,
        -0.07377229070559617,
        -0.19075278648240898,
        0.17006855123103654
      ],
      [
        0.24700750862077653,
        -0.18702869394223265,
        0.2938839690834559,
        0.46951978435488556,
        0.3286676913780983,
        0.39934105209360704,
        0.1710570914984007,
        0.3129853329102018,
        -0.5483564153885226,
        -0.16123077089424298,
        -0.33385696980653295,
        0.011210067994087476,
        -0.2808471601926079,
        -0.07715685952121303,
        0.30930757348633786,
        -0.09385448342010713
      ],
      [
        -0.1589227043288499,
        0.14103021638628307,
        -0.28645257002806435,
        0.35298376193753056,
        -0.3561256708805879,
        0.6871406918194473,
        0.2726064579355837,
        -0.24040977604528638,
        -0.5517549005442657,
        0.416490670103357,
        0.329276592433541,
        0.5142032830000606,
        0.20443509085182815,
        -0.5106774527301944,
        -0.09043199225957012,
        -0.3250395792554617
      ],
      [
        0.401743003496192,
        0.1577144503165494,
        -0.08938490688651136,
        -0.4046015211960629,
        -0.16603725021194507,
        -0.19349866222608586,
        0.079914014549495,
        0.16330747680494703,
        0.3002937054996589,
        -0.07820472392634445,
        -0.33017103871470194,
        0.3319662765744026,
        0.23142543790238948,
        0.015130924809148367,
        0.24980997482466008,
        0.05907060254249573
      ]
    ],
    [
      [
        0.5533011270899357,
        0.43660572756165394,
        -0.004956994854817414,
        -0.03693511838640838,
        0.5389493049165673,
        -0.5518162077257389,
        0.24866108880250043,
        0.16606012304528567
      ],
      [
        0.2026983201832741,
        0.3204468865330905,
        -0.34721022528977724,
        -0.3925116934943418,
        -0.25138419693662695,
        0.009493167818490513,
        0.11769091685965755,
        0.13587304133227673
      ],
      [
        -0.6549527648130508,
        -0.06913041401838411,
        -0.21343682511970863,
        -0.00026880659641023003,
        -0.5720513044117101,
        -2.193083243151964e-06,
        0.20429527376442386,
        -0.5310762567542383
      ],
      [
        0.09782955547681155,
        0.2654801868801961,
        -0.2384968366122348,
        0.1024524448945439,
        0.5519973508804863,
        -0.18481348916943743,
        -0.209047347599218,
        -0.05939837186897965
      ],
      [
        -0.17177241727363807,
        -0.41724142553442783,
        0.07280548684110863,
        -0.011142151425710484,
        -0.32694707243856963,
        -0.3086969194050918,
        0.3631873566376473,
        -0.1938307446539342
      ],
      [
        -0.15030204194811514,
        0.1899268264484865,
        0.3471745960812688,
        -0.06403174669027015,
        0.5939338473495347,
        -0.04965155582427305,
        -0.4043106334286163,
        0.4247374002154711
      ],
      [
        -0.029200684691633148,
        0.23093661633840176,
        0.056296419273788596,
        0.010700824057279816,
        -0.04985712088422607,
        0.11474250198073313,
        -0.33672713457855313,
        -0.16816796021127176
      ],
      [
        -0.41398111008812893,
        0.13929907084367152,
        0.06829252443006635,
        -0.0543288557374168,
        0.07013644173763421,
        -0.2230115635454878,
        0.04578264284356948,
        -0.3233464292806633
      ],
      [
        0.07581177077796189,
        -0.22713742625961392,
        0.46743916672115793,
        -0.12402088369231094,
        -0.1204317014726102,
        -0.1925465481721105,
        0.5110481745056624,
        0.21773431596543188
      ],
      [
        -0.12451217318845023,
        0.30280370337764795,
        0.39598930680808747,
        -0.036780393383345066,
        0.25721147212015444,
        -0.08079912713161343,
        -0.2452202076925031,
        0.4342637160407706
      ],
      [
        0.4436160101641981,
        0.17854092219140738,
        -0.20993058469713322,
        -0.07130366568315283,
        0.3873322409688339,
        0.3037199550061715,
        0.3560711766624877,
        0.3083485039911221
      ],
      [
        0.1582027185003775,
        -0.3559399819954451,
        -0.4742800387033058,
        0.24706330194249387,
        0.27167044984643623,
        -0.5116004105514722,
        -0.5244544861980625,
        0.07476469898591637
      ],
      [
        -0.527325169807915,
        -0.34229048585624616,
        -0.038334756150465346,
        0.05678442150730261,
        0.1586647595148375,
        -0.034182008888061007,
        0.10843753377899544,
        -0.43102898018748187
      ],
      [
        -0.28016382184442273,
        0.13674368052620978,
        0.22560454800322097,
        0.24151451452045908,
        0.15457640051257954,
        0.1567120109387789,
        -0.3104068902395092,
        -0.23542886890322057
      ],
      [
        -0.10807911152004526,
        -0.12990224308406323,
        0.3639143766374358,
        -0.0407579862617197,
        0.6190294849367569,
        0.000990705229726404,
        0.12267128819285915,
        0.10795912238860289
      ],
      [
        0.04791555000519879,
        -0.03518499162804398,
        -0.287218999774329,
        0.11617329674197585,
        -0.181265446650207,
        -0.40891978953807345,
        0.1549887882020025,
        -0.3302170775080473
      ]
    ],
    [
      [
        0.8067997207603733
      ],
      [
        0.6835514402924063
      ],
      [
        -0.3116448557009245
      ],
      [
        -0.10512140950640511
      ],
      [
        1.0903992678632504
      ],
      [
        -0.1387888436243839
      ],
      [
        -0.5330912867508752
      ],
      [
        0.13952851238431085
      ]
    ]
  ],