{
  "trained_at": "2026-07-11T10:11:55.294782",
  "n_samples": 10620,
  "n_features": 6,
  "feature_names": [
    "log1p_days_since_last",
    "n_correct",
    "n_wrong",
    "accuracy",
    "log1p_n_reviews",
    "log1p_days_since_first"
  ],
  "scaler_mean": [
    1.7558738116282455,
    3.9024482109227874,
    1.2118644067796611,
    0.7659538354573285,
    1.6467342595013812,
    2.773240319671543
  ],
  "scaler_std": [
    0.9589330975371554,
    2.664811083683959,
    1.2612322123538267,
    0.2486539616867557,
    0.5823728934683586,
    1.188443740378033
  ],
  "weights": [
    [
      [
        -0.22333827304897005,
        0.3453232750295567,
        0.6531680321059572,
        -0.19500769282896196,
        -0.1195675607897381,
        -0.1911023279217387,
        -0.671338876288238,
        0.42748421725413516,
        0.050558070298199385,
        0.03567776403906936,
        -0.6942328541135219,
        0.4857347627883659,
        0.3917490570273243,
        -0.21981843398005493,
        -0.3098056839585211,
        -0.24342145187990874
      ],
      [
        -0.03369097458620517,
        0.16132620510054385,
        -0.047342819330971946,
        -0.17238902583833263,
        0.16807508941100668,
        -0.24540019019687062,
        -0.16534186317467076,
        -0.28681899620790574,
        -0.1647260010113718,
        0.47477385296860586,
        -0.20181989669297623,
        0.2956507548400802,
        -0.06249883034289658,
        -0.5111594435398406,
        0.147189711933203,
        -0.367319154678854
      ],
      [
        -0.6104203054132669,
        0.3760268186218828,
        0.5870187139768357,
        0.3463970626185777,
        -0.17132937425338907,
        -0.3596277762087506,
        -0.015118456913148075,
        0.04291110020066293,
        -0.2952780426410901,
        -0.08686187757361691,
        -0.6175616539739373,
        0.26595464994982887,
        -0.006675826072156384,
        -0.026903408630610994,
        -0.1849307705804288,
        0.2048160559840505
      ],
      [
        0.28017782854109646,
        -0.14605791215247482,
        0.3128218586905837,
        0.46261286140404223,
        0.4204170633388226,
        0.47850613031476225,
        -0.04647878172490364,
        0.29230226340797133,
        -0.45080886167719225,
        -0.17002350240551628,
        -0.32678982856532196,
        0.04731716909309442,
        -0.2587880421384254,
        -0.04812407727736327,
        0.26873998731438664,
        -0.07905179619044653
      ],
      [
        -0.17905729968743364,
        0.14607518459828334,
        -0.2417904318324746,
        0.39347282040225445,
        -0.3719572437119092,
        0.6809930404008937,
        0.15092800127369796,
        -0.2599549974211759,
        -0.5303991190928626,
        0.47261184765208053,
        0.25972624424891366,
        0.500465504626471,
        0.20611986276456595,
        -0.46857918297001167,
        -0.08871656122789909,
        -0.3043431804409897
      ],
      [
        0.31804944813258856,
        0.21990448530907686,
        -0.12997341925510014,
        -0.3902918396685559,
        -0.15541142405330977,
        -0.16748719170740833,
        0.01779881395384864,
        0.17391587236231812,
        0.3178703269751245,
        -0.055258852223972824,
        -0.30746271114903667,
        0.3191723275583588,
        0.26145213975580556,
        -0.022931675873772785,
        0.25790994435104453,
        -0.06296360033258186
      ]
    ],
    [
      [
        0.49318949309064525,
        0.37639666543326755,
        0.018370966306110785,
        -0.002192857929118145,
        0.47877810905950957,
        -0.47650797309390563,
        0.3087797381706214,
        0.10346754396777505
      ],
      [
        0.23012307256006576,
        0.3222148799694043,
        -0.4355893557728273,
        -0.18404905692178258,
        -0.23933012990241836,
        -0.016770632504403922,
        -0.10805892060664854,
        0.1773998281086608
      ],
      [
        -0.6019004229363861,
        -0.05994228394932984,
        -0.37470456112238854,
        -4.0002232276639335e-10,
        -0.5132182366303129,
        -4.165825422671911e-20,
        -0.02115492423017864,
        -0.39714802801301147
      ],
      [
        0.21388031942608712,
        0.3695237541572152,
        -0.16547985359114237,
        1.2649532464715297e-06,
        0.6224547595515981,
        -0.15390622447834826,
        -0.29999557153590384,
        0.05080544076703214
      ],
      [
        -0.11487885071765676,
        -0.35398572087238395,
        0.02241406914531677,
        -1.0709107287393032e-07,
        -0.2273624483073674,
        -0.13297723947060344,
        0.3009681630509597,
        -0.12418434615457012
      ],
      [
        -0.08176355408945529,
        0.25346283590261764,
        0.30404188666105464,
        -0.0020199413877809544,
        0.6419305547171139,
        -0.2769500121514518,
        -0.452852305346838,
        0.46450751422793185
      ],
      [
        0.19715046615534315,
        0.4511143239540502,
        -0.11161575854837263,
        9.791760127016012e-05,
        0.12119755906523849,
        -0.042400892304460425,
        -0.5329646725062624,
        0.056707918310427756
      ],
      [
        -0.4465629763330091,
        0.1044286964713189,
        0.019653777014436977,
        -0.0006095578821367852,
        0.062097448330931566,
        -0.1935767320761748,
        0.08609032267437701,
        -0.35781944286033684
      ],
      [
        0.09073464477039987,
        -0.20650538094790388,
        0.3846309405187477,
        -0.0001593921088053765,
        -0.07724765508783575,
        -0.262040036404841,
        0.46574256579441875,
        0.2108180878975554
      ],
      [
        -0.032980569046960465,
        0.3421745674178239,
        0.5092622014076155,
        -0.013422170974965727,
        0.309390509470606,
        0.10024502368480749,
        -0.015069303613947142,
        0.5112224212665019
      ],
      [
        0.4048104648250865,
        0.14375770900596274,
        -0.17695812625472684,
        -0.015284242701343766,
        0.3226425509637598,
        0.31164446350526226,
        0.37924295910993644,
        0.2662758480094293
      ],
      [
        0.1733083238975896,
        -0.3632589449310895,
        -0.5304347832940615,
        0.1512762910378434,
        0.26603513375578913,
        -0.33481113513078525,
        -0.48231528668477275,
        0.10592540400292881
      ],
      [
        -0.5104725748853584,
        -0.3461429336839266,
        -0.10969432957558756,
        0.003863127840232693,
        0.16883611364631063,
        -0.0005124394676751547,
        0.06520320619111847,
        -0.3908029196137657
      ],
      [
        -0.3243167860976151,
        0.09153834098023919,
        0.2672887885977391,
        0.006547660591171665,
        0.09423862063818293,
        0.22047865870436992,
        -0.25661667795261367,
        -0.27049313337340375
      ],
      [
        -0.10601955494195602,
        -0.1240445261778369,
        0.32255915194173146,
        -0.0007244437258088236,
        0.5646894573234585,
        -0.035197538180091234,
        0.029104073694314156,
        0.06232700666494876
      ],
      [
        0.012243464012274002,
        -0.06674307508839505,
        -0.2416978584860538,
        0.0017312071144831055,
        -0.24989712596882183,
        -0.32820412881336314,
        0.18793654234719268,
        -0.34300645675565816
      ]
    ],
    [
      [
        0.7737372500973604
      ],
      [
        0.6589441200065016
      ],
      [
        -0.3027228025923482
      ],
      [
        -0.044777808163109084
      ],
      [
        1.0294204433498961
      ],
      [
        -0.163425210876888
      ],
      [
        -0.5619187394307135
      ],
      [
        0.15940882376692345
      ]
    ]
  ],