{
  "trained_at": "2026-04-01T23:17:34.402973",
  "n_samples": 1218,
  "n_features": 6,
  "feature_names": [
    "log1p_days_since_last",
    "n_correct",
    "n_wrong",
    "accuracy",
    "log1p_n_reviews",
    "log1p_days_since_first"
  ],
  "scaler_mean": [
    1.4036015082383952,
    1.7676518883415435,
    0.8390804597701149,
    0.6911515368411918,
    1.1919259608916382,
    2.0308355995692593
  ],
  "scaler_std": [
    0.774056844903912,
    1.1983998240403555,
    1.1113904108883412,
    0.3511156986741278,
    0.4163014982255438,
    0.9034592070863088
  ],
  "weights": [
    [
      [
        -0.21630929350860695,
        0.5329500484857898,
        0.20736836728499858,
        -0.12077626756979977,
        -0.2966629783500608,
        -0.37619451362610773,
        -0.28085211541286964,
        0.3399501890010664,
        0.1294556708451032,
        0.12927076825212397,
        -0.6943629114429533,
        0.4004256316262406,
        0.4176904626177833,
        -0.18583171447430533,
        -0.2854163618066442,
        -0.30650045230495315
      ],
      [
        0.06073286359675516,
        0.3560289938459343,
        -0.053771880821848396,
        -0.18995502608765436,
        0.12531567755755996,
        -0.520441212065025,
        -0.4171576273095188,
        -0.11606681346845928,
        -0.11010525974391197,
        0.5639272593572467,
        -0.08824446557192973,
        0.03587040096471602,
        0.004066899350589849,
        -0.5144963690752334,
        0.04528269250982109,
        -0.29294940873081987
      ],
      [
        -0.6115519003970259,
        0.2633244921378651,
        0.6214037641352593,
        0.2443483373133967,
        -0.12448434248875688,
        -0.40094243488933384,
        0.32240553553035683,
        -0.01060936522759375,
        -0.2590008871084009,
        -0.16736062870085838,
        -0.5467012302493238,
        0.4349831478651042,
        -0.1750420774865335,
        0.0277921691351228,
        -0.15120887594821172,
        -0.054734989650207504
      ],
      [
        0.23644031020811326,
        -0.07170089194064236,
        0.40049698401228584,
        0.348936715185028,
        0.37582384718572037,
        0.3677122285514032,
        -0.036617723655044086,
        0.3621374325559934,
        -0.6292109627795063,
        -0.09440455274768834,
        -0.3243247433681961,
        -0.07658856795908763,
        -0.16866907619372723,
        -0.1800071267647349,
        0.2895080715749306,
        -0.06472212938623936
      ],
      [
        -0.1931873588971288,
        0.16752678413803002,
        -0.28059842524581596,
        0.3377210318210978,
        -0.39901007436533464,
        0.4515468872040896,
        0.32528389401817137,
        -0.23770741678669383,
        -0.446289189867504,
        0.41809034885286794,
        0.40180383447684853,
        0.3681968355079772,
        0.1841450796302213,
        -0.5443851118788726,
        -0.12002102712524088,
        -0.40761498193766477
      ],
      [
        0.3622810666950824,
        0.2887997852939872,
        -0.03491815386928202,
        -0.5812930968151653,
        -0.1992004151450776,
        -0.2178674839250945,
        0.3760428319965829,
        0.13795137538771346,
        0.4077767011960173,
        -0.06212338488411383,
        -0.4139278678759348,
        0.23888982282396792,
        0.2816972295710961,
        0.016984261578901223,
        0.26531015006600656,
        -0.04664184772664553
      ]
    ],
    [
      [
        0.5421502051122672,
        0.42472625288822397,
        0.0012212736209874957,
        0.08313315079703903,
        0.4799744839727039,
        -0.4135839388301263,
        0.29887300369105313,
        0.161766383870664
      ],
      [
        0.1966726061856575,
        0.29589263393479087,
        -0.20781305940147943,
        -0.4065110040203414,
        -0.2735563063979828,
        -0.07345844601094367,
        0.5438155550156939,
        0.24308365715093758
      ],
      [
        -0.43231402082417975,
        0.08680406813200768,
        -0.07852414616051347,
        -0.32399756061930296,
        0.30165683020760536,
        -0.0007713899122411245,
        0.41090175310822813,
        -0.05652475879375139
      ],
      [
        0.14915791775587134,
        0.33386362093496774,
        -0.3494612662378935,
        0.45555635316096255,
        0.7967358005627672,
        -0.48975434219609637,
        -0.22461255132343577,
        0.0008085658515126415
      ],
      [
        -0.17655957265612066,
        -0.4232583836879362,
        0.0719327682990179,
        -0.013707762701541355,
        -0.3632086357583247,
        -0.2761318491237705,
        0.3660281344576028,
        -0.2107804395093976
      ],
      [
        -0.1403548912450348,
        0.21365846919150003,
        0.2843680308096098,
        -0.15289140923880715,
        0.5653387521237853,
        0.05736768683973468,
        -0.4524179691264039,
        0.464201274076724
      ],
      [
        -0.2689079483659889,
        -0.0016337474987773346,
        0.0696109723579983,
        0.11350723360380785,
        -0.16587424375320223,
        0.21166126623816342,
        -0.16731046708391142,
        -0.39785457450157985
      ],
      [
        -0.3844796245323081,
        0.17087891531646848,
        0.09161360733853517,
        -0.2569779901828724,
        0.018047432869294708,
        -0.20778606086319715,
        0.06864516776413908,
        -0.23679045206865806
      ],
      [
        0.07091511453526804,
        -0.23846522259128017,
        0.505235252891301,
        -0.3810760906302762,
        -0.15105667981821888,
        -0.2208845294534083,
        0.5427515698703073,
        0.22837050999097777
      ],
      [
        0.04043140859753104,
        0.4802117245026692,
        0.0794245383459922,
        -0.20056183444888898,
        0.27041247734799784,
        -0.3002859624464274,
        -0.2810177244062404,
        0.6692722521547751
      ],
      [
        0.41343878774682524,
        0.14820107975954444,
        -0.1772964148103629,
        -0.19287147309543562,
        0.3571590998723671,
        0.3615524289585763,
        0.39107601550871257,
        0.2881519730350981
      ],
      [
        0.07443958167218645,
        -0.4623730058287109,
        -0.41879914222254455,
        0.32448759633638075,
        0.08876791340019083,
        -0.45024507530562585,
        -0.18964608555786452,
        0.1036276644408078
      ],
      [
        -0.5163516684586977,
        -0.3463453832395019,
        -0.006607109941102913,
        0.11298837446822156,
        -0.02205141779510509,
        -0.10651597017881068,
        0.2777745482999531,
        -0.28497297670025706
      ],
      [
        -0.3216684172308635,
        0.08972800255107785,
        0.2923039931987998,
        0.17285992559263175,
        0.17342133859638356,
        0.16415277681537058,
        -0.2320809564895452,
        -0.2868067590043166
      ],
      [
        -0.09655880418101549,
        -0.11138044911588948,
        0.34263583219825344,
        -0.08427296676658487,
        0.6396232291110505,
        0.023959882855015577,
        0.18449310312344075,
        0.12975645425988266
      ],
      [
        0.0003086208857351445,
        -0.08741795742495326,
        -0.22508767017514328,
        0.1256008129929831,
        -0.20327045205054184,
        -0.40780434685791594,
        0.22768376738761073,
        -0.3908759350763595
      ]
    ],
    [
      [
        0.776581539371125
      ],
      [
        0.7608886190366243
      ],
      [
        -0.2704863037886692
      ],
      [
        -0.3424253656008057
      ],
      [
        0.9264966091795835
      ],
      [
        -0.11800132877207573
      ],
      [
        -0.5668087647834723
      ],
      [
        0.21112401480044463
      ]
    ]
  ],