{
  "trained_at": "2026-03-28T03:00:20.648064",
  "n_samples": 838,
  "n_features": 6,
  "feature_names": [
    "log1p_days_since_last",
    "n_correct",
    "n_wrong",
    "accuracy",
    "log1p_n_reviews",
    "log1p_days_since_first"
  ],
  "scaler_mean": [
    1.41886671747997,
    1.5763723150357996,
    0.7183770883054893,
    0.6835350608023639,
    1.1252342409638316,
    1.9341448576076554
  ],
  "scaler_std": [
    0.7488506658280822,
    1.083953347240958,
    0.8667395581274807,
    0.36955767084842533,
    0.36418812220994623,
    0.8560763341385166
  ],
  "weights": [
    [
      [
        -0.2613332164463727,
        0.5360728903578281,
        0.20051752115376695,
        -0.09690642987553266,
        -0.3117838598525549,
        -0.35699950237289196,
        -0.2886478029889725,
        0.45091672171050723,
        0.20717120383812787,
        0.15939758968883846,
        -0.6912528114330695,
        0.398783693884531,
        0.40944766022514545,
        -0.25608813068830305,
        -0.2334047589966154,
        -0.2849626379324827
      ],
      [
        -0.10848560717827348,
        0.18783426209091877,
        -0.05493933846658447,
        -0.057988105209771976,
        0.1251729693068258,
        -0.41708451023609566,
        -0.24449544675872548,
        -0.22286710333509357,
        -0.13228244768813927,
        0.5661882980200393,
        -0.02748249686062173,
        0.20962423119994097,
        -0.0204872575214188,
        -0.6070306218139405,
        0.00564104334497029,
        -0.37232985853090805
      ],
      [
        -0.6126719192229116,
        0.3046895878544059,
        0.5258059526875553,
        0.2453078151808059,
        -0.14378319607591075,
        -0.2829798861796987,
        0.1766783069913217,
        0.04147214640570533,
        -0.21542316024153052,
        -0.10429302736774056,
        -0.6218254880572192,
        0.33507437056063316,
        -0.21083697290004275,
        0.08380317723753553,
        -0.16111597049283083,
        0.0064384710414069025
      ],
      [
        0.18487914862038374,
        -0.1271433429902211,
        0.44248296376821994,
        0.47868733978055045,
        0.400265109638295,
        0.3539044191537121,
        0.11447964323376796,
        0.3232853577026379,
        -0.5896920949414436,
        -0.12682037793912787,
        -0.2811656100274766,
        -0.01927012985592533,
        -0.1881342434809983,
        -0.2720470715009297,
        0.2903936699302381,
        -0.13402219575825083
      ],
      [
        -0.3080974101566794,
        0.10563368971308906,
        -0.3352273286371479,
        0.43453413670592445,
        -0.3990266131499957,
        0.6152270329085107,
        0.2815586607744934,
        -0.23483850831497977,
        -0.43523663469043045,
        0.5024286865480371,
        0.4482720717467973,
        0.4132617668081646,
        0.15834396211021187,
        -0.6276647234327983,
        -0.14534092431939682,
        -0.43936277024260684
      ],
      [
        0.3054732059396827,
        0.11104155076557788,
        -0.1097735941077128,
        -0.5362468466052212,
        -0.20414110582869563,
        -0.16272722270584636,
        0.5572113875145743,
        0.22872795322307757,
        0.4283746768576961,
        -0.18967971975948153,
        -0.48344142273674373,
        0.2802406582631564,
        0.30070291955751305,
        -0.05490003386322206,
        0.28541788508868615,
        -0.07826733116560133
      ]
    ],
    [
      [
        0.5436526161804349,
        0.42539135654857513,
        0.027590988549995685,
        0.2171311451021557,
        0.5197619827601112,
        -0.34757417708092364,
        0.2858093701993543,
        0.169553410918044
      ],
      [
        0.11844906694193211,
        0.23927479513777158,
        -0.09246653562403254,
        -0.28350190303708117,
        -0.24626861333607944,
        0.005101368160017554,
        0.5506602834604825,
        0.14659444576932046
      ],
      [
        -0.3410830856335838,
        0.12746362519637477,
        -0.07134523288669284,
        -0.29428049932648986,
        -0.1649195267342301,
        -1.206189877418133e-06,
        0.26887935300913446,
        0.009979106148979292
      ],
      [
        0.2681478001893493,
        0.4530030733738138,
        -0.4022262005825941,
        0.28570029484337806,
        0.799930155632597,
        -0.4298495533247318,
        -0.19775273787696027,
        0.0847685616298641
      ],
      [
        -0.1787315681480155,
        -0.4263382373683502,
        0.07320727006883997,
        0.038995631143306744,
        -0.37615382100533573,
        -0.2308818569828954,
        0.3691064674120212,
        -0.22185834930124063
      ],
      [
        -0.17429169238926726,
        0.1738176112955931,
        0.34478269438557585,
        -0.5391414788193132,
        0.5703456200570689,
        0.1440698160836216,
        -0.3792540688705214,
        0.43644619897887577
      ],
      [
        -0.18952903456863116,
        0.08341097831565791,
        0.15804665049163294,
        0.17556473937275388,
        -0.36601238294758226,
        0.293193846959608,
        -0.22647186262523825,
        -0.36140303641213584
      ],
      [
        -0.41938667179335587,
        0.14491940218280944,
        0.14585355296186442,
        -0.6923863268562573,
        0.06403860660727602,
        -0.27125283378390613,
        0.11287275736944401,
        -0.2816663563321702
      ],
      [
        0.13338991248359836,
        -0.14737739344786846,
        0.47000251767913204,
        -0.16358416610512352,
        -0.11922779562032092,
        -0.2715040106848802,
        0.49147861719909075,
        0.2963983030338968
      ],
      [
        0.02924031032154122,
        0.44534592925304206,
        0.15769588100747406,
        -0.1961421788215958,
        0.3781796717253629,
        -0.4115995731508871,
        -0.4652486235650131,
        0.6544757202020345
      ],
      [
        0.46823970495265216,
        0.20371232694140323,
        -0.2200412425283782,
        -0.06677371782001196,
        0.36717429382561273,
        0.3684522197031287,
        0.3810336752157949,
        0.34884692451536714
      ],
      [
        0.07043372319439228,
        -0.4502372966315171,
        -0.3593960852734055,
        0.42338717328981273,
        0.2253242441538859,
        -0.41906488709472445,
        -0.20643287865208043,
        0.08190054203167232
      ],
      [
        -0.5073058751491125,
        -0.3152529642753152,
        0.08643789056119676,
        0.08134050265509908,
        0.160353159411157,
        -0.20959501700078229,
        0.2953709363641795,
        -0.2775183105529226
      ],
      [
        -0.3172600731286877,
        0.09928708394554872,
        0.2904192665010851,
        0.5232486671267952,
        0.14965616625165265,
        0.2200713490399268,
        -0.241628657898512,
        -0.28390436976668726
      ],
      [
        -0.10223462555346643,
        -0.12246492752759121,
        0.3550074779345286,
        0.06269341772888798,
        0.6785060578645346,
        0.05147210058165777,
        0.1495711236471695,
        0.1445564312305148
      ],
      [
        -0.01547092876474825,
        -0.10300695896813857,
        -0.2199584063559677,
        0.3566472441225044,
        -0.22601914743034382,
        -0.358658726735972,
        0.24125092221433778,
        -0.41246507517183606
      ]
    ],
    [
      [
        0.816288444845652
      ],
      [
        0.7447134241347505
      ],
      [
        -0.27597341281637716
      ],
      [
        -0.3218323008889171
      ],
      [
        1.0355683054139584
      ],
      [
        -0.19164754689640134
      ],
      [
        -0.5206230144291306
      ],
      [
        0.20976679944399143
      ]
    ]
  ],