{
  "trained_at": "2026-04-25T03:14:46.231383",
  "n_samples": 2728,
  "n_features": 6,
  "feature_names": [
    "log1p_days_since_last",
    "n_correct",
    "n_wrong",
    "accuracy",
    "log1p_n_reviews",
    "log1p_days_since_first"
  ],
  "scaler_mean": [
    1.513557932849445,
    2.1125366568914954,
    0.8002199413489736,
    0.7317133512056534,
    1.2754019684866116,
    2.1965616867969837
  ],
  "scaler_std": [
    0.8311212700204008,
    1.3259826277173288,
    1.0239292146773675,
    0.3175505701507554,
    0.4200231919019652,
    0.9352941076329796
  ],
  "weights": [
    [
      [
        -0.20489893741267037,
        0.398168875000371,
        0.2042110618266086,
        -0.09820799952553332,
        -0.20486348710016647,
        -0.399254742908772,
        -0.38816182109193575,
        0.43535448335225335,
        0.23355757303965877,
        -0.0009914064483591489,
        -0.8154164014715152,
        0.32762566444292934,
        0.44170761875975373,
        -0.41210967023187817,
        -0.4058128196757937,
        -0.3985754860777158
      ],
      [
        0.07210283994778466,
        0.29014566151766435,
        -0.12410921011589303,
        -0.1573317653762954,
        0.19262495612268657,
        -0.44121550415480376,
        -0.15467622270306297,
        -0.06778628476507284,
        -0.1451446244462936,
        0.5836478095750703,
        -0.007993044372799123,
        0.20719123439835876,
        0.01985425735933351,
        -0.6047012948040652,
        0.31832951231388773,
        -0.2155479745286988
      ],
      [
        -0.5945519126051344,
        0.27008911933463137,
        0.6547893459448499,
        0.24831947662812184,
        -0.08930680429127304,
        -0.41992334998263303,
        0.1663892199948938,
        0.01613085948077688,
        -0.31271624846338886,
        -0.15620607363084438,
        -0.5280365071999857,
        0.4307480786453478,
        -0.10264469171295967,
        0.22431579691330533,
        -0.0613264991910124,
        -0.15513469575639396
      ],
      [
        0.24314219338549922,
        -0.005056285444772655,
        0.38908389065346544,
        0.37592983686690135,
        0.3417635192226339,
        0.416002558770842,
        0.10627906297611824,
        0.33936011804450267,
        -0.5666328209757987,
        -0.07825300410121681,
        -0.32036816297547416,
        -0.0325331640337418,
        -0.20446988640160127,
        -0.20592129048547053,
        0.3885796556826595,
        -0.06386232840341081
      ],
      [
        -0.1488372568521834,
        0.14252664273803672,
        -0.28344136482213916,
        0.31393566347856044,
        -0.35069911892687183,
        0.42087345267318826,
        0.22216429773160876,
        -0.17702949924857997,
        -0.4497586449373629,
        0.47023615196111196,
        0.38165642282415385,
        0.5702412741624526,
        0.1741598514279125,
        -0.44096439977253465,
        -0.004912530207202841,
        -0.390919410347397
      ],
      [
        0.4538522187704883,
        0.3386840217285846,
        -0.035216871001683525,
        -0.544989743959423,
        -0.1086415073740787,
        -0.23817902177830283,
        0.0008290402423428573,
        0.23830107874450415,
        0.39404828957820676,
        -0.023842938157683194,
        -0.3686231699548743,
        0.13067132635335346,
        0.2622862847840744,
        0.022810732650863353,
        0.341279316217775,
        0.03577293331366558
      ]
    ],
    [
      [
        0.5433435826166271,
        0.4245667333603474,
        0.06693959573551117,
        -0.2136872597370059,
        0.5220145205324707,
        -0.4214661099417438,
        0.30796696630550235,
        0.16232306509545022
      ],
      [
        0.10808213141573779,
        0.2557913885828711,
        -0.17310877077832137,
        -0.18928800438826696,
        -0.35854131939585226,
        -0.13224564768692998,
        0.5111753547364414,
        0.15433943771597344
      ],
      [
        -0.5012460901981871,
        0.10435596103651502,
        -0.09410984520653344,
        -0.1472953164352734,
        -0.3585615364606602,
        -0.058465784139357824,
        0.48286449659789604,
        -0.13879957535682375
      ],
      [
        0.15210840660459726,
        0.3574266255245347,
        -0.3952418613832481,
        0.454465242839945,
        0.710061675776956,
        -0.49393910461121987,
        -0.15929169922731978,
        -0.0006815411059912478
      ],
      [
        -0.14157317842221473,
        -0.38289059996637925,
        0.04358352405143812,
        -0.021775308368637714,
        -0.24086502463565743,
        -0.1921952255426475,
        0.33238720907909663,
        -0.15971935395890421
      ],
      [
        -0.18759711254259093,
        0.15697748610478982,
        0.3351841783395532,
        -0.36590069136548753,
        0.5106709734971965,
        0.13415645124879472,
        -0.402706031612341,
        0.3985722867819572
      ],
      [
        -0.02669211274842086,
        0.26336756445337745,
        -0.027547287992956814,
        -0.03042382326917037,
        -0.046376403071262035,
        0.16376488642450754,
        -0.284887936418756,
        -0.15597327501632943
      ],
      [
        -0.42423900560460187,
        0.12063932330673363,
        0.10842405985250737,
        -0.23107899624921716,
        0.08464751170758154,
        -0.2328276161562856,
        0.07300252186995922,
        -0.2847870898648941
      ],
      [
        0.10174475348513992,
        -0.20269666975552217,
        0.4695023370464845,
        -0.31748303736917316,
        -0.19376072927917679,
        -0.13981705505732556,
        0.5189403552219317,
        0.26511296005402296
      ],
      [
        0.0010315561026035785,
        0.46781795511634805,
        0.20733430494884533,
        -0.13274377468692794,
        0.24418196533648212,
        -0.17734221672273653,
        -0.4783762204844316,
        0.6070939498761735
      ],
      [
        0.4406803112105848,
        0.17628273556219015,
        -0.19829133784993108,
        -0.17261511627108894,
        0.3343264721975812,
        0.3791589501122079,
        0.4308213839884177,
        0.3129031131221671
      ],
      [
        0.11506881958949561,
        -0.36413144688710664,
        -0.4888525334621235,
        0.4889345565668928,
        0.11992602147989954,
        -0.7999182012326869,
        -0.3920672295485055,
        0.14244431862212636
      ],
      [
        -0.6059758269053123,
        -0.42974936264614133,
        -0.03334723239001643,
        0.42766881487715647,
        0.09679091212401898,
        -0.09476192756699513,
        0.1766561127938455,
        -0.36744355500791626
      ],
      [
        -0.34270971482894497,
        0.07428610580629423,
        0.2666517123029573,
        0.3201766865136134,
        0.17006289453719256,
        0.22501022218802924,
        -0.19030049759256673,
        -0.29920502540923294
      ],
      [
        -0.03771728979698976,
        -0.0580042260727635,
        0.44696791484729864,
        -0.617784567895235,
        0.8068637875359876,
        0.08123145651427964,
        0.21822927553528082,
        0.18834375448162216
      ],
      [
        0.16892854012758493,
        0.0895757990804564,
        -0.4035390578653028,
        0.21860127797927997,
        -0.10179946118917613,
        -0.4929679075871321,
        0.07188866849738887,
        -0.20361434555871155
      ]
    ],
    [
      [
        0.8241092284567936
      ],
      [
        0.7164554371199869
      ],
      [
        -0.31857004308370757
      ],
      [
        -0.3811787943885204
      ],
      [
        1.0500177336170633
      ],
      [
        -0.31140437504263485
      ],
      [
        -0.5681709051286433
      ],
      [
        0.1811685424292287
      ]
    ]
  ],