{
  "trained_at": "2026-06-07T07:10:40.977563",
  "n_samples": 7243,
  "n_features": 6,
  "feature_names": [
    "log1p_days_since_last",
    "n_correct",
    "n_wrong",
    "accuracy",
    "log1p_n_reviews",
    "log1p_days_since_first"
  ],
  "scaler_mean": [
    1.639749784038223,
    3.3697362971144553,
    1.1711997790970592,
    0.747829526919538,
    1.558030954714121,
    2.616758738337049
  ],
  "scaler_std": [
    0.917292361536962,
    2.307981163961322,
    1.2777750726393848,
    0.26845437321256194,
    0.5595769812141727,
    1.1437814110452877
  ],
  "weights": [
    [
      [
        -0.12195347899352987,
        0.4800990754757494,
        0.5939969216542081,
        -0.11583243202543543,
        -0.3345790750346255,
        -0.3815930756484447,
        -0.6648396735880454,
        0.4121792084715148,
        0.2033264005957684,
        -0.05631434826131938,
        -0.7039388662324636,
        0.3796576388758819,
        0.35620330982857973,
        -0.2896266095934757,
        -0.23208416386299355,
        -0.2720295479502818
      ],
      [
        -0.03567815660019112,
        0.17513886305513252,
        -0.11470053114052446,
        -0.08954933588225003,
        0.1972614717387962,
        -0.1976184904654182,
        -0.225912673679276,
        -0.1952478439856676,
        -0.20739812850102263,
        0.49322498892362443,
        -0.2318694538936827,
        0.24946275299355344,
        -0.04967841806665481,
        -0.5371905642672349,
        0.14491083897544907,
        -0.3561036712140203
      ],
      [
        -0.64407151917755,
        0.3740032697885725,
        0.6311771419649158,
        0.2853797739079948,
        -0.07473521725086303,
        -0.30792699744364455,
        0.12796623948940375,
        0.08079777735649317,
        -0.2731250044952158,
        -0.013277771424781556,
        -0.7448218358179017,
        0.2688611934163409,
        -0.030353322938413158,
        0.25971209331474726,
        -0.18874044140090693,
        0.21339378985256333
      ],
      [
        0.24950795653879043,
        -0.12144419036156627,
        0.304524096636342,
        0.4689564419424311,
        0.32990064509311756,
        0.39399901043938934,
        -0.011967036897901396,
        0.3138771448268169,
        -0.5189900452883992,
        -0.12137812320812207,
        -0.26349707144173107,
        -0.0726771847459439,
        -0.2829031949984021,
        -0.17846647417169892,
        0.3107302957893452,
        -0.09362555309838186
      ],
      [
        -0.16033384176982596,
        0.13307456167241466,
        -0.27032056036752544,
        0.2794835435771829,
        -0.3564416262781513,
        0.7309858047860999,
        0.1198815721156447,
        -0.24867714290796206,
        -0.5665016227520339,
        0.4035760706610697,
        0.20548747441166135,
        0.49036487720264754,
        0.2064514361056655,
        -0.4084807350291377,
        -0.08712126475932697,
        -0.31216376055744627
      ],
      [
        0.4038529480667917,
        0.1929118492989128,
        -0.07613830136141053,
        -0.4873155950210716,
        -0.1714102397993516,
        -0.1999557010126759,
        -0.002391824920533769,
        0.15755691916860484,
        0.28338162233762465,
        -0.08879652407204683,
        -0.3253283359854626,
        0.21417871755006998,
        0.24745460828757662,
        -0.014118020129773682,
        0.24472374347678444,
        0.004066949309146184
      ]
    ],
    [
      [
        0.5359902340030158,
        0.4153243113759315,
        0.004841033456056429,
        -0.023917123670889696,
        0.5245903998272539,
        -0.541167364909108,
        0.2482617962487315,
        0.149645872918697
      ],
      [
        0.22127323380247535,
        0.31406175015258386,
        -0.29732487473716385,
        -0.3601473817055274,
        -0.25144743197463754,
        0.05844241565412389,
        0.506568821277323,
        0.21910602226926518
      ],
      [
        -0.5870394416224922,
        -0.046006186077739174,
        -0.18004448991173863,
        0.06869196036723356,
        -0.4782198461386075,
        -1.522119326438885e-09,
        0.48821669742287827,
        -0.31133538960599794
      ],
      [
        0.3138888618783871,
        0.4617723472210924,
        -0.31611434407439715,
        0.021954716581174004,
        0.7708942127410112,
        -0.23631532280001646,
        -0.23019216607902526,
        0.13212509557490398
      ],
      [
        -0.17799240923102388,
        -0.4181072813187578,
        0.07778335629381432,
        -0.000843756102458417,
        -0.32928422296918824,
        -0.28969772673392885,
        0.36550658031087363,
        -0.1882886512804821
      ],
      [
        -0.1285227065156119,
        0.21252629716755864,
        0.3363964685487886,
        -0.46659626075576605,
        0.6121716786931777,
        -0.11526193241085672,
        -0.49745625456264486,
        0.43393073764114565
      ],
      [
        0.17452368783573388,
        0.43936439432561375,
        -0.19414807453336086,
        0.14237520413708216,
        0.12241450534410298,
        0.03888324704767376,
        -0.5756300988859011,
        0.03134925782553848
      ],
      [
        -0.4212675560372766,
        0.11265086067303698,
        0.06689687027743832,
        -0.05993968770399114,
        0.07001059600292985,
        -0.1504372626990014,
        0.11400930767154945,
        -0.29663581879717055
      ],
      [
        0.09878872870437898,
        -0.2123045085230655,
        0.4528149616071838,
        -0.38309237216954684,
        -0.09544995182255524,
        -0.23510879890800176,
        0.5078595247527299,
        0.24478543273976597
      ],
      [
        -0.11978628803344422,
        0.29506181513767965,
        0.45529693692640566,
        -0.16327140622340694,
        0.27854570905337017,
        -0.14809167235116924,
        -0.40323914734937105,
        0.4572688065991815
      ],
      [
        0.4000384440201266,
        0.13530873255461387,
        -0.1894728925246955,
        -0.14505537227486373,
        0.36028623765739,
        0.325897853730306,
        0.3943805116953201,
        0.2631313788019426
      ],
      [
        0.16707848325662658,
        -0.3742443483282823,
        -0.48658215444448755,
        0.32111163676037485,
        0.25419654184306717,
        -0.5172891711507704,
        -0.33276492509550776,
        0.14678711223061716
      ],
      [
        -0.5210020609399828,
        -0.3701385379747301,
        -0.04505750973926045,
        -0.009319259454573776,
        0.17576263871499392,
        -0.0014067131512210593,
        0.2760226865115371,
        -0.3208607864585867
      ],
      [
        -0.3310871215474684,
        0.08346161702388641,
        0.23738170112442877,
        0.36233853297932683,
        0.08805362025365628,
        0.20835842891399936,
        -0.2770705674502387,
        -0.28597813833589647
      ],
      [
        -0.11324541824982365,
        -0.13224281970542212,
        0.34383832580043083,
        -0.003530336225528509,
        0.5999442744348145,
        -0.030505137703354102,
        0.038923313207841245,
        0.0861732353320496
      ],
      [
        0.010456071539279384,
        -0.07248139214441278,
        -0.2766125040210674,
        0.16077883577098517,
        -0.2210107440119833,
        -0.36444897023024836,
        0.18516225404206124,
        -0.36095494006603196
      ]
    ],
    [
      [
        0.8001901230975915
      ],
      [
        0.6885193558065912
      ],
      [
        -0.316164466986226
      ],
      [
        -0.4852418015190432
      ],
      [
        1.0560263307197186
      ],
      [
        -0.17272786390419126
      ],
      [
        -0.6118385821893157
      ],
      [
        0.15906083750197822
      ]
    ]
  ],