{
  "trained_at": "2026-03-24T03:00:23.449356",
  "n_samples": 601,
  "n_features": 6,
  "feature_names": [
    "log1p_days_since_last",
    "n_correct",
    "n_wrong",
    "accuracy",
    "log1p_n_reviews",
    "log1p_days_since_first"
  ],
  "scaler_mean": [
    1.4338159635547436,
    1.540765391014975,
    0.6772046589018302,
    0.7032485539973058,
    1.09959601034075,
    1.854430597649574
  ],
  "scaler_std": [
    0.6400936455365792,
    1.0954840350647501,
    0.8931032698558511,
    0.369773959260425,
    0.3674663321727355,
    0.74330997402175
  ],
  "weights": [
    [
      [
        -0.1948841394631937,
        0.4967971408039117,
        0.20368420120864747,
        -0.0066176264991656825,
        -0.2514985807059666,
        -0.29923616177866746,
        -0.27146811490668793,
        0.3545822318887681,
        0.1144538963368563,
        0.06936415505147463,
        -0.5619285238138128,
        0.48594725180389764,
        0.25997345133374417,
        -0.25017247403228865,
        -0.2817972178335157,
        -0.2763436605542917
      ],
      [
        -0.08831520596450124,
        0.1625452763891678,
        -0.038386324835947394,
        -0.13943566158104997,
        0.14311659446394576,
        -0.3538920123832535,
        -0.3397025361011924,
        -0.16180265442630018,
        -0.014492836504451179,
        0.36982261349688156,
        -0.15917920214696576,
        0.07991028673073239,
        -0.03657927436231573,
        -0.4621172050908653,
        0.042021189469743446,
        -0.2914964370766012
      ],
      [
        -0.6371274902732628,
        0.3746745078718542,
        0.47085027678078273,
        0.244260210216902,
        -0.0836264939903485,
        -0.35687471644027,
        0.2628063508561637,
        0.04834187071877788,
        -0.2923698848624135,
        -0.09590887226929608,
        -0.5621254974353409,
        0.3522297647813444,
        -0.18975907700634811,
        0.13708842293242152,
        -0.10958376102687681,
        0.00984514313105559
      ],
      [
        0.2426893024642646,
        -0.2222933871907564,
        0.4379543134100047,
        0.34682867434755366,
        0.3282517513792166,
        0.34961001633691124,
        -0.07440653996447796,
        0.3079011698668089,
        -0.4557093068182398,
        -0.12471729472028835,
        -0.30294334113066224,
        -0.0999507523655816,
        -0.19705924457649618,
        -0.24378088888427463,
        0.24992364970010936,
        -0.12873858987048145
      ],
      [
        -0.24781831124066175,
        0.14159733752236833,
        -0.3358919796095021,
        0.2391449069610704,
        -0.3494735054256084,
        0.4591477757299576,
        0.12925290366709732,
        -0.24614655334335026,
        -0.40428456807483765,
        0.3638810304230389,
        0.23809823028309987,
        0.25099776972213156,
        0.1495359695441586,
        -0.4271683477187764,
        -0.12409430599064865,
        -0.3444417557583811
      ],
      [
        0.34659027926996633,
        0.1852706580775676,
        -0.13494033980589148,
        -0.49584770909142273,
        -0.10921714905443428,
        -0.12930651706874194,
        0.12564154666471233,
        0.14798157731994857,
        0.41236790184883776,
        0.020439336079279172,
        -0.40346339178002655,
        0.25759758048223563,
        0.16549796497104932,
        -0.004602533079940403,
        0.27863567883520823,
        -0.025561038530244443
      ]
    ],
    [
      [
        0.569737028148149,
        0.45036260425142294,
        -0.007203703323474551,
        0.16906791667370344,
        0.43584402362668784,
        -0.3925622253415542,
        0.2469730509808227,
        0.187234572577038
      ],
      [
        0.23336137297315662,
        0.3114258390171214,
        -0.12002091112244954,
        -0.2852721182875659,
        -0.1403307747482269,
        -0.031186605255869946,
        0.3821547440388248,
        0.24467228276189842
      ],
      [
        -0.3030912866045126,
        0.019585098079844834,
        -0.017896112363651625,
        -0.06053266329553674,
        -0.1346459939542866,
        -0.005601032601761869,
        0.24291724168008264,
        -0.01638356087411626
      ],
      [
        0.09010014506461933,
        0.22815866621156514,
        -0.16016389837383868,
        0.2723465046887313,
        0.3533341925539021,
        -0.20720077198014297,
        -0.08914436838700815,
        -0.04042186755915806
      ],
      [
        -0.12084667834660356,
        -0.3538291932878383,
        0.02682738471611649,
        -0.10630754974647061,
        -0.24307710175536576,
        -0.2525066977313881,
        0.30484895222540015,
        -0.12143320611005831
      ],
      [
        -0.17571669054792843,
        0.1614285961706752,
        0.3097994114849539,
        -0.2525626711910542,
        0.28185968060773586,
        0.11400928634857702,
        -0.3829407539479973,
        0.37234418149230164
      ],
      [
        -0.1848404450529089,
        0.06506153473633335,
        0.10394714655471522,
        0.1165010029584847,
        -0.15851950834569534,
        0.30019734938088627,
        -0.1233681310496537,
        -0.3014299665531313
      ],
      [
        -0.38365433419114525,
        0.15286045479659002,
        0.10946066405686623,
        -0.24036711877079428,
        -0.01603640830996703,
        -0.17215684125505917,
        0.0784593395599938,
        -0.22312189574763505
      ],
      [
        0.1817072915352712,
        -0.11798659020999595,
        0.4119103521315794,
        -0.19949013179757674,
        0.018250031888569704,
        -0.2748018412454371,
        0.4229042296016764,
        0.3310321307134405
      ],
      [
        -0.05041468999096239,
        0.3068294752027714,
        0.15725400143362794,
        -0.07186048217069634,
        0.08643785813585723,
        -0.2231286664598845,
        -0.2511115712615206,
        0.44261958018553493
      ],
      [
        0.3939223182969993,
        0.1277733099811855,
        -0.17789625252190508,
        -0.0521036602600765,
        0.2164685120538141,
        0.376899539903784,
        0.37945260524445185,
        0.2509877105111068
      ],
      [
        0.13855865514092727,
        -0.4100221337847235,
        -0.34606782854122115,
        0.3699204061263708,
        0.1431260780542519,
        -0.43642224463425877,
        -0.3374444044101693,
        0.1490590418254153
      ],
      [
        -0.3740572502063535,
        -0.24449620683923903,
        0.00042542056574894734,
        0.06552111641837988,
        0.1434385172045175,
        -0.18321842190834295,
        0.1132909039410713,
        -0.12710593091202113
      ],
      [
        -0.2669609949596886,
        0.14153865058975157,
        0.25768561664322553,
        0.4235747613295304,
        0.037223156256698045,
        0.15004655726477276,
        -0.30709965678571294,
        -0.21743042772392104
      ],
      [
        -0.04725079973460925,
        -0.08892896784634018,
        0.2833337620832259,
        -0.07953970007789525,
        0.4313450074215599,
        0.022417638827761748,
        0.1348243163524781,
        0.11889855212275897
      ],
      [
        0.019088524798367226,
        -0.06737885331829631,
        -0.23093459976794822,
        0.2923268159211054,
        -0.19232603587836528,
        -0.36803435390311673,
        0.18131062192341316,
        -0.3269790090274675
      ]
    ],
    [
      [
        0.7823283953830259
      ],
      [
        0.640881457373831
      ],
      [
        -0.22529915585760948
      ],
      [
        -0.25899461608507596
      ],
      [
        0.5961603516582547
      ],
      [
        -0.20998962276386357
      ],
      [
        -0.46775468364937156
      ],
      [
        0.17418812958474034
      ]
    ]
  ],