{
  "trained_at": "2026-07-04T10:51:54.324022",
  "n_samples": 10176,
  "n_features": 6,
  "feature_names": [
    "log1p_days_since_last",
    "n_correct",
    "n_wrong",
    "accuracy",
    "log1p_n_reviews",
    "log1p_days_since_first"
  ],
  "scaler_mean": [
    1.7306648237681435,
    3.816823899371069,
    1.2002751572327044,
    0.763485831693292,
    1.632118884720413,
    2.7436468558565843
  ],
  "scaler_std": [
    0.9521373842224882,
    2.6166301075871936,
    1.2527422447717953,
    0.2515295549190576,
    0.5788109203333173,
    1.1827415956945881
  ],
  "weights": [
    [
      [
        -0.26348945471889507,
        0.2985500777840166,
        0.39028067175405823,
        -0.1488746550922324,
        -0.3006737623251693,
        -0.23212179101289637,
        -0.5113366249548963,
        0.4905453185223674,
        0.11442180125319194,
        -0.013540658610376911,
        -0.8176731646243357,
        0.3762972204335276,
        0.4542101114835196,
        -0.24257091344663398,
        -0.1649138514814242,
        -0.2626833498935514
      ],
      [
        -0.07232772766717652,
        0.18813174676123323,
        -0.09617611345028822,
        -0.16571221892541663,
        0.21860714732214373,
        -0.2254986176765302,
        -0.1728493289717935,
        -0.2684724808836925,
        -0.16422319930405313,
        0.4447254404771229,
        -0.16203995014867237,
        0.24600731051760574,
        -0.062470488905493955,
        -0.4556926720789293,
        0.23466673142411354,
        -0.32107087067684814
      ],
      [
        -0.6111168897286905,
        0.3927413600962583,
        0.496397372878005,
        0.3278446128001267,
        -0.07855066207989857,
        -0.3417859782463702,
        0.13259393509654133,
        0.058637603229714466,
        -0.3075112003137437,
        -0.10892344374670786,
        -0.5694802677498415,
        0.23552961704642686,
        0.012055776763162869,
        -0.005703091418239992,
        -0.22003353880989165,
        0.126443011371582
      ],
      [
        0.2581068303110186,
        -0.11863878166957137,
        0.4674167018589398,
        0.4340566257635706,
        0.33196035957696196,
        0.43523340579518355,
        0.21019555247599922,
        0.3010274483363541,
        -0.4831226759861456,
        -0.18089892373795957,
        -0.3320391937576045,
        0.03846275880288261,
        -0.27995502722296695,
        -0.12969057825189886,
        0.32721364631736083,
        -0.06026656218384937
      ],
      [
        -0.17598533456459764,
        0.15188901565404794,
        -0.35122850457070853,
        0.37689381711042536,
        -0.3377839311523805,
        0.6815361778452532,
        0.3240053559022728,
        -0.2798545302115756,
        -0.5336256223164835,
        0.4500361690091087,
        0.2815450466739129,
        0.4628723173827805,
        0.20290475530280536,
        -0.4900978105959092,
        -0.07999222294303444,
        -0.3210295416016923
      ],
      [
        0.36024983976080494,
        0.18636934610011735,
        -0.15834249812747433,
        -0.4208367268703422,
        -0.15578477004511462,
        -0.1441804934023634,
        0.0658904359773863,
        0.17380474704155566,
        0.3439320584837474,
        -0.017495438366031766,
        -0.340701476753355,
        0.29334654034837815,
        0.25000546101528975,
        0.043919236684552714,
        0.41399235053770356,
        0.027333625962947177
      ]
    ],
    [
      [
        0.526901398652614,
        0.4063839769697773,
        0.04083632576020374,
        -0.01825573112608389,
        0.5151755762682588,
        -0.5199610402084476,
        0.27535523410638507,
        0.14495268785175208
      ],
      [
        0.16075947351468864,
        0.3199266579955192,
        -0.2776596277470748,
        -0.38391504925793085,
        -0.2852238242273229,
        -0.046531531980442346,
        0.08739989568036916,
        0.18535234745829665
      ],
      [
        -0.3765452930236898,
        0.11456474698058151,
        -0.16447531568944285,
        -9.43228006912043e-10,
        -0.2064936342270774,
        -8.10804186741268e-05,
        0.3048570020274458,
        -0.05420951538498278
      ],
      [
        0.11115240368609977,
        0.2760732594851176,
        -0.3515618917489096,
        0.02556555760766066,
        0.5859316538636808,
        -0.24204154799429786,
        -0.18656642054519193,
        -0.05355658221218481
      ],
      [
        -0.15356387560069498,
        -0.39825532664342966,
        0.05741363395494319,
        -0.002207344346273205,
        -0.28903467940364136,
        -0.2978314935126345,
        0.3460827663262451,
        -0.17557226169145618
      ],
      [
        -0.13386449720489926,
        0.21043448583052635,
        0.3283177670677406,
        -0.0400840995538849,
        0.6050172639575238,
        -0.05241024282177029,
        -0.4075080698569038,
        0.454156333672147
      ],
      [
        0.04861984260087894,
        0.3103222780372674,
        -0.031141364620768712,
        0.0008743971609472468,
        0.059293959958260846,
        0.05572773715574692,
        -0.3802080642145776,
        -0.08942393853490992
      ],
      [
        -0.4734872575741692,
        0.10408077826813482,
        0.11394348172374967,
        -0.02761323281211696,
        0.028224073413117935,
        -0.21821642653680806,
        0.056286756665383686,
        -0.34826497102559184
      ],
      [
        0.07371255127073267,
        -0.21711159004808514,
        0.4495630305741383,
        -0.06306503324345701,
        -0.11586070544167451,
        -0.2077131746921214,
        0.48564242014466824,
        0.22322396823565305
      ],
      [
        -0.09142923565016886,
        0.32869954996531303,
        0.33847241024489644,
        -0.01959955326943437,
        0.25288422479435085,
        -0.03206619524545167,
        -0.20055986252596988,
        0.5032089195797085
      ],
      [
        0.42475181750938645,
        0.16208877505792058,
        -0.21021954862888467,
        -0.0982932230258099,
        0.3436951964561689,
        0.3263864776027471,
        0.3827425775371687,
        0.29381002508442844
      ],
      [
        0.13305370771613725,
        -0.3487797405510646,
        -0.4450214361565891,
        0.2681212802157144,
        0.24115212407257183,
        -0.5122311903865125,
        -0.5215456801557914,
        0.137956998524453
      ],
      [
        -0.630719218605216,
        -0.3684493060695856,
        0.04769605088980661,
        0.06086090111686343,
        0.08258555548390659,
        -0.02183730743030515,
        0.1007193827243461,
        -0.41267931475860775
      ],
      [
        -0.2767950275701189,
        0.14268823940061434,
        0.22126811914037892,
        0.13317331071199556,
        0.15338941232350312,
        0.17438800470635124,
        -0.3036114851608325,
        -0.23171782455188727
      ],
      [
        -0.06264891718115846,
        -0.08077432838179317,
        0.43322064066937366,
        -0.049291377159400324,
        0.7210704965065556,
        -0.008567301383073902,
        0.16637485120087503,
        0.1703575738182986
      ],
      [
        0.07212377462173258,
        -0.00819254984744525,
        -0.3168213037958315,
        0.06630881381584953,
        -0.16108329949481154,
        -0.41989251548000067,
        0.14258753486153786,
        -0.3083344442013402
      ]
    ],
    [
      [
        0.789447638690075
      ],
      [
        0.6728336586491809
      ],
      [
        -0.3068010880687614
      ],
      [
        -0.10562489682601535
      ],
      [
        1.0174330924831134
      ],
      [
        -0.16542751858016919
      ],
      [
        -0.5320964999613932
      ],
      [
        0.14760840523618082
      ]
    ]
  ],