{
  "trained_at": "2026-06-21T10:15:55.377410",
  "n_samples": 8848,
  "n_features": 6,
  "feature_names": [
    "log1p_days_since_last",
    "n_correct",
    "n_wrong",
    "accuracy",
    "log1p_n_reviews",
    "log1p_days_since_first"
  ],
  "scaler_mean": [
    1.6843054429696123,
    3.6389014466546112,
    1.1956374321880652,
    0.7545042943329023,
    1.6022573556307813,
    2.682719388734692
  ],
  "scaler_std": [
    0.939115594669812,
    2.532235442029112,
    1.2588004675835733,
    0.2594904061599318,
    0.5743436910475159,
    1.1755196306529836
  ],
  "weights": [
    [
      [
        -0.1871439280328866,
        0.2934003312813531,
        0.39023619937429854,
        -0.1733375166442511,
        -0.33869898588902386,
        -0.24684111883062862,
        -0.48574986990632885,
        0.526007373310207,
        0.13239656628274432,
        -0.02952262333592556,
        -0.8012771683138978,
        0.30808498332129286,
        0.49655301203229185,
        -0.3662403640787522,
        -0.12993137315995495,
        -0.19928182282598497
      ],
      [
        0.02080811831176637,
        0.11939592361225848,
        -0.10196399331714887,
        -0.2048874879844481,
        0.21023324185536293,
        -0.2428038128763037,
        -0.17018228300930277,
        -0.3027010433955607,
        -0.20412391879843192,
        0.42770150327911877,
        -0.19249607713865022,
        0.39697268599023994,
        -0.07433863171926729,
        -0.3858997396368266,
        0.19886183875942715,
        -0.30931205309390375
      ],
      [
        -0.562540913057586,
        0.4511876372279835,
        0.49598765939065464,
        0.3212766489647886,
        -0.07220851365347662,
        -0.2841675617808559,
        0.16179768232892403,
        0.03899314529068313,
        -0.2660931437749312,
        -0.06591218872569914,
        -0.6062572507666419,
        0.2337081891572677,
        0.004843180906714993,
        -0.1265284255398339,
        -0.20863525208893885,
        0.16055536816895863
      ],
      [
        0.25047541525418565,
        -0.19411918429604139,
        0.4570611986554361,
        0.42111475666404236,
        0.3295920550184784,
        0.42556231403664657,
        0.20841734060648534,
        0.2969189202500048,
        -0.5189514885778556,
        -0.21259431986250568,
        -0.32105565774115286,
        0.1201753374007267,
        -0.27148913622506804,
        -0.07594555072321649,
        0.34220484990575945,
        -0.0755832893159641
      ],
      [
        -0.11647977416584578,
        0.16452920154672485,
        -0.3462560199321012,
        0.37639522673785764,
        -0.3446447603432023,
        0.6844081409736168,
        0.34443668499711355,
        -0.2787061037776815,
        -0.5251702727807983,
        0.4529341319207786,
        0.2397712964872891,
        0.5496607178717208,
        0.189873727751095,
        -0.4999683899858722,
        -0.12293100678456406,
        -0.2877337045410454
      ],
      [
        0.356461113379457,
        0.16674354774291278,
        -0.20515425282852914,
        -0.41189382650634676,
        -0.17682077231658214,
        -0.18309219536447038,
        0.045910108710234446,
        0.1941256366346,
        0.28811847097370274,
        -0.05096077665420066,
        -0.33744973946925866,
        0.3518469292172931,
        0.2722589455105519,
        0.08307900294461885,
        0.2987486201120182,
        0.024764568679135474
      ]
    ],
    [
      [
        0.5082452542625606,
        0.4012937630216791,
        -0.031648948171154,
        -0.05432071978283691,
        0.5122185901475372,
        -0.5461648711828603,
        0.2466738126824613,
        0.11940955475352848
      ],
      [
        0.18780948203766562,
        0.3251152517232288,
        -0.4424093854551271,
        -0.3342953274814394,
        -0.3014761933479659,
        -0.03177325182677109,
        -0.06470226214091462,
        0.15723888221504947
      ],
      [
        -0.3395834631780802,
        0.14421379602009246,
        -0.1984961999750386,
        -2.1884861508197245e-22,
        -0.19750016480861046,
        -1.646307404866452e-07,
        0.25253281038852876,
        -0.06664087094961336
      ],
      [
        0.16234348247485178,
        0.3191875755523173,
        -0.2568013064953352,
        0.00140861393072416,
        0.6031469991565408,
        -0.21861650365193552,
        -0.3055197119757066,
        -0.0026898918665196935
      ],
      [
        -0.1840091449479308,
        -0.42279047376621376,
        0.08490365137163892,
        -0.00010540480440830568,
        -0.3144189021146355,
        -0.24551987897581548,
        0.36794261040135257,
        -0.18919508224377485
      ],
      [
        -0.12659735004278308,
        0.20746210055957173,
        0.2956546431940935,
        -0.028220424208423807,
        0.6024613517769776,
        -0.1450874478915916,
        -0.435739899557729,
        0.43585224483677193
      ],
      [
        0.03704762800126038,
        0.2938300866950354,
        -0.04744482547484209,
        0.0008290739745054352,
        0.04812407021703871,
        -0.035351916040448225,
        -0.41190341523672547,
        -0.09535395949521448
      ],
      [
        -0.49073680945208514,
        0.1424851450588116,
        -0.02507691327290487,
        -0.012729955024832151,
        0.00886608306399081,
        -0.23862560898216081,
        0.027546278132403765,
        -0.39808431424273405
      ],
      [
        0.05894855415721861,
        -0.21606767773306518,
        0.43648343654139476,
        -0.007080310657224024,
        -0.12963683409832327,
        -0.20086279605733842,
        0.4966219035498602,
        0.1928203631783102
      ],
      [
        -0.05941231980860409,
        0.24951561508103315,
        0.3180284260273096,
        -0.03668484027944373,
        0.28538295638882066,
        -0.16727768100345022,
        -0.07462943237644677,
        0.4951683244605353
      ],
      [
        0.429630767244272,
        0.1647924483080155,
        -0.19808351302851074,
        -0.0425565424619563,
        0.3557341067736599,
        0.2926558422450115,
        0.3665829374865405,
        0.2909054637177225
      ],
      [
        0.14177834556640603,
        -0.3645567170728937,
        -0.5696869158915006,
        0.21078888034551796,
        0.24564230134086992,
        -0.57065484484751,
        -0.5588358094122275,
        0.10063098224979443
      ],
      [
        -0.6640458222594025,
        -0.3922574012941969,
        -0.17176288158872274,
        0.01595074205003534,
        0.014240282801088515,
        0.0021313922302697787,
        0.06326694484045561,
        -0.5205575621172274
      ],
      [
        -0.2432350901736472,
        0.16973934918877714,
        0.19245137086210026,
        0.035323147555611493,
        0.18267846007317728,
        0.1256652044853572,
        -0.3331976438750216,
        -0.19814934951935328
      ],
      [
        -0.1238662818261793,
        -0.1753799364082258,
        0.30174840835735833,
        -0.03406595498993034,
        0.5878088429259152,
        -0.011950088874935233,
        0.1252417887087354,
        0.08467064698000372
      ],
      [
        0.07957480044310437,
        -0.0028583672735168577,
        -0.3023272312278036,
        0.012826300468760819,
        -0.15791128536741658,
        -0.4260015244805317,
        0.1250293173303764,
        -0.2883070875364906
      ]
    ],
    [
      [
        0.7845765083120713
      ],
      [
        0.677927451496315
      ],
      [
        -0.3203713824388773
      ],
      [
        -0.061289485629442524
      ],
      [
        1.0178549466611435
      ],
      [
        -0.20517047541965883
      ],
      [
        -0.5451540319005482
      ],
      [
        0.1413320997907836
      ]
    ]
  ],