{
  "trained_at": "2026-07-07T11:44:29.429973",
  "n_samples": 10315,
  "n_features": 6,
  "feature_names": [
    "log1p_days_since_last",
    "n_correct",
    "n_wrong",
    "accuracy",
    "log1p_n_reviews",
    "log1p_days_since_first"
  ],
  "scaler_mean": [
    1.736580431025646,
    3.844304411051866,
    1.201938923897237,
    0.7639412796360553,
    1.6371171708943426,
    2.7526828511722456
  ],
  "scaler_std": [
    0.9554553574355088,
    2.6278635399686983,
    1.2495025174473275,
    0.25077356896992203,
    0.5791661992131713,
    1.1852841715669855
  ],
  "weights": [
    [
      [
        -0.23703893737516096,
        0.30896676124494943,
        0.2565355250150993,
        -0.18649575351289224,
        -0.31092064438633066,
        -0.2055857044484149,
        -0.4943541085751542,
        0.49759199357311296,
        0.12340651394228169,
        -0.004493659363843162,
        -0.8271998597819556,
        0.3903571703272871,
        0.46391464057779264,
        -0.2363408713430633,
        -0.14525417088849368,
        -0.2429681011214401
      ],
      [
        -0.06427433666151892,
        0.1489211541971253,
        -0.06347154134219854,
        -0.19769162476891866,
        0.21591638990596476,
        -0.2193777145133715,
        -0.16923996023624002,
        -0.29256191991997493,
        -0.19379608342010168,
        0.45345922550659024,
        -0.13081312120701147,
        0.22712460466374226,
        -0.07254446883710895,
        -0.41063130883658366,
        0.2514081863727825,
        -0.3310277841835001
      ],
      [
        -0.617105509856895,
        0.38818152105945575,
        0.4858362673194123,
        0.31933923347427445,
        -0.08112569650275674,
        -0.31758631186514863,
        0.13943970857181492,
        0.06129831017952368,
        -0.3077068993522849,
        -0.10033907148117682,
        -0.5693506068982829,
        0.23995123059353704,
        0.023043576676893097,
        -0.035326130940089594,
        -0.20143407049864914,
        0.15977460037532903
      ],
      [
        0.2813874473912879,
        -0.16987825821203206,
        0.49502976572938345,
        0.426726989799262,
        0.33309154425299137,
        0.4349703628900473,
        0.2248826397577753,
        0.2946228699430081,
        -0.4644567067274375,
        -0.2086909510526197,
        -0.3458333986802933,
        0.023192170546967504,
        -0.26870365975972277,
        -0.12088713767403271,
        0.2857316124703929,
        -0.05836137027759707
      ],
      [
        -0.1749182024313998,
        0.13244093013676314,
        -0.3465579355588714,
        0.3837366348646876,
        -0.3362668387346764,
        0.6999119775587237,
        0.32410908367904084,
        -0.28180259589446993,
        -0.5467632650613194,
        0.46530039878865703,
        0.3028666415333982,
        0.4613640539768482,
        0.19573265664694564,
        -0.470989164793268,
        -0.0653928962998186,
        -0.3023938792623319
      ],
      [
        0.32543623170857744,
        0.159399479001188,
        -0.1791618267070785,
        -0.3939726901980512,
        -0.1678596052519776,
        -0.13883704893026588,
        0.05128476865834249,
        0.17360322690237706,
        0.3103860408446718,
        -0.023239594127021812,
        -0.31857258297934005,
        0.27730883230334014,
        0.2562196531240942,
        0.05290774499158603,
        0.4064607626864145,
        0.0038867737384301786
      ]
    ],
    [
      [
        0.5152380803188569,
        0.39355118681551166,
        0.029145115275542057,
        -0.032461259301656005,
        0.5024923789799242,
        -0.4581467211828186,
        0.27220775418527154,
        0.1295948089859848
      ],
      [
        0.15726128465478598,
        0.3240612314370575,
        -0.3692505594312028,
        -0.3212464880345508,
        -0.2881403370266922,
        -0.0813927201817872,
        -0.012386031877590943,
        0.16177910008112742
      ],
      [
        -0.32286744964390407,
        0.13453475033548218,
        -0.18619490154672252,
        -8.604017266380992e-17,
        -0.17743153975825954,
        -4.21586034165658e-07,
        0.25809368953456213,
        -0.0072701540144836565
      ],
      [
        0.11792889941559614,
        0.27606137160075134,
        -0.34583988573366403,
        0.03848921181065394,
        0.6013290874780557,
        -0.22128120640883042,
        -0.16924583526613735,
        -0.03414896909426867
      ],
      [
        -0.1549002800471479,
        -0.39683540221098274,
        0.060336097602540745,
        -0.0007721332976342165,
        -0.2810357181014027,
        -0.25129613159911907,
        0.34362706108601293,
        -0.1692234360247264
      ],
      [
        -0.10636776337499985,
        0.23521997703773587,
        0.31589323886911347,
        -0.03240431993355331,
        0.6376363362969519,
        -0.042222816463272396,
        -0.4214320165359906,
        0.46539150233917687
      ],
      [
        0.024515449637176914,
        0.282111254284634,
        0.0030456814888728703,
        0.012098663839620018,
        0.04787393975447985,
        0.07470639461610037,
        -0.4094197114061412,
        -0.10809182641316131
      ],
      [
        -0.4845758335869988,
        0.09106118681713261,
        0.07995728017914622,
        -0.018925046861631836,
        0.010225268726892348,
        -0.21336100330079663,
        0.058507022653873995,
        -0.37161941428563805
      ],
      [
        0.06608261739611195,
        -0.22697525257265472,
        0.4307879830477625,
        -0.06608887063482696,
        -0.10872757250334245,
        -0.22044515058953368,
        0.49019666940828793,
        0.2043225133655306
      ],
      [
        -0.07353578973800552,
        0.3511938027926899,
        0.3502848518711849,
        -0.025978860002364792,
        0.2735623790391706,
        0.0991307516105374,
        -0.08216984478741729,
        0.49986546750368543
      ],
      [
        0.433741881091743,
        0.16845856438871679,
        -0.20894916065173477,
        -0.05241722046994304,
        0.34822496084085924,
        0.3091132265760746,
        0.3711061893554831,
        0.2963440721094272
      ],
      [
        0.1301321023080694,
        -0.3454887867468886,
        -0.4937212104850184,
        0.22890927004215378,
        0.24430149735500195,
        -0.41659249145113947,
        -0.5109552759587459,
        0.11641602585814069
      ],
      [
        -0.6487982972745575,
        -0.3746834491165452,
        -0.00023588670228703764,
        0.030042035238120532,
        0.06756020239073375,
        -0.002853861766520653,
        0.07826529024172611,
        -0.4538638917314083
      ],
      [
        -0.2743800390681202,
        0.1393017565339203,
        0.22127590720759774,
        0.14525781009425032,
        0.14837593706562785,
        0.1633820450979347,
        -0.3024919669632132,
        -0.23185949091319288
      ],
      [
        -0.05485777787006096,
        -0.07442984497868237,
        0.4474563282741058,
        -0.033314564676553866,
        0.7149954673478268,
        0.060175845626880865,
        0.1696165620095313,
        0.16134298483070958
      ],
      [
        0.07351561523583115,
        -0.009773543254108912,
        -0.3081157268353005,
        0.07077031509962328,
        -0.16642300258479603,
        -0.4145380506940141,
        0.14116165308027495,
        -0.30306366387224376
      ]
    ],
    [
      [
        0.7792986358891468
      ],
      [
        0.6661803185812099
      ],
      [
        -0.3132699081800141
      ],
      [
        -0.08677138248389113
      ],
      [
        1.0396823182125354
      ],
      [
        -0.15168413876874248
      ],
      [
        -0.5324746948393309
      ],
      [
        0.14672099593620314
      ]
    ]
  ],