{
  "trained_at": "2026-04-20T07:46:00.663712",
  "n_samples": 2450,
  "n_features": 6,
  "feature_names": [
    "log1p_days_since_last",
    "n_correct",
    "n_wrong",
    "accuracy",
    "log1p_n_reviews",
    "log1p_days_since_first"
  ],
  "scaler_mean": [
    1.4780957302346025,
    2.033469387755102,
    0.7885714285714286,
    0.7269334848824651,
    1.253117906397165,
    2.1447502640813503
  ],
  "scaler_std": [
    0.8110840735129118,
    1.304506398198376,
    1.0178969917011789,
    0.32289368485289793,
    0.4157108571428317,
    0.9231034436757611
  ],
  "weights": [
    [
      [
        -0.20872456098924405,
        0.5259431359830122,
        0.21703042127231167,
        -0.1368000798733705,
        -0.24082645521932258,
        -0.40302676251703967,
        -0.40748890530343174,
        0.335121800240606,
        0.22357363952643614,
        0.0022739556350430236,
        -0.8088352103693087,
        0.3185152697762073,
        0.36267006648824146,
        -0.2916025771463907,
        -0.35287843289118914,
        -0.3489847549880952
      ],
      [
        0.10695312546869315,
        0.24079079938475642,
        -0.09567564363951085,
        -0.1277469555907595,
        0.19356214399638735,
        -0.4233230090371685,
        -0.22497562106614924,
        -0.17539221104626143,
        -0.12348867968419089,
        0.4858392418661598,
        -0.067288390234538,
        0.20632016280811327,
        -0.006471505364532292,
        -0.571530065490016,
        0.27409386963171434,
        -0.22214738327270053
      ],
      [
        -0.5854342293776892,
        0.26967947764896494,
        0.6471448555706218,
        0.27143862811362085,
        -0.10506141493591803,
        -0.3930642190521251,
        0.15888009027289432,
        -0.01738861923845331,
        -0.24868794083871026,
        -0.1527950884052449,
        -0.5534604827955398,
        0.3673535619838164,
        -0.10145813298834745,
        0.3070431441759381,
        -0.09568276328973434,
        -0.057842942438002504
      ],
      [
        0.23836219167751874,
        -0.072084269001711,
        0.381143151894846,
        0.3871769266172409,
        0.3581457878429953,
        0.421903660501997,
        0.13809279442595201,
        0.36301107371052915,
        -0.596719802754055,
        -0.12099319096330308,
        -0.306995175008543,
        -0.021727099625339783,
        -0.1945110550832729,
        -0.23836814831470582,
        0.3320428762570399,
        -0.03879304350652876
      ],
      [
        -0.11502109493087671,
        0.13488165125570803,
        -0.28002825861944614,
        0.3250137553214819,
        -0.3549167476601435,
        0.47543391542281144,
        0.18863355777119434,
        -0.2615025552472214,
        -0.4410423869214543,
        0.39963273910711494,
        0.33828933775491193,
        0.4775880399256519,
        0.16885548894681737,
        -0.39147383067115904,
        -0.014411097439969909,
        -0.342843960435353
      ],
      [
        0.44611815485000134,
        0.35333364154178004,
        -0.05675235105590267,
        -0.5336309596052408,
        -0.12244739101328482,
        -0.23308047549289893,
        0.05478846237919874,
        0.13088711324422336,
        0.43116263630729773,
        -0.04583193554881046,
        -0.3655301592879745,
        0.19405205418549146,
        0.2488830575367449,
        0.05274539768973599,
        0.3394009757831859,
        0.03534247631204499
      ]
    ],
    [
      [
        0.5497054137500461,
        0.4316302574950347,
        0.056360658751002914,
        -0.003875701905918465,
        0.5304882914206217,
        -0.35685391589419485,
        0.31537746517920884,
        0.1706678412562015
      ],
      [
        0.1351986119781076,
        0.22307538273920557,
        -0.08490834378599973,
        -0.2893823801192225,
        -0.34321306563251275,
        -0.10916227672643143,
        0.5907790409056213,
        0.18067193338229093
      ],
      [
        -0.5263270869804354,
        0.10737458854339149,
        -0.08986191785635256,
        -0.09161062687046617,
        -0.15935283247119741,
        -0.09303280154409692,
        0.41650003758867254,
        -0.19440733603407076
      ],
      [
        0.0922507247982073,
        0.2850197395013794,
        -0.3999373509791032,
        0.4992565508121108,
        0.7005603998975448,
        -0.49593228419080915,
        -0.21167279165077338,
        -0.0884987943083068
      ],
      [
        -0.14143543448920617,
        -0.38442911519403944,
        0.04210861642877236,
        -0.050569186839097495,
        -0.24949603493266514,
        -0.2520576818132361,
        0.33406869904574027,
        -0.16543581116319447
      ],
      [
        -0.16665808321454884,
        0.1818756877727549,
        0.31661185637358424,
        -0.3519145547271684,
        0.5901467959082964,
        0.12349965754104436,
        -0.40007129873159925,
        0.42904656116149004
      ],
      [
        -0.018066499234649338,
        0.24947945444836164,
        -0.060498797810787604,
        0.04575370515425566,
        -0.08932874511899941,
        0.1221904559250538,
        -0.3803858934580672,
        -0.16907164314352377
      ],
      [
        -0.40290719527942165,
        0.1401051851020196,
        0.1257319437073913,
        -0.3954481407510975,
        0.08031288561336812,
        -0.16733084299666376,
        0.09489726339654503,
        -0.2608554990179174
      ],
      [
        0.11127991744327058,
        -0.20597398686658497,
        0.49408619118904673,
        -0.38733556319476237,
        -0.18611601768991562,
        -0.14295051459464286,
        0.5260965112813638,
        0.27522073623509585
      ],
      [
        -0.024154806064771984,
        0.39559570963711665,
        0.20231696777461075,
        -0.05021094600359479,
        0.2627730302632287,
        -0.18559719459946575,
        -0.42444840095997516,
        0.5884505406202838
      ],
      [
        0.4146813264537267,
        0.14909395364187253,
        -0.19058589133809603,
        -0.14255073482774985,
        0.32502532108956167,
        0.38472861510843853,
        0.44961654834389425,
        0.286919443797571
      ],
      [
        0.1260247167145347,
        -0.4060609022210027,
        -0.4280571915672401,
        0.387298818257101,
        0.16566046520337738,
        -0.6678958909580672,
        -0.2841532430756139,
        0.14591605907233218
      ],
      [
        -0.5050344017260071,
        -0.38356091864919256,
        0.026479298745695976,
        0.26551345809063265,
        0.10621180806859322,
        -0.1630553799274549,
        0.22701066647174126,
        -0.26856501413516753
      ],
      [
        -0.32143412562848195,
        0.09423015034725855,
        0.2684758388388929,
        0.3881053813981833,
        0.13062775231062423,
        0.19766806618353722,
        -0.2392878458895612,
        -0.2835664031618291
      ],
      [
        -0.08404819922332449,
        -0.10544912656412292,
        0.3857316183187923,
        -0.3136467226714274,
        0.7201825898670846,
        0.03967756244804731,
        0.24277840316531268,
        0.1447749769037819
      ],
      [
        0.10440102977567718,
        0.022091342598090122,
        -0.345932751158573,
        0.2386344188902532,
        -0.16217556707138475,
        -0.45175739056260006,
        0.1297180079870149,
        -0.28009714039878664
      ]
    ],
    [
      [
        0.7959333832968428
      ],
      [
        0.707586382733611
      ],
      [
        -0.29553618793985337
      ],
      [
        -0.32409043093240225
      ],
      [
        1.013931675125895
      ],
      [
        -0.2503986350606798
      ],
      [
        -0.5936186467684489
      ],
      [
        0.17142711583122833
      ]
    ]
  ],