{
  "trained_at": "2026-07-10T11:47:05.274300",
  "n_samples": 10539,
  "n_features": 6,
  "feature_names": [
    "log1p_days_since_last",
    "n_correct",
    "n_wrong",
    "accuracy",
    "log1p_n_reviews",
    "log1p_days_since_first"
  ],
  "scaler_mean": [
    1.749000512485858,
    3.8802542935762405,
    1.2073251731663346,
    0.7655124813351436,
    1.6431581924187209,
    2.7656218321709516
  ],
  "scaler_std": [
    0.9562076064619351,
    2.646753161514641,
    1.2560129406692346,
    0.24915130030508706,
    0.5809099716748911,
    1.185718998041464
  ],
  "weights": [
    [
      [
        -0.222024146934381,
        0.30924675104230775,
        0.38192491751735,
        -0.19111887599167707,
        -0.3270140292269442,
        -0.16572546398172905,
        -0.505763357523938,
        0.489272314397461,
        0.15238628249770447,
        -0.010907668186225948,
        -0.8327093115486021,
        0.4368233630336092,
        0.46697332535420655,
        -0.14855782621352612,
        -0.12603684171220036,
        -0.2134690594342037
      ],
      [
        -0.06829002541732729,
        0.13624258526491906,
        -0.0904210937230017,
        -0.18903628742722375,
        0.2227858689548072,
        -0.24899034024199518,
        -0.15961919027360918,
        -0.29706792330271387,
        -0.22576330493516147,
        0.45483577330128816,
        -0.1006253441652434,
        0.17698444284285436,
        -0.06546622280511773,
        -0.41977793849624434,
        0.2506060813455268,
        -0.30923210962891134
      ],
      [
        -0.6011489620524916,
        0.38502967429354906,
        0.4943672330876578,
        0.34667428202200173,
        -0.07253415844674771,
        -0.32425366324376065,
        0.1225148949642253,
        0.03732026182861352,
        -0.30349800730539916,
        -0.12589923312528484,
        -0.5626987544685493,
        0.2585119147465505,
        0.0519518761177028,
        -0.0796448375151034,
        -0.20155524343704195,
        0.19340033730776188
      ],
      [
        0.31167918048813414,
        -0.18242378652716593,
        0.45918361313504924,
        0.4462765697847041,
        0.32971875290009606,
        0.43686551022091397,
        0.26997047941841,
        0.307410384621201,
        -0.44950120055003623,
        -0.21630395083445095,
        -0.3734807103226042,
        0.004837587349332251,
        -0.2536496435558172,
        -0.08574720549069993,
        0.28917456002684394,
        -0.0663501013541989
      ],
      [
        -0.1710712733842838,
        0.14773909782511502,
        -0.34503231267179596,
        0.3798477270710059,
        -0.3279750383002834,
        0.6926203950569152,
        0.2977797298158325,
        -0.27848941645226727,
        -0.5518257849055922,
        0.4850297911210675,
        0.30788519938689957,
        0.44209787958290664,
        0.18577876716826042,
        -0.4692674591128844,
        -0.08154320021723842,
        -0.2649076898389537
      ],
      [
        0.29962029762497994,
        0.14453452830667637,
        -0.1642586282835894,
        -0.3815816761341252,
        -0.18227704393099434,
        -0.13805161676890104,
        -0.0003514464314690429,
        0.18447573744851017,
        0.29783304138183586,
        -0.041293126355400084,
        -0.29807504568941084,
        0.3313874161238807,
        0.2846077498406602,
        0.030508828237325952,
        0.40738640908434615,
        0.0025722521978221702
      ]
    ],
    [
      [
        0.5025428590278569,
        0.37976198870740824,
        0.017006487435704272,
        0.017062545300790405,
        0.47850922361112713,
        -0.4656751817066223,
        0.2596824223611826,
        0.11060610084675886
      ],
      [
        0.15859915316816864,
        0.32136983320975276,
        -0.3864031532485456,
        -0.22123474078903402,
        -0.28898555362344436,
        -0.09598232700184878,
        -0.056451667863252536,
        0.11758954429658483
      ],
      [
        -0.28155346286795985,
        0.22457535924838948,
        -0.22980897691597307,
        -0.07338007807624325,
        -0.14194955949351773,
        -1.2496629044444455e-32,
        0.18969896990048438,
        -0.0006697087645564064
      ],
      [
        0.13087226147877903,
        0.2834749471029079,
        -0.3667326441332741,
        -0.10981710896867579,
        0.5687799795736322,
        -0.19377259575184141,
        -0.20241265696523092,
        -0.0161351262849683
      ],
      [
        -0.17307445419032483,
        -0.4073279106661613,
        0.07682863170639537,
        -0.03224023239038064,
        -0.3081412056568731,
        -0.14543990113447489,
        0.35242064231094317,
        -0.1721417223661172
      ],
      [
        -0.0661473300416289,
        0.2714046786098923,
        0.2802750949359174,
        -0.03959016947931615,
        0.6481634363872851,
        -0.14744076789504548,
        -0.4522632759027625,
        0.4811945306939531
      ],
      [
        -0.0013928671611945467,
        0.24972925620918698,
        -0.024605402574757095,
        0.10587504636727105,
        0.04032474600282213,
        0.023914840276528203,
        -0.507673091497114,
        -0.12482880431308406
      ],
      [
        -0.487185292687531,
        0.07995209890172521,
        0.04889033528272253,
        0.10702930665338167,
        0.0058485655953959305,
        -0.2168946582764518,
        0.04038108510411619,
        -0.40345852393263043
      ],
      [
        0.058143548935682916,
        -0.23777398282348058,
        0.41782637632974096,
        0.1234637805019429,
        -0.11154911375429977,
        -0.20543279333157968,
        0.4961003848369332,
        0.17809721006718252
      ],
      [
        -0.04987366061918767,
        0.3679058721458012,
        0.3740653482623429,
        -0.12702915546324953,
        0.25916570149262724,
        0.12983287685867717,
        -0.013673241860476146,
        0.4980020273403097
      ],
      [
        0.44857429332219545,
        0.18420300098346146,
        -0.22136912252412086,
        -0.004716015737583304,
        0.3624489814995147,
        0.27614398932257556,
        0.3456940977656119,
        0.308332899696512
      ],
      [
        0.1373305830161524,
        -0.3371905192400435,
        -0.5160214113178742,
        0.28703587165000854,
        0.24585909895143618,
        -0.37517728545405515,
        -0.5088645734020738,
        0.07886731008407748
      ],
      [
        -0.6592798083751181,
        -0.3914490328986391,
        0.015703346487151142,
        0.15301068568238888,
        0.04564783369399907,
        -2.4463149016840215e-05,
        0.06268237155972667,
        -0.5280343866162117
      ],
      [
        -0.2782289759389365,
        0.1321373017327345,
        0.22754837913017345,
        -0.11638004459694709,
        0.14305008321553978,
        0.17837344774876157,
        -0.2922393054059812,
        -0.22911683124477386
      ],
      [
        -0.04356866992185543,
        -0.06764872637850108,
        0.47155257912272786,
        -0.11050051086279364,
        0.6953468789570876,
        0.0904973048825169,
        0.2018656103407837,
        0.14638541680788655
      ],
      [
        0.08188936561478849,
        -0.0005107499046870445,
        -0.3032861654549284,
        -0.06032866175213486,
        -0.16935792137980135,
        -0.3922837997101455,
        0.13194525955711356,
        -0.27833564551456336
      ]
    ],
    [
      [
        0.785373901106823
      ],
      [
        0.6736715715649657
      ],
      [
        -0.32716104962619724
      ],
      [
        -0.14418692001848155
      ],
      [
        1.0339367207832932
      ],
      [
        -0.15988729472062896
      ],
      [
        -0.5366637735695061
      ],
      [
        0.15933669208336249
      ]
    ]
  ],