{
  "trained_at": "2026-04-29T12:50:12.571483",
  "n_samples": 2999,
  "n_features": 6,
  "feature_names": [
    "log1p_days_since_last",
    "n_correct",
    "n_wrong",
    "accuracy",
    "log1p_n_reviews",
    "log1p_days_since_first"
  ],
  "scaler_mean": [
    1.5412710111181636,
    2.195731910636879,
    0.8136045348449483,
    0.736434543745313,
    1.2969012898903571,
    2.24504453588878
  ],
  "scaler_std": [
    0.8552324120259894,
    1.3650358592790957,
    1.0452906402050608,
    0.31343196807794177,
    0.4281720320410848,
    0.9522723794671057
  ],
  "weights": [
    [
      [
        -0.24777246585944815,
        0.31849406058261204,
        0.4459208360463376,
        -0.13807047811009543,
        -0.2899902860584121,
        -0.4474014348890652,
        -0.49461546014148877,
        0.40571400966064675,
        0.24782727494914528,
        0.28305274879488784,
        -0.7918281101966669,
        0.451833820595867,
        0.5030714964349369,
        -0.3839801680545466,
        -0.3629835374554783,
        -0.33291754719117983
      ],
      [
        0.08433375460146281,
        0.3269776131337618,
        0.06409937467261963,
        -0.1867669087776809,
        0.20595390971375502,
        -0.4162514881160455,
        0.19780997551061164,
        -0.11760341555766021,
        -0.13663590553949526,
        0.26710624855943266,
        -0.06534801941842674,
        0.18316417348583303,
        -0.05810769732825354,
        -0.5654141411520537,
        0.2380941453461906,
        -0.2333602931071105
      ],
      [
        -0.5576363908522969,
        0.31749476843322294,
        0.6303350915288592,
        0.15953490584695895,
        -0.09732232311730027,
        -0.3722358277652023,
        0.15161007603205573,
        0.008856341808461062,
        -0.3593656714320005,
        0.013462249806838767,
        -0.5726222496902178,
        0.4890187634793295,
        -0.1324135794758121,
        0.35370071867872277,
        -0.12068425984923405,
        -0.000669728599375418
      ],
      [
        0.24272231373054734,
        -0.0849967579722592,
        0.34975933548411353,
        0.4140893852673645,
        0.3502016419696202,
        0.4208268521323272,
        0.23516962008054568,
        0.34402175229614695,
        -0.5460772482105645,
        -0.30622740375148816,
        -0.30326202118081463,
        -0.10693405946215599,
        -0.18054747177543864,
        -0.27461797879980554,
        0.35094766358060525,
        -0.09196557207317244
      ],
      [
        -0.11389625374649612,
        0.19666207438442387,
        -0.22602341762463865,
        0.24496272256255255,
        -0.3434110740275783,
        0.44969788429296464,
        0.42935188722603274,
        -0.20251533194998347,
        -0.4788775012352676,
        0.34002061194290994,
        0.3526500432287832,
        0.5466066663905171,
        0.15212770347368418,
        -0.3062211253297641,
        -0.05225369903484314,
        -0.3326261366808443
      ],
      [
        0.49365846186353357,
        0.263729897254439,
        -0.014023713673781434,
        -0.5505408141523356,
        -0.1373906308157629,
        -0.2061895756307527,
        0.2300299142729675,
        0.21807538914018212,
        0.3774751062542573,
        0.0017609700833894877,
        -0.3568576327700797,
        0.211604773175181,
        0.22431032136591658,
        0.09969391278351135,
        0.29161260355604235,
        0.02746046545672997
      ]
    ],
    [
      [
        0.5465514898910138,
        0.42711638944799046,
        0.040253430198695636,
        0.04736073810135256,
        0.5486798686601517,
        -0.4435296577859084,
        0.28965168372290445,
        0.16443539592748066
      ],
      [
        0.1972554012430002,
        0.30612275276889944,
        -0.27818290843800203,
        -0.1811989200895933,
        -0.247208040916658,
        -0.1161646234528884,
        0.3886696232751639,
        0.1596482428481062
      ],
      [
        -0.4966725413209613,
        -0.019194368787536435,
        -0.10285282709877008,
        0.06994324976757738,
        -0.6450780347085137,
        -0.004419429029488317,
        0.3865462412395289,
        -0.3135251874381458
      ],
      [
        0.1617689349434595,
        0.33985116201431187,
        -0.37395246511438035,
        0.4025271784595218,
        0.7134559856238003,
        -0.47295458244631416,
        -0.13520554795185485,
        -0.030498922994189916
      ],
      [
        -0.15198061502518662,
        -0.39657172453769174,
        0.052932180800718334,
        -0.0364808173038447,
        -0.274769760293484,
        -0.22501674579375305,
        0.34499937924501606,
        -0.17532380480661722
      ],
      [
        -0.1794956202027122,
        0.1650620857233827,
        0.3357403188115257,
        -0.5102881992348643,
        0.5391282548153499,
        0.10191034074581348,
        -0.39241099030097404,
        0.40407002662690195
      ],
      [
        0.13930997675568468,
        0.39861531193130767,
        0.05819898872715288,
        -0.17904084456896815,
        -0.07122945795904059,
        0.21826030312062225,
        -0.35120591029944315,
        -0.03993467277085217
      ],
      [
        -0.4088611055201277,
        0.133819645292614,
        0.11860319948035063,
        -0.36681755424258067,
        0.10507041201600227,
        -0.21034309286772535,
        0.08620724190083098,
        -0.2787943292663081
      ],
      [
        0.10060086314663237,
        -0.21066113217855753,
        0.4761193233372506,
        -0.2561039032313554,
        -0.20122754296458165,
        -0.11201559953884824,
        0.5280644193326106,
        0.2676623707379151
      ],
      [
        -0.2089964286981758,
        0.21740382164954153,
        0.1601372475937522,
        0.17338435270296837,
        0.11180572579057911,
        -0.23147331645575028,
        -0.5216173147215968,
        0.32186910790940115
      ],
      [
        0.42774965709156054,
        0.16173065616552415,
        -0.19203022401218411,
        -0.22739358633747533,
        0.32566383638354335,
        0.3760031901611642,
        0.4394621512389519,
        0.2953277776968212
      ],
      [
        0.15410308209987034,
        -0.3777502717069919,
        -0.4946054635183717,
        0.5351505577556762,
        0.18310751406128797,
        -0.6948807102660216,
        -0.4215268746368981,
        0.09370026011028884
      ],
      [
        -0.5544475670516462,
        -0.4057960490095132,
        0.01575915688642106,
        0.4219821483602015,
        0.16084194293072912,
        -0.1324674953804197,
        0.1939883860807937,
        -0.3801527779023513
      ],
      [
        -0.3387080376125903,
        0.0768408235343212,
        0.24013627083535163,
        0.4046561728208526,
        0.14708537089869902,
        0.22432100669776142,
        -0.21328602929119553,
        -0.2949369264190691
      ],
      [
        -0.026418690526149532,
        -0.04608955893673329,
        0.3237292889509951,
        -0.3220529010717186,
        0.8044331982351759,
        -0.016919616093450537,
        0.12145195967430204,
        0.19354174718259567
      ],
      [
        0.1490668131772762,
        0.06637274506683737,
        -0.3819616027422953,
        0.1385242087755016,
        -0.10744690670190901,
        -0.47703117944989953,
        0.09930565731775075,
        -0.23815474810085652
      ]
    ],
    [
      [
        0.8581107935272909
      ],
      [
        0.7182904843877027
      ],
      [
        -0.2988198568900956
      ],
      [
        -0.4025252108917603
      ],
      [
        1.0266168166457568
      ],
      [
        -0.26844142552714706
      ],
      [
        -0.5564369944081821
      ],
      [
        0.14090169893544066
      ]
    ]
  ],