{
  "trained_at": "2026-07-13T11:57:46.937248",
  "n_samples": 10772,
  "n_features": 6,
  "feature_names": [
    "log1p_days_since_last",
    "n_correct",
    "n_wrong",
    "accuracy",
    "log1p_n_reviews",
    "log1p_days_since_first"
  ],
  "scaler_mean": [
    1.7703311342980386,
    3.975399183067211,
    1.2282770144819903,
    0.766763981345926,
    1.6574236277695316,
    2.794247277611993
  ],
  "scaler_std": [
    0.9671807500410473,
    2.7462035500510447,
    1.2775616026152288,
    0.2474556334417825,
    0.5886710825996222,
    1.1975237073433658
  ],
  "weights": [
    [
      [
        -0.21201847577431718,
        0.33014116753729944,
        0.6304204562456411,
        -0.21258477155361405,
        -0.27659561978302266,
        -0.15671350527006084,
        -0.4358204748082401,
        0.47526972143680546,
        0.1752384732582032,
        0.07651485350664342,
        -0.8379072500106312,
        0.4224030807347019,
        0.4234747255377108,
        0.0040251988346266185,
        -0.137861962269563,
        -0.14321392810747383
      ],
      [
        -0.0913310497110484,
        0.10051100421389705,
        0.00820656964967601,
        -0.17178160792487304,
        0.21422643245162537,
        -0.27261786664194365,
        -0.168809292352834,
        -0.27748108391505266,
        -0.20511713392081224,
        0.4149964517104278,
        -0.14557024646197572,
        0.2886167251042269,
        -0.044812678479477744,
        -0.4620841494488832,
        0.24010176809903677,
        -0.3858461023677669
      ],
      [
        -0.6077476846643438,
        0.48307604194517034,
        0.5891977570407891,
        0.36447086203450524,
        -0.09326110973258715,
        -0.3779136016654318,
        0.24392134501176332,
        0.022286395877305624,
        -0.287866170842145,
        -0.08809954835548847,
        -0.6256743944246362,
        0.23533818276234947,
        -0.020490155815681248,
        -0.08074220187241536,
        -0.21386311274666928,
        0.24170850975310937
      ],
      [
        0.31509185584547983,
        -0.17648634479378167,
        0.2604494546702372,
        0.4756738639790682,
        0.34809463985369865,
        0.4522125768458787,
        0.09760991309228097,
        0.32555944799892744,
        -0.4033071214674137,
        -0.14690231538618578,
        -0.3589891881153289,
        0.06966471478794624,
        -0.3016765887340305,
        -0.0802092608279154,
        0.2590205678513101,
        -0.04820468010327525
      ],
      [
        -0.16165705854638954,
        0.14283364456391226,
        -0.2850506965281496,
        0.3924681550945954,
        -0.3390374535247411,
        0.6881472897322289,
        0.3879625955915885,
        -0.29011218362235247,
        -0.5518986639224943,
        0.44692914409576795,
        0.2785799048384297,
        0.5629162645493944,
        0.20240127157884538,
        -0.4462180280674673,
        -0.05078082196008501,
        -0.304647057649097
      ],
      [
        0.27843294748027386,
        0.015573639933543357,
        -0.14601001586042622,
        -0.3879636285828581,
        -0.20601228584742115,
        -0.15167547474310308,
        0.15067105799132785,
        0.19434480113445574,
        0.3300168364078073,
        -0.11263002835676056,
        -0.25078872522963674,
        0.37296821583107437,
        0.34259052435481824,
        0.0328175400617231,
        0.4439462434143422,
        -0.06131799703832844
      ]
    ],
    [
      [
        0.49330731875134265,
        0.3977931986759067,
        0.028050362602258176,
        -0.003973255949154079,
        0.4756044734413742,
        -0.4455888322785519,
        0.276557865948161,
        0.10386555153131655
      ],
      [
        0.22422057334876908,
        0.3048875174903576,
        -0.38748286700739043,
        -0.11912517073142911,
        -0.2747680886928113,
        0.03972196171938769,
        0.061105789844126374,
        0.14835898259889174
      ],
      [
        -0.6596704727434364,
        0.1570201733979123,
        0.06598582772386512,
        -8.692728616399476e-18,
        -0.7376461594539879,
        0.005937339503098732,
        0.052743410032023756,
        -0.4445440162036656
      ],
      [
        0.2403060338954318,
        0.4004068268303224,
        -0.2487675323487561,
        3.732805871092621e-09,
        0.6907184486960529,
        -0.06107842970175986,
        -0.17474633321586494,
        0.06580552726650281
      ],
      [
        -0.15343002931464966,
        -0.38673032959970416,
        0.0523232429340854,
        -2.574858816908368e-10,
        -0.2823144929332285,
        -0.08551345612621752,
        0.33154265754658435,
        -0.15509620282849143
      ],
      [
        -0.0715601845673227,
        0.278150220641597,
        0.3162594036571402,
        -0.0015158743517081966,
        0.6679947522530669,
        -0.14015897919860662,
        -0.45089687760936625,
        0.47069085925084514
      ],
      [
        -0.001905252707479208,
        0.2372825364461551,
        0.049799829651770475,
        0.00011278181083633199,
        -0.014858763829475999,
        0.09199713639484149,
        -0.49622824644328745,
        -0.12306550666200185
      ],
      [
        -0.4740977933973455,
        0.13453948079873385,
        0.08341843306126087,
        -0.002911646734210888,
        -0.0011057762399246133,
        -0.24911469779059908,
        0.04501735452610112,
        -0.40552126987847065
      ],
      [
        0.061951447567551894,
        -0.19451967435606798,
        0.4134130429689184,
        -0.00040973547033174923,
        -0.10433643035940286,
        -0.26271269406481307,
        0.48490803024304313,
        0.1592456893482007
      ],
      [
        -0.053110358867453245,
        0.2667046526076931,
        0.31324450188326547,
        -0.01280508785082151,
        0.27703387218638814,
        0.10021740112437513,
        -0.0010404773422761386,
        0.4719996873867605
      ],
      [
        0.4493394320654103,
        0.18536012648577124,
        -0.22075314369762747,
        -0.004269768067328797,
        0.3752915513333236,
        0.24859532917834498,
        0.334244922641253,
        0.3058156550180919
      ],
      [
        0.19084911604315052,
        -0.3783084774928281,
        -0.4250155283750421,
        0.10160550867597878,
        0.2753042497927257,
        -0.3133673593656466,
        -0.5982075590591343,
        0.10125084526459835
      ],
      [
        -0.5707328259531118,
        -0.51215308553199,
        0.14515689520392258,
        -0.001991455512318413,
        0.07061895199057158,
        0.057465347023959584,
        0.034282732778025196,
        -0.47825825724143123
      ],
      [
        -0.30199966684371105,
        0.10716648192605054,
        0.24522399621589172,
        0.0005360261323706861,
        0.13143015963098106,
        0.1578172448620441,
        -0.2669208652162509,
        -0.2512397316664629
      ],
      [
        -0.07142579955497605,
        -0.3742830865993854,
        0.4939247678059544,
        -0.0019732608936771905,
        0.6787995497994189,
        0.0731856996390644,
        0.22208186678071057,
        0.11940299440207566
      ],
      [
        0.03696185602156827,
        -0.045405044208605354,
        -0.28165822387247647,
        0.000142440659700849,
        -0.20501902023005963,
        -0.37104541326217083,
        0.16781319688215118,
        -0.3190275697925741
      ]
    ],
    [
      [
        0.80135196010491
      ],
      [
        0.6733860063769068
      ],
      [
        -0.31818362882319995
      ],
      [
        -0.02319997337633012
      ],
      [
        1.1250402131154418
      ],
      [
        -0.1409914454805068
      ],
      [
        -0.5416980239818464
      ],
      [
        0.17336099119922646
      ]
    ]
  ],