{
  "trained_at": "2026-05-03T21:08:09.852432",
  "n_samples": 3577,
  "n_features": 6,
  "feature_names": [
    "log1p_days_since_last",
    "n_correct",
    "n_wrong",
    "accuracy",
    "log1p_n_reviews",
    "log1p_days_since_first"
  ],
  "scaler_mean": [
    1.6020620285649367,
    2.4489795918367347,
    0.9192060385798155,
    0.7364385865148477,
    1.3678715046436274,
    2.3789800490472395
  ],
  "scaler_std": [
    0.9079786002822269,
    1.5283125021213297,
    1.1210805105274821,
    0.30032122634945013,
    0.46306682813712835,
    1.0114545052449277
  ],
  "weights": [
    [
      [
        -0.29767897766185625,
        0.2948140651679502,
        0.46514973741116034,
        -0.18094400558361146,
        -0.29078120311905187,
        -0.47891769830653935,
        -0.47877015973645654,
        0.39152723930329875,
        0.2505143988303549,
        0.39223546000587345,
        -0.8284212390279858,
        0.5115036684833115,
        0.3809975728177753,
        -0.3701873198569071,
        -0.31481638362782594,
        -0.2930598692471929
      ],
      [
        0.058172428011556254,
        0.3194623849778771,
        0.0011359041909607779,
        -0.17646552163317047,
        0.20871592358236704,
        -0.39446436849490496,
        -0.01441596103112404,
        -0.16776269534413302,
        -0.20644865096077267,
        0.19318036169799538,
        -0.07758818132638473,
        0.12824671012123254,
        -0.05341373581420519,
        -0.6056414262671986,
        0.2670222304045842,
        -0.22311758713653723
      ],
      [
        -0.620606989484643,
        0.3491556321096063,
        0.6593787077326002,
        0.18752490653583462,
        -0.0861654993701839,
        -0.39737224617472905,
        0.16718466694304204,
        0.0026098352380833348,
        -0.3122246630486741,
        0.02801507054391131,
        -0.5878831269205391,
        0.4646639119608756,
        -0.10320151131012839,
        0.3214604521762988,
        -0.14995080962767365,
        -0.01874832839767014
      ],
      [
        0.2685385707680537,
        -0.11039951726714277,
        0.3433816686011776,
        0.3283771675391589,
        0.3392053369819629,
        0.3949934667241297,
        0.14525417272913577,
        0.35933490740702423,
        -0.5458264581504103,
        -0.2902137613836212,
        -0.3207072227218734,
        -0.12314174115054344,
        -0.25416803172910335,
        -0.2621155399334012,
        0.33100258245557346,
        -0.0742064609186906
      ],
      [
        -0.14235376235035582,
        0.198537997259607,
        -0.2441652370711918,
        0.24854088659561188,
        -0.33928080768939595,
        0.4666899377017573,
        0.39640007797185367,
        -0.2463849789038129,
        -0.5281272294524978,
        0.3099747762074618,
        0.31282228906644144,
        0.4835287361128137,
        0.2359660505166346,
        -0.3622026043811154,
        -0.03881995476781224,
        -0.35054577545215254
      ],
      [
        0.4188361720180254,
        0.22753399078669387,
        -0.009511361134586664,
        -0.5428040433367055,
        -0.13065680438937027,
        -0.24445374702624978,
        0.1867028945175842,
        0.16601682947824836,
        0.3332975792746119,
        0.046405091678995376,
        -0.32607766700870766,
        0.19843448519143683,
        0.1955232346652377,
        0.03353169586979942,
        0.29754996169776526,
        0.07007592264421779
      ]
    ],
    [
      [
        0.5567802022426436,
        0.43593470041567667,
        0.04200755304865769,
        0.09616484159001439,
        0.5642687685856763,
        -0.4884521088791563,
        0.2833667961254216,
        0.1724860978773184
      ],
      [
        0.204583136654004,
        0.32041145043675334,
        -0.21462875321163905,
        -0.18720518028809996,
        -0.23719036213027525,
        -0.20736024082620985,
        0.3606189014186312,
        0.18165476058650729
      ],
      [
        -0.546522974482662,
        -0.02413528725819735,
        -0.10557146303639371,
        0.029506806203659728,
        -0.6046246034694336,
        -0.014174914461529435,
        0.3803362488931415,
        -0.319657962507133
      ],
      [
        0.11426455059088209,
        0.2920701940368798,
        -0.32181099095205445,
        0.5064151052411544,
        0.6166638803880878,
        -0.44049111839093286,
        -0.11743829460857969,
        -0.07508197769781468
      ],
      [
        -0.14926494965868606,
        -0.3949018260784331,
        0.0509886911755562,
        -0.04154878608610685,
        -0.2657844236716748,
        -0.27914815443809043,
        0.34352694518331195,
        -0.17654226556499666
      ],
      [
        -0.19285098367588638,
        0.15152814022319744,
        0.34568498049521956,
        -0.36315181644339684,
        0.5060344057593195,
        0.08254519617122462,
        -0.3982038762720448,
        0.3895584796079619
      ],
      [
        0.07548415492328316,
        0.34176733297272877,
        0.01629234649312874,
        -0.0769470634499218,
        -0.10776991054979161,
        0.08507334717425731,
        -0.2980384545894513,
        -0.08893919100311087
      ],
      [
        -0.43036143073883426,
        0.11093577462248887,
        0.11844685151542407,
        -0.30574862977808565,
        0.06340332461661517,
        -0.2304811313555868,
        0.09260518598516924,
        -0.29914809426615524
      ],
      [
        0.0736322935231188,
        -0.23607253674839115,
        0.4819845028660509,
        -0.1994256495235138,
        -0.18480249444083108,
        -0.13876573462719158,
        0.5193901983452455,
        0.24270938057828825
      ],
      [
        -0.24345287649845904,
        0.19566254356552049,
        0.2247180996933353,
        0.17247234058304556,
        0.0966736277024805,
        -0.22755637900718936,
        -0.48956948977781595,
        0.31305097987907904
      ],
      [
        0.43201699820389344,
        0.16552653360661096,
        -0.1874886148084442,
        -0.24880487348351946,
        0.3325563252025677,
        0.3637795265203696,
        0.4127847275909141,
        0.2983218133239189
      ],
      [
        0.15198362770017418,
        -0.3584818780895839,
        -0.4713963631899122,
        0.5438974277011549,
        0.1996646589234464,
        -0.7632367922107024,
        -0.4425463336829947,
        0.11299982861127596
      ],
      [
        -0.4940172186592211,
        -0.3110619692942687,
        -0.025731046091416757,
        0.3419044603955671,
        0.17867495607881065,
        -0.1464532247365512,
        0.13795465864305265,
        -0.3169106123988294
      ],
      [
        -0.3424489231782631,
        0.07399078390160177,
        0.2614952713130054,
        0.407540301725675,
        0.14341645546432885,
        0.221275284140388,
        -0.232793579425148,
        -0.29709986403563765
      ],
      [
        -0.04705881940533739,
        -0.06707417288439246,
        0.3793099672863335,
        -0.3327816814169192,
        0.7211993339264011,
        -0.0475473505480083,
        0.18288791907227886,
        0.1793267695020726
      ],
      [
        0.14953520796491276,
        0.06561529014120115,
        -0.38020530893516713,
        0.10545657564263104,
        -0.09959515044371828,
        -0.48848377408536653,
        0.08087498839692875,
        -0.24219045824383106
      ]
    ],
    [
      [
        0.8609005420870702
      ],
      [
        0.702281557576563
      ],
      [
        -0.3036376551929389
      ],
      [
        -0.34811526474331467
      ],
      [
        1.0020687729058761
      ],
      [
        -0.26117332025645446
      ],
      [
        -0.5411325538795426
      ],
      [
        0.13369800512076307
      ]
    ]
  ],