{
  "trained_at": "2026-03-21T08:08:32.109485",
  "n_samples": 524,
  "n_features": 6,
  "feature_names": [
    "log1p_days_since_last",
    "n_correct",
    "n_wrong",
    "accuracy",
    "log1p_n_reviews",
    "log1p_days_since_first"
  ],
  "scaler_mean": [
    1.3586084906980072,
    1.4770992366412214,
    0.6068702290076335,
    0.7165076335877859,
    1.0591468908262747,
    1.7514005115715818
  ],
  "scaler_std": [
    0.614657374496064,
    1.0901407490537678,
    0.8346220829377969,
    0.37416924681191305,
    0.3591460384123283,
    0.7089236929566071
  ],
  "weights": [
    [
      [
        -0.3661010791341757,
        0.49998322807635726,
        0.3086289507977267,
        -0.16665063764980426,
        -0.2882679642488755,
        -0.35403131482514666,
        -0.1809959966332678,
        0.4332173008774115,
        0.13832922241138376,
        -0.19190435891783336,
        -0.7385944770666569,
        0.43067412050001885,
        0.37837769140744126,
        -0.11965949209944787,
        -0.26948346785004623,
        -0.4431088353761064
      ],
      [
        -0.1135009474606896,
        0.20849763936302768,
        -0.09502751556880873,
        0.013490673570174617,
        0.19501519986260152,
        -0.4217134693917481,
        -0.4602261607717492,
        -0.14910644914378796,
        0.0817321930219038,
        0.404804344174044,
        -0.016589334240888404,
        0.15162195048862812,
        -0.01485231626580307,
        -0.6875700223906318,
        -0.03523721400574053,
        -0.30189302610163715
      ],
      [
        -0.5643360808870181,
        0.3162612659295528,
        0.44031122934161165,
        0.2975259621304975,
        -0.09087359163121593,
        -0.30240948427326897,
        0.4856172694157252,
        0.02572621952497804,
        -0.2743001579403097,
        0.056941645740649104,
        -0.4913891425679453,
        0.2689250631261088,
        -0.16729607977435343,
        0.3187662223694629,
        -0.16108300845864415,
        -0.023586021155347334
      ],
      [
        0.17258458523294365,
        -0.13417120489055875,
        0.49475188977817,
        0.3969418981764236,
        0.34955397715406183,
        0.3619543591171823,
        -0.15548427162354667,
        0.3420987576997965,
        -0.4800104851949324,
        -0.2637143159258284,
        -0.34044643137092595,
        -0.04211461597573025,
        -0.22829918663940882,
        -0.3860277797158872,
        0.3078933252359178,
        -0.1662122604543445
      ],
      [
        -0.2856648808463252,
        0.17230776508913825,
        -0.40576003669173366,
        0.5665043113492966,
        -0.33951308569509775,
        0.6514083094968203,
        0.1896255078146083,
        -0.23017948403395913,
        -0.3623814008949468,
        0.551720846783802,
        0.6205618924214701,
        0.3087386966748233,
        0.16004624448460758,
        -0.5003682186917665,
        -0.14314393136837092,
        -0.4108828418527303
      ],
      [
        0.41892033391532896,
        0.14347821055852195,
        -0.036506699147498475,
        -0.49513254890763636,
        -0.11563306853057137,
        -0.017878927607452126,
        0.3289697249601941,
        0.1978894777300487,
        0.3131924234825524,
        -0.07183738315526152,
        -0.4024381828489166,
        0.3384246074510413,
        0.20974346789582246,
        0.23173644457026343,
        0.36305094167222846,
        -0.08219683424991006
      ]
    ],
    [
      [
        0.5582340174285699,
        0.43840697219144836,
        0.019014461149364986,
        0.38769816798335033,
        0.5697745590438484,
        -0.32973704514156255,
        0.27436038085347775,
        0.19124923569063862
      ],
      [
        0.08005758322038328,
        0.2533634984490256,
        -0.07262246479598819,
        -0.32407664819747045,
        -0.3440990910824666,
        -0.11414588374604384,
        0.40601685134256416,
        0.12753268640865384
      ],
      [
        -0.5722207633607223,
        -0.08102266322211109,
        0.026189922339333045,
        -0.33031436871787845,
        -0.5335628536710059,
        -3.519638704813811e-07,
        0.5326358074064357,
        -0.2545187570189702
      ],
      [
        0.2749858090190999,
        0.4901796116924268,
        -0.4548811721031115,
        0.24991688622762562,
        0.7854995169272683,
        -0.5143560223578967,
        -0.07330439760123364,
        0.06436022985772132
      ],
      [
        -0.15295546115936431,
        -0.3991905132127174,
        0.05406184390853919,
        0.03709249884869959,
        -0.3560799437492697,
        -0.26573943712869996,
        0.34690613861823333,
        -0.1903170751861868
      ],
      [
        -0.21497205414360304,
        0.131457122081372,
        0.3762407598608137,
        -0.4725918089838477,
        0.522096791017344,
        0.18139931413654375,
        -0.3592702445730167,
        0.3997085978897357
      ],
      [
        -0.3140282634195192,
        0.017113341727462535,
        0.006447378671548062,
        0.23847842730942814,
        -0.4906850595861933,
        0.2376701821236313,
        -0.21793904124489824,
        -0.46876722829830075
      ],
      [
        -0.4109091805054907,
        0.1564089713423302,
        0.1408405366624822,
        -0.48904041198797077,
        0.12156838372822368,
        -0.276553648181955,
        0.0708710460563657,
        -0.2853897615831438
      ],
      [
        0.18387264700058745,
        -0.11005584394298086,
        0.454207607998407,
        -0.15345550031316837,
        -0.0075219935730428625,
        -0.2635679924536728,
        0.3328283993508818,
        0.34727462368138956
      ],
      [
        -0.04204815961396241,
        0.40107156095576824,
        0.058321762995356824,
        -0.14042686562150422,
        0.2606429256678317,
        -0.5968298648266137,
        -0.5389186174757615,
        0.5794505379509802
      ],
      [
        0.48192377489779886,
        0.1905760961942156,
        -0.18235616341557287,
        -0.062239731938476435,
        0.33333298173838144,
        0.39541881898528447,
        0.430922068478243,
        0.3603837976349963
      ],
      [
        0.07282048434163554,
        -0.40829019825256624,
        -0.3304690973248887,
        0.3881898108821843,
        0.28101839966811665,
        -0.419947729530086,
        -0.470479626748654,
        0.11488010351160124
      ],
      [
        -0.49214157106321144,
        -0.28590555170211707,
        0.058981470542856455,
        0.09716407604441163,
        0.1425544308895275,
        -0.2756503176036952,
        0.1604256320530918,
        -0.2815086185651139
      ],
      [
        -0.3190480503442832,
        0.09384388162660212,
        0.282143199226248,
        0.5172519354948544,
        0.009631650720810094,
        0.19281370696794353,
        -0.3055630536134025,
        -0.2538392620103704
      ],
      [
        -0.062475818456732134,
        -0.08642936043374719,
        0.3411576895681408,
        -0.23726011597248198,
        0.7325793005651424,
        0.04360577494198985,
        0.19678959081862188,
        0.2041198108151152
      ],
      [
        -0.004568109767648987,
        -0.12394353953016479,
        -0.19787603728041867,
        0.38059213951884396,
        -0.39093743040859535,
        -0.35723306093796203,
        0.23879509782919478,
        -0.40963501908794364
      ]
    ],
    [
      [
        0.9043242021847886
      ],
      [
        0.7411552332054833
      ],
      [
        -0.2674268727476541
      ],
      [
        -0.34972069253631877
      ],
      [
        1.1713294288106
      ],
      [
        -0.2354997531685164
      ],
      [
        -0.51721756921279
      ],
      [
        0.22409774254052006
      ]
    ]
  ],